Categoria,Preco,Demanda
Categoria_1,53.84874358278874,90.37252543261239
Categoria_1,28.67260910825662,148.908621428341
Categoria_1,24.393059340223846,162.67562348861355
Categoria_1,52.8031739957178,112.7450584932035
Categoria_1,22.75402499568598,160.5882409993515
Categoria_1,29.870661669253913,137.084342486287
Categoria_1,35.1523111030075,103.51269555162811
Categoria_1,34.58352646045482,140.36131242715643
Categoria_1,48.59754532693316,103.36702675068828
Categoria_1,37.86747253062046,116.79489914988291
Categoria_1,41.788490738524374,111.09476374671334
Categoria_1,44.330778223363104,119.45445371768102
Categoria_1,47.7479231093166,109.96488929039452
Categoria_1,29.307677884700475,138.74455222605252
Categoria_1,24.697620101096625,152.7481025676387
Categoria_1,26.123417755117327,163.19286460397743
Categoria_1,51.76118032947673,93.6052103496039
Categoria_1,43.497800137963054,113.10184373059306
Categoria_1,23.3573798299766,161.62187018548784
Categoria_1,50.81223395255812,108.82262829671888
Categoria_1,35.478763422636476,156.73536008480926
Categoria_1,29.934036780166167,154.09940749314094
Categoria_1,64.23350238017312,93.90849001101205
Categoria_1,62.14814739767165,102.29366600527254
Categoria_1,25.722189669856885,144.99922822368967
Categoria_1,33.71459454074433,116.94981404330883
Categoria_1,58.07727050504338,83.715367911295
Categoria_1,45.574797173281766,102.8831197269354
Categoria_1,28.013907435225743,153.49757162485264
Categoria_1,53.71819585081974,110.51029608537829
Categoria_1,55.56546067299883,97.6080266795324
Categoria_1,26.918780962657287,144.8603322040305
Categoria_1,59.579356980338204,80.68678331011482
Categoria_1,24.63235253727981,169.98839004191979
Categoria_1,35.44691058142109,140.8158857220758
Categoria_1,49.721056660089936,97.26257140970326
Categoria_1,60.633141718163444,84.43119125638114
Categoria_1,53.02924408399988,101.63050784036261
Categoria_1,55.10716286166452,115.10896632767609
Categoria_1,43.43742483315131,118.19269754162087
Categoria_1,44.70223108574477,108.94872409630669
Categoria_1,26.5700897280459,151.62133988894027
Categoria_1,23.228031389813328,150.2521268372239
Categoria_1,44.083223699778515,124.26746184391929
Categoria_1,61.5227750379467,88.67604782096711
Categoria_1,54.87839592382742,85.44349139725007
Categoria_1,31.85475529162371,135.05667534209212
Categoria_1,28.90106382866692,140.78870186800665
Categoria_1,62.49009809960216,98.19662660741015
Categoria_1,59.94463702178154,107.01481572621641
Categoria_1,56.981695284771554,111.96880346445346
Categoria_1,61.021211124795194,96.21850321219463
Categoria_1,35.753795435735206,125.81568281918796
Categoria_1,40.52259340653798,115.80214451323913
Categoria_1,57.60859429563197,71.08336890032439
Categoria_1,31.562329168595745,141.36147680761675
Categoria_1,27.09345402488377,155.0646245711606
Categoria_1,35.98105647971714,126.25536181424287
Categoria_1,44.529922666784145,103.75514151963536
Categoria_1,64.32955008338507,105.68307179520727
Categoria_1,63.921539478427114,91.79324619045737
Categoria_1,35.00527825886199,113.21537589216634
Categoria_1,34.30428762740703,132.49137836921958
Categoria_1,43.82570707961918,109.89989186637962
Categoria_1,24.10437004564684,165.75897173480362
Categoria_1,32.325222764954646,133.4385662357428
Categoria_1,28.18745890425135,150.55202230790488
Categoria_1,32.43420497760563,135.6925371746627
Categoria_1,51.23241632481424,96.68100278141503
Categoria_1,53.68363023226095,109.4017721857073
Categoria_1,37.92959511680904,138.1542136302631
Categoria_1,45.272272435268036,126.04003026794634
Categoria_1,25.800745757294518,149.88456821881869
Categoria_1,30.006770306845354,151.19676435995302
Categoria_1,23.63653013643349,179.86856065166108
Categoria_1,22.57933630503518,175.87055440131365
Categoria_1,44.23718147359311,120.10585138294987
Categoria_1,29.475619712008,131.19904483391198
Categoria_1,52.054233958208265,109.69035706763053
Categoria_1,27.865154758391007,146.51890821337534
Categoria_1,36.761841707781905,122.7821391770028
Categoria_1,50.70129108198352,110.62207117576595
Categoria_1,57.57395234906946,111.30770661986341
Categoria_1,32.425332977098414,161.1792845864358
Categoria_1,25.923697980903896,139.9966259025279
Categoria_1,37.117770696283586,137.56006947467282
Categoria_1,53.58481949861166,107.95433041390004
Categoria_1,25.531946322097067,167.922975485102
Categoria_1,28.91887188983032,147.26899935829042
Categoria_1,22.25629569679601,176.9966852968671
Categoria_1,26.289485512011836,154.90874678125633
Categoria_1,52.09608318669491,91.26860697399636
Categoria_1,50.35062622877554,112.82518174059607
Categoria_1,32.2241333515725,126.7286304464137
Categoria_1,36.077074075656114,135.42024367220253
Categoria_1,58.97268079157377,109.01641723503865
Categoria_1,50.597651246530305,96.50789645250259
Categoria_1,37.92665223091967,125.56630570678584
Categoria_1,33.44593239285895,142.18060487964544
Categoria_1,49.440497847219774,104.1943123389385
Categoria_1,56.59440319162225,125.97972658496136
Categoria_1,43.381569488281116,115.83335600881776
Categoria_1,30.388105092971195,131.3097816157595
Categoria_1,22.91712245858712,175.48813029671936
Categoria_1,50.06700264516054,104.58137543336564
Categoria_1,64.10544451137727,99.23062853403289
Categoria_1,63.97279578586698,87.4118288815654
Categoria_1,38.68639204760787,130.473453313386
Categoria_1,59.05630677277438,86.99374229334173
Categoria_1,46.191314964110894,105.70136469687473
Categoria_1,62.77232992337255,99.2422099506855
Categoria_1,26.101754883185624,171.4210482543466
Categoria_1,48.735416795313455,118.04683712440743
Categoria_1,54.23227247755842,101.59237907193526
Categoria_1,52.31989502046051,93.59289165342115
Categoria_1,34.68679697268582,144.4539210882573
Categoria_1,57.230357005618956,101.04944179904419
Categoria_1,61.77078113186189,96.37545179865795
Categoria_1,44.204371192437094,128.03693888800873
Categoria_1,50.26332576510924,105.65834224132432
Categoria_1,52.536302307859444,105.2617824021918
Categoria_1,36.62760407617732,128.37695629753458
Categoria_1,38.270514409223466,125.1166898163893
Categoria_1,23.425292201051594,155.08417987972948
Categoria_1,42.204947863634445,98.83833954969305
Categoria_1,47.67880632074571,112.40618753473848
Categoria_1,23.18742889885593,155.67362581611312
Categoria_1,44.6808326906138,109.6179741448195
Categoria_1,55.50965379915052,105.23295205420253
Categoria_1,25.58472446945682,142.8590663411919
Categoria_1,24.113241578802782,184.83779565207303
Categoria_1,49.715480758873454,124.68562715665995
Categoria_1,53.59074878374524,101.92289174149406
Categoria_1,35.97028409575831,132.35869588292562
Categoria_1,56.61078916631905,94.17413087309154
Categoria_1,25.283524776857938,139.93741596252968
Categoria_1,22.962351122938387,157.8107251324787
Categoria_1,29.42875931998144,160.17182964455554
Categoria_1,28.691951144716437,148.84088273665407
Categoria_1,53.08830033856492,86.20088705202792
Categoria_1,50.71061546978047,108.8227282538508
Categoria_1,48.59176930011588,124.16834099585468
Categoria_1,40.19444112491507,112.73185778720931
Categoria_1,54.97870595809527,87.4896645597032
Categoria_1,22.483424739210395,165.16956690851208
Categoria_1,26.13050058882155,172.4146083151981
Categoria_1,43.342152245715404,102.00623580726719
Categoria_1,40.81735818460537,117.93324703804991
Categoria_1,39.272393644523646,137.07945747083394
Categoria_1,23.834480674237284,175.25775609112512
Categoria_1,38.22810228274881,124.13014886443818
Categoria_1,59.290286381935495,119.51598635380853
Categoria_1,50.64488886067121,103.1034140671148
Categoria_1,47.457742185390074,109.7327780286024
Categoria_1,62.95046293542781,73.81665668586297
Categoria_1,49.97153965352048,118.74408406580827
Categoria_1,41.883902539062085,124.10444735445807
Categoria_1,38.730315232565445,123.3327953729715
Categoria_1,63.866609507231956,87.15982087323209
Categoria_1,35.796286994236326,130.37048168221938
Categoria_1,58.78263140217903,90.28877832159242
Categoria_1,52.30771886665053,99.64187063391223
Categoria_1,49.34452338823242,110.32933223822441
Categoria_1,56.973340536193554,104.07159220900351
Categoria_1,34.18164468353738,137.25578932077943
Categoria_1,57.11993086298472,91.01236646207136
Categoria_1,65.14790899248507,73.10429195440963
Categoria_1,55.790237188735894,87.24329360565135
Categoria_1,36.75035461295854,141.90085196813817
Categoria_1,54.83432608513781,96.04515127966955
Categoria_1,26.36170638457354,153.04092045079798
Categoria_1,57.97761299125426,106.58732714278685
Categoria_1,35.843228763072496,125.80579283352907
Categoria_1,22.328004037545448,176.7515805751035
Categoria_1,61.427293686853744,91.39365569356492
Categoria_1,63.380194003280444,86.29787581762236
Categoria_1,63.40402305870988,111.53206065762326
Categoria_1,41.455236086763975,128.5824667719887
Categoria_1,34.67014082023276,142.71911966682674
Categoria_1,54.739550753106656,88.5734953377793
Categoria_1,56.45312560566428,91.78563327615974
Categoria_1,45.873449331971784,111.18295804599279
Categoria_1,41.1529901431859,115.33559368196885
Categoria_1,26.97114199453852,158.96481544094243
Categoria_1,28.10427311178248,153.5420491789221
Categoria_1,26.274237031346605,166.79023358086167
Categoria_1,25.530496993517776,151.42430796120794
Categoria_1,57.77666672646082,99.51024786446848
Categoria_1,52.723171912176085,114.27280704611034
Categoria_1,63.257224649591,87.75808483378769
Categoria_1,64.95104199286598,84.49690041211352
Categoria_1,25.504005667172343,169.45128937788238
Categoria_1,55.82231735020479,79.04543029555816
Categoria_1,61.46979631908763,109.76703367058607
Categoria_1,26.714592812655432,148.7336001247759
Categoria_1,42.33881089771309,116.46572784824782
Categoria_1,24.315243305833093,172.8900608903012
Categoria_1,47.35254359412255,116.97151461554094
Categoria_1,63.90953069203595,77.5325733638284
Categoria_1,59.819566493277556,87.10604555884086
Categoria_1,31.627368807282473,138.43998915446576
Categoria_1,65.25541705680361,100.72999426482427
Categoria_1,25.079850666872403,162.09378435497126
Categoria_1,44.71818537501861,113.45548710619423
Categoria_1,49.36444539514338,102.36505296052529
Categoria_1,49.28399715981965,125.38405728491156
Categoria_1,47.39387213223267,108.09887032642139
Categoria_1,48.959439645500694,116.95318219480542
Categoria_1,33.97825148952243,130.61319484904627
Categoria_1,37.29884032157908,111.7517640150132
Categoria_1,47.3651031215154,90.11918928887891
Categoria_1,57.42415505105971,101.43975033946006
Categoria_1,51.782953600884255,111.21530611862913
Categoria_1,40.13512739778082,134.9076410361363
Categoria_1,62.62257151236736,92.332848348152
Categoria_1,57.282465331833436,95.13156163670553
Categoria_1,65.00677333407126,94.04909795207551
Categoria_1,38.502515518382616,112.06547322791917
Categoria_1,64.2479161709098,94.46664783458746
Categoria_1,42.34023220561088,119.29634175781578
Categoria_1,39.985489485025724,119.31260364836452
Categoria_1,59.65011905221057,95.14824693674717
Categoria_1,57.38507909079691,113.0155407606648
Categoria_1,63.14870283473278,95.74771807533187
Categoria_1,58.99121237634565,93.18491551914508
Categoria_1,27.499683942744973,133.26371846827018
Categoria_1,63.554550282952256,78.59730509966803
Categoria_1,51.21340906724007,109.81152541841647
Categoria_1,48.871831970671295,99.02139786888327
Categoria_1,51.20783670834203,101.42448654929467
Categoria_1,44.59623208920267,114.23770493002557
Categoria_1,59.10197478811139,111.7241437838575
Categoria_1,45.97738650473029,121.39249070542829
Categoria_1,39.4899808700212,122.9245185102667
Categoria_1,27.71192479585107,163.48826255886607
Categoria_1,31.16267297578029,147.6968573160796
Categoria_1,27.814913084628316,130.9730533524616
Categoria_1,40.97572640424434,133.16367194134864
Categoria_1,61.37382573339962,96.1524476125924
Categoria_1,56.106689802987276,77.41802532750492
Categoria_1,39.186639445024525,131.61696935353837
Categoria_1,63.3565326356557,95.75563797382172
Categoria_1,28.282682869802837,146.72207464070337
Categoria_1,33.14180878078496,142.05909071141318
Categoria_1,41.92249137428361,117.11202409064724
Categoria_1,36.223581497957454,131.4549334299863
Categoria_1,49.53937670414124,105.23898885264654
Categoria_1,27.48745893976647,148.54001092990123
Categoria_1,27.451011074412925,138.39426192141508
Categoria_1,36.962942065368765,130.8313355984103
Categoria_1,61.051680833633576,114.98683582988517
Categoria_1,29.38616751371347,140.48459368895146
Categoria_1,30.258991212405824,133.12978602395276
Categoria_1,25.73136986389055,149.46806793987466
Categoria_1,27.127131674071993,136.08708517659602
Categoria_1,37.776034893063326,122.47611605398728
Categoria_1,43.85797485770125,113.15824910172388
Categoria_1,56.795423260590674,98.85633164432012
Categoria_1,49.29895902842108,115.27932863224973
Categoria_1,54.55969685481665,94.52654455495626
Categoria_1,29.919462748456752,136.72995165178042
Categoria_1,43.03213188123669,103.14971273497152
Categoria_1,48.877362468055814,101.02811854828316
Categoria_1,54.525221589789886,78.8454296817968
Categoria_1,23.45767718236847,172.02778909643402
Categoria_1,60.98255250923348,84.61797563822797
Categoria_1,44.219015467624416,103.91908445296309
Categoria_1,41.41007831031114,118.79881232967713
Categoria_1,45.1342660977215,104.20833914589747
Categoria_1,38.34487195513652,114.28357420347568
Categoria_1,22.731589518005645,155.87863217559317
Categoria_1,36.168759618532604,120.99081908711618
Categoria_1,27.08894174397345,152.73187942464907
Categoria_1,51.53692423854691,113.1854128550146
Categoria_1,56.347883789106845,90.14319842301492
Categoria_1,45.330486086894126,112.00115612832833
Categoria_1,47.50431531626543,104.65735193362138
Categoria_1,27.430663135533916,165.29076082554323
Categoria_1,34.25775593966706,145.52767795156606
Categoria_1,46.80223206077757,96.90190198883693
Categoria_1,37.41879851061402,125.34854946606713
Categoria_1,32.22315883484327,137.549623160755
Categoria_1,26.30307581959955,148.53389472623476
Categoria_1,28.877464938074095,138.86548332336895
Categoria_1,30.008890771150103,133.67354315720755
Categoria_1,61.05067617899638,88.98510965778358
Categoria_1,25.361210901958984,131.32560318043468
Categoria_1,64.79270987092252,98.11335245207603
Categoria_1,26.751370105831366,155.53959998272688
Categoria_1,59.684419368672465,94.82243822633502
Categoria_1,57.56739040804247,90.43521279515484
Categoria_1,51.079771542503785,99.28756290212
Categoria_1,62.47603864736297,113.62738259375097
Categoria_1,34.09180255602112,148.13367996725694
Categoria_1,55.487772398542916,94.11418985625097
Categoria_1,40.44954101962071,109.58373100712478
Categoria_1,44.041249775432604,109.31861076489179
Categoria_1,48.543659066547995,104.64888873307379
Categoria_1,34.46994583475656,119.71349369009354
Categoria_1,42.884270750463685,118.33593172769868
Categoria_2,48.467036583356844,0.0
Categoria_2,68.44805501710498,7.898960043706955
Categoria_2,73.00884226948816,0.0
Categoria_2,52.82572429534387,24.826273147409278
Categoria_2,49.17752682045636,2.2570203270914257
Categoria_2,39.46590855466573,1.7482946569565931
Categoria_2,32.81885597581949,6.098334657155996
Categoria_2,77.73623217913963,16.033465578414493
Categoria_2,37.06396439892465,0.0
Categoria_2,38.44761221048704,6.781668252929604
Categoria_2,38.482942973824386,6.331629793865489
Categoria_2,59.26929931137512,10.740186873256436
Categoria_2,49.754668458995624,0.0
Categoria_2,76.27461974764708,9.716919925193473
Categoria_2,54.406948609734016,0.0
Categoria_2,46.42626359508432,0.0
Categoria_2,72.277815266832,0.0
Categoria_2,81.08162223419943,0.37459925744995837
Categoria_2,51.20651337629593,9.441982671556246
Categoria_2,65.1305348258488,1.2823607907039862
Categoria_2,35.73878437695839,2.6857859691425174
Categoria_2,48.36862782556241,6.26722662671685
Categoria_2,37.03498026496214,6.059192304998193
Categoria_2,59.87155200834624,12.856723205327178
Categoria_2,80.75244721655723,0.0
Categoria_2,47.02553427087027,4.648208482758717
Categoria_2,43.362257960177644,15.810627898760993
Categoria_2,79.76023099916917,4.24127909798477
Categoria_2,48.78436315111779,13.438180607600168
Categoria_2,37.65169811882404,0.0
Categoria_2,42.24775676202285,10.388009051349284
Categoria_2,66.11016165188991,10.052503976624196
Categoria_2,69.16907365278334,0.0
Categoria_2,48.993747371265385,3.3734136259349166
Categoria_2,39.48703387778976,2.5594190989702836
Categoria_2,52.18906920570593,8.854949272242164
Categoria_2,55.73192929311582,2.2453824867028023
Categoria_2,64.3899326044941,26.769121576684498
Categoria_2,30.01570263023894,19.26755899712084
Categoria_2,82.40972625213078,6.110229051809176
Categoria_2,69.93901487143319,2.786859771502396
Categoria_2,64.11537693326981,0.0
Categoria_2,53.537707397944715,2.314232619081546
Categoria_2,82.5875304107863,1.2075794762956455
Categoria_2,55.08502382778633,25.836973374632837
Categoria_2,52.08196763118937,5.740797522181939
Categoria_2,32.13903316616553,11.977861863130801
Categoria_2,29.234871680190253,0.0
Categoria_2,48.28714829639975,9.102200589337796
Categoria_2,82.2565648986685,0.0
Categoria_2,49.03140390301037,13.264193874275083
Categoria_2,55.16488856125285,0.0
Categoria_2,41.97856666203708,0.0
Categoria_2,39.185160384638635,0.0
Categoria_2,57.83848902789472,8.454172833158795
Categoria_2,49.961107954149284,0.0
Categoria_2,62.601777769459815,0.0
Categoria_2,84.6442581916066,5.363775273853582
Categoria_2,37.57900954575662,0.0
Categoria_2,86.71848927371363,0.0
Categoria_2,58.06021257056368,0.0
Categoria_2,72.41402109175482,1.7588943726710833
Categoria_2,41.126995460233616,0.0
Categoria_2,40.013645516311605,2.3823826545731146
Categoria_2,31.083958160627237,27.051185725038454
Categoria_2,32.77322628792435,0.0
Categoria_2,73.89520382910263,14.14169597955147
Categoria_2,54.501254249557476,0.0
Categoria_2,52.18395047970502,0.0
Categoria_2,39.506175750482335,2.88970030023786
Categoria_2,78.89239301386002,0.0
Categoria_2,44.651588861487,5.951518570438953
Categoria_2,66.27538151395484,0.0
Categoria_2,38.01292052852767,0.22233702261720334
Categoria_2,70.44497863090301,0.0
Categoria_2,41.82604858310151,1.0639359758040552
Categoria_2,42.35339196196535,1.7333743478991965
Categoria_2,39.3101611077416,0.0
Categoria_2,66.78209666963788,0.0
Categoria_2,43.054230904321166,0.0
Categoria_2,70.80964996827821,2.6242563262738003
Categoria_2,51.976577320255515,3.0307815466611743
Categoria_2,67.67073337093566,0.0
Categoria_2,80.89399129659677,0.0
Categoria_2,29.71976553574831,0.0
Categoria_2,80.68171838075165,17.862978648665052
Categoria_2,76.3235223242359,0.0
Categoria_2,50.96326332538952,0.0
Categoria_2,63.164110252452375,7.909470483529639
Categoria_2,52.68498974358237,0.0
Categoria_2,60.948300804590474,0.0
Categoria_2,83.91331630454145,0.0
Categoria_2,73.20453630083749,9.978760922570173
Categoria_2,75.30457814424909,0.0
Categoria_2,53.60043922478233,22.026725536121923
Categoria_2,43.90674436337539,7.418590401923073
Categoria_2,37.0398467227252,0.0
Categoria_2,44.74211813596817,1.6794266569506684
Categoria_2,30.03195242909499,0.0
Categoria_2,61.071745800300505,5.887734962506793
Categoria_2,66.7052936969768,0.0
Categoria_2,29.60354634451508,6.754242215788085
Categoria_2,36.896726369362554,17.177711292702444
Categoria_2,67.49412667131648,16.00950194947986
Categoria_2,39.12631733016768,0.0
Categoria_2,51.16290756873081,8.584655737079787
Categoria_2,59.02900927542992,0.0
Categoria_2,63.90896513455486,2.323829361595352
Categoria_2,43.18034644083362,0.0
Categoria_2,49.57172935072421,0.0
Categoria_2,70.62304607251951,6.018818237944969
Categoria_2,56.54557570839791,0.0
Categoria_2,67.41501856096868,1.258451018122315
Categoria_2,41.41867593467561,2.568979473648353
Categoria_2,30.773058554106427,7.453963305840815
Categoria_2,31.945778633651123,0.0
Categoria_2,57.72253455095373,0.0
Categoria_2,73.62781888488678,10.128884494040754
Categoria_2,35.14208627943461,2.8663042914601506
Categoria_2,57.671847130808146,0.0
Categoria_2,68.84777418035272,0.0
Categoria_2,76.41961911302455,0.0
Categoria_2,75.27912369626459,0.0
Categoria_2,63.160386568323844,9.640819071896786
Categoria_2,49.87884289857175,0.0
Categoria_2,60.36049856431154,0.0
Categoria_2,79.53893828757721,8.389102571876263
Categoria_2,67.13185348250813,6.49434232891191
Categoria_2,69.07221654987909,0.0
Categoria_2,57.320404830948036,6.746347357948625
Categoria_2,41.78186188145534,8.950501076026125
Categoria_2,30.933118503197054,2.703094653810152
Categoria_2,69.37020693175705,4.7553176864998825
Categoria_2,85.22288929551964,0.0
Categoria_2,83.67076118125189,11.492208000141227
Categoria_2,77.89384609365395,0.0
Categoria_2,47.45298779469505,0.0
Categoria_2,35.95133175785111,6.032458441760707
Categoria_2,33.424658060099006,0.0
Categoria_2,70.9544733023763,13.055915898792499
Categoria_2,32.7528165541889,5.348322601524691
Categoria_2,74.775528263239,0.0
Categoria_2,47.43282881363106,9.27762428606888
Categoria_2,64.6453566797526,3.161200136576657
Categoria_2,42.4625771143475,7.876229951251536
Categoria_2,75.24247274707547,0.717311145100274
Categoria_2,86.77989011890871,12.41957430324203
Categoria_2,52.251607749281604,0.0
Categoria_2,56.76718225603038,9.623051732817775
Categoria_2,85.9774802367967,3.329869245544621
Categoria_2,73.47494574157817,0.0
Categoria_2,71.69691603240912,0.0
Categoria_2,42.79961253389686,0.0
Categoria_2,45.607155022818525,0.0
Categoria_2,46.132557305448714,0.0
Categoria_2,68.34056374797771,0.0
Categoria_2,41.61063762959289,0.0
Categoria_2,79.89652839176496,0.0
Categoria_2,83.69773093762997,23.298616378328283
Categoria_2,38.64331023668487,0.0
Categoria_2,86.3879449803416,11.860535809399158
Categoria_2,58.66813305920644,16.609800742229186
Categoria_2,42.329929953657754,0.0
Categoria_2,39.76746142798202,0.0
Categoria_2,74.13022991675386,0.0
Categoria_2,85.10959455461446,0.0
Categoria_2,80.16693538173512,0.0
Categoria_2,72.89359117812421,0.0
Categoria_2,69.28912098657189,3.7257565553386596
Categoria_2,41.96905109483163,0.0
Categoria_2,41.93296129565632,24.334122811884832
Categoria_2,62.57268712690019,9.730650785293191
Categoria_2,34.266635892203766,0.0
Categoria_2,36.46971873661688,6.832383954643642
Categoria_2,80.45441046199686,5.652275547433848
Categoria_2,60.87937146957498,11.20744019814301
Categoria_2,34.005932683000175,0.0
Categoria_2,44.014853129068186,0.0
Categoria_2,70.87645730782987,0.0
Categoria_2,41.72240867686519,0.6849716184002046
Categoria_2,68.54978785151994,0.0
Categoria_2,63.28651363980245,0.0
Categoria_2,76.74280721510807,13.476683194370166
Categoria_2,61.74110201605241,0.0
Categoria_2,44.43628630614431,3.080388625391236
Categoria_2,67.11264681990096,3.3634352436393646
Categoria_2,78.2433173950982,4.285417403782623
Categoria_2,77.4572585716771,7.3838045067724885
Categoria_2,69.37317278073742,10.374104875859244
Categoria_2,72.57369437447045,15.581792782479882
Categoria_2,38.155001790256144,0.0
Categoria_2,72.04022465615643,0.0
Categoria_2,38.27983538851228,5.088492879743997
Categoria_2,58.3656775150028,4.406816678646022
Categoria_2,29.336477483451105,9.688488724544829
Categoria_2,85.80963132557324,0.0
Categoria_2,65.56940843988816,7.855015573765523
Categoria_2,60.249523889191735,0.0
Categoria_2,74.14534589966914,2.9200219763965474
Categoria_2,60.32374765124479,0.0
Categoria_2,84.75558734323921,12.2864043060848
Categoria_2,82.96175430513543,0.0
Categoria_2,34.905225552269755,2.8372811795760975
Categoria_2,32.89653212920435,5.297495465909505
Categoria_2,46.40226151479108,0.0
Categoria_2,62.69343421960603,2.0973574320953285
Categoria_2,49.004584527211414,0.0
Categoria_2,79.45730889963154,1.5005832164212909
Categoria_2,85.36370854864298,3.8649243464783627
Categoria_2,30.39091949905815,0.0
Categoria_2,30.248209258048234,0.11424992394885791
Categoria_2,73.59857509643996,0.0
Categoria_2,68.55190895116469,0.0
Categoria_2,86.73298692140361,0.0
Categoria_2,53.65650670015685,0.0
Categoria_2,75.01226494229829,0.0
Categoria_2,69.15365079264383,11.509193965707825
Categoria_2,44.79728201289966,13.775102663078737
Categoria_2,84.05294974208879,0.0
Categoria_2,83.63307173868073,0.0
Categoria_2,53.28260765341007,0.0
Categoria_2,44.85264719973875,17.269445872681835
Categoria_2,85.97134968975287,9.17016121487447
Categoria_2,42.28849589950637,0.0
Categoria_2,41.312329710243546,1.5245310187070613
Categoria_2,50.316379167632356,0.0
Categoria_2,79.04143324552142,5.279830737720092
Categoria_2,39.714583243747484,0.5548530002915375
Categoria_2,79.28851295541504,7.300623310878435
Categoria_2,77.90739255425856,7.456546123830603
Categoria_2,73.05496456875412,0.0
Categoria_2,30.850865212782406,4.604078090720708
Categoria_2,82.31404788908377,12.699964375756759
Categoria_2,56.862582415714556,5.33745343789246
Categoria_2,35.76254551582754,4.782301553624727
Categoria_2,53.895456928745645,0.0
Categoria_2,40.58353326835521,0.0
Categoria_2,62.681902167581015,0.20819855485682454
Categoria_2,44.55013252571106,0.0
Categoria_2,55.338815635336616,10.40362546352459
Categoria_2,29.639737771906226,0.0
Categoria_2,56.7708444597242,0.0
Categoria_2,63.72754423780805,10.575314383715433
Categoria_2,78.79603738666516,0.0
Categoria_2,74.14566996221008,0.012444602673153005
Categoria_2,35.04544962531763,0.0
Categoria_2,42.98893021196132,24.745126267600746
Categoria_2,69.66246197471298,0.06056399231278492
Categoria_2,61.38867902867891,0.0
Categoria_2,49.27941162661331,0.9341074290326048
Categoria_2,30.890081791047855,0.0
Categoria_2,36.65515273753241,0.0
Categoria_2,61.84589619672916,10.249095900373568
Categoria_2,40.56183835793589,7.043633965685169
Categoria_2,38.66930109769897,3.6436144777824993
Categoria_2,69.89481729499191,0.0
Categoria_2,30.796406138504068,19.496087988885854
Categoria_2,79.4244213270114,3.8019907092429546
Categoria_2,70.33575764406778,0.0
Categoria_2,76.17182764859977,11.13147527429965
Categoria_2,33.60782178041556,2.3088636387764394
Categoria_2,76.31507616214641,9.741959984664462
Categoria_2,55.170701773592114,4.462156062614202
Categoria_2,71.34973602508694,22.09877936928912
Categoria_2,33.69559820792537,0.0
Categoria_2,74.71616671877243,0.0
Categoria_2,67.12747425324974,29.957864839768874
Categoria_2,70.6320762757545,0.0
Categoria_2,42.20160417257637,0.0
Categoria_2,68.37422051691824,5.93983864546773
Categoria_2,33.14919842485432,12.105132162207223
Categoria_2,71.09364576371568,0.0
Categoria_2,71.9937776978646,0.0
Categoria_2,50.46193127560247,0.0
Categoria_2,86.1840749660827,0.0
Categoria_2,70.98291199224968,20.29380561403908
Categoria_2,57.16074006091611,0.0
Categoria_2,63.28318503471057,0.0
Categoria_2,81.82251480804567,5.53895357294622
Categoria_2,65.5547335974573,0.0
Categoria_2,71.43799706336411,4.289314509571643
Categoria_2,81.62954996318042,0.0
Categoria_2,39.37611480283142,4.096105793625698
Categoria_2,57.485681609405006,0.0
Categoria_2,43.28937439514876,0.0
Categoria_2,58.79146341985931,11.021124019780832
Categoria_2,49.77800883141842,0.0
Categoria_2,51.62307026314769,3.7021049687830465
Categoria_2,85.12753596767017,8.267868329628232
Categoria_2,47.805776366984276,0.0
Categoria_2,73.7761809009869,0.0
Categoria_2,33.22441512406058,0.0
Categoria_2,38.80111748645151,0.0
Categoria_2,76.98626505746554,2.77822980861444
Categoria_2,53.929152456293366,6.958030277351996
Categoria_2,69.91228355300261,0.0
Categoria_2,38.64377148854797,9.360427636912446
Categoria_2,56.463338213154515,12.654190661280365
Categoria_2,77.87189238991235,3.857904143337395
Categoria_2,79.26812704299954,13.21096342487377
Categoria_3,21.957653346568943,3.967648097575435
Categoria_3,40.98019578724298,0.0
Categoria_3,15.385156839989982,5.375605175126135
Categoria_3,40.90230135372831,0.0
Categoria_3,23.281431470225403,0.0
Categoria_3,18.49444942008421,4.864114805935315
Categoria_3,42.40717813441474,2.4365473094025516
Categoria_3,39.020839072989254,5.740283118604914
Categoria_3,27.234631200198862,0.0
Categoria_3,33.28563014043612,31.003234564692498
Categoria_3,18.246505492815018,0.0
Categoria_3,33.472992010728305,8.051754716128258
Categoria_3,41.930283140723525,3.8306519032882758
Categoria_3,26.92114403331636,0.0
Categoria_3,39.02722768668985,6.686729233158708
Categoria_3,38.17068723156919,0.0
Categoria_3,41.208644702297136,0.7905006681201516
Categoria_3,31.88738497234732,21.792760967785505
Categoria_3,39.048985103528835,0.0
Categoria_3,40.818825943602,1.7936742471843745
Categoria_3,33.932093832625405,0.0
Categoria_3,33.05802957613131,8.330350964453578
Categoria_3,25.49811583471996,0.0
Categoria_3,33.028358114169514,4.615265178555675
Categoria_3,42.77183946696024,11.07831119484069
Categoria_3,36.5809550200755,0.0
Categoria_3,30.437395256003022,7.559249725488283
Categoria_3,25.791243623161662,6.149760885399271
Categoria_3,23.591707220136385,13.523695580384137
Categoria_3,36.00757830761209,7.107166048727706
Categoria_3,37.02105435808288,14.235431600596304
Categoria_3,17.69190297269832,2.5611941125142756
Categoria_3,29.79479196111114,0.0
Categoria_3,34.10154954148711,0.0
Categoria_3,25.346749740514966,0.0
Categoria_3,24.910126407311726,0.0
Categoria_3,20.7458816815268,5.5625830422788285
Categoria_3,33.32409822870052,0.0
Categoria_3,31.934255730335096,0.0
Categoria_3,38.890058825771966,0.0
Categoria_3,29.07003035146039,0.0
Categoria_3,23.997190646404924,2.761246060737535
Categoria_3,25.108203999453423,17.17886225720275
Categoria_3,29.48424536964992,0.0
Categoria_3,31.603778169519508,8.587441779660752
Categoria_3,34.74782428084043,7.257257026971989
Categoria_3,41.51984525267911,0.0
Categoria_3,40.70717201982571,5.045162283925804
Categoria_3,15.982024483416703,4.345530329521219
Categoria_3,17.155955480729375,11.005971360284267
Categoria_3,28.122690818542416,0.0
Categoria_3,23.028518540049898,0.0
Categoria_3,37.169737455047596,0.0
Categoria_3,31.673058288237186,5.748939965943463
Categoria_3,34.69156011545397,0.0
Categoria_3,17.739741669545904,0.0
Categoria_3,19.43026806450466,0.0
Categoria_3,29.243512260817987,7.571274056093441
Categoria_3,34.48890171252823,3.128064043081049
Categoria_3,21.58148973494234,0.0
Categoria_3,41.73102618985485,15.048442177493992
Categoria_3,29.95845662407845,1.2202471253263594
Categoria_3,15.501227726626487,11.312958130938885
Categoria_3,31.42425810593879,3.198620670894069
Categoria_3,37.63079739249702,0.0
Categoria_3,20.311583829325436,8.030345633136186
Categoria_3,31.691520285073928,13.27285065243415
Categoria_3,39.936652075953326,0.0
Categoria_3,24.344449837849915,10.355339151296654
Categoria_3,22.101891426573125,0.0
Categoria_3,37.72851104126979,19.487993947420556
Categoria_3,16.9880670040886,0.0
Categoria_3,32.05888394399352,23.968446186658376
Categoria_3,19.055578833404653,0.0
Categoria_3,35.28270039842358,0.0
Categoria_3,16.993180000232325,10.107088181841709
Categoria_3,14.937161876098187,19.302505807324927
Categoria_3,29.85778570492839,18.21785126276014
Categoria_3,20.879309796426753,18.415442292751166
Categoria_3,28.4334812602825,0.0
Categoria_3,42.44013666020824,5.187055839365329
Categoria_3,25.79633393474216,0.0
Categoria_3,26.47755201953173,12.236225432976266
Categoria_3,42.53913437666364,12.077692090337882
Categoria_3,17.925392577470163,8.07921309453969
Categoria_3,30.761751279661823,0.0
Categoria_3,22.083481818676795,0.0
Categoria_3,24.38937573356652,0.0
Categoria_3,16.24321878077874,0.0
Categoria_3,37.09359121266432,1.6676647153208017
Categoria_3,20.929657267417927,14.114314253294367
Categoria_3,32.82959281284655,2.752746122191561
Categoria_3,29.465853128569933,0.0
Categoria_3,33.360444450200916,0.0
Categoria_3,42.6213844791713,7.983515552579867
Categoria_3,35.105178216793604,20.94009437610342
Categoria_3,27.53317432784561,3.2658303131856643
Categoria_3,41.579794555903646,0.0
Categoria_3,19.26349515524275,0.0
Categoria_3,29.54771900126787,8.316329778964196
Categoria_3,17.020618712082317,21.389914885249016
Categoria_3,24.177578575175232,0.0
Categoria_3,33.229932750774246,0.0
Categoria_3,18.610629280120946,0.0
Categoria_3,42.57414992556117,1.7656059178271972
Categoria_3,38.28245109393078,9.058993207190488
Categoria_3,29.123550062173585,0.0
Categoria_3,35.80747861002641,3.675536069442894
Categoria_3,17.905972108860816,10.099764051027181
Categoria_3,34.48029938623454,7.3479579268398805
Categoria_3,15.294354940336824,0.0
Categoria_3,24.536000776670654,0.0
Categoria_3,16.76292593332627,6.584591399220306
Categoria_3,22.97815200036954,10.28647111312217
Categoria_3,25.587033647709628,24.189745690644436
Categoria_3,28.97297569354992,0.0
Categoria_3,40.489162247608036,3.648489471679155
Categoria_3,38.55035494930346,1.2267328464551812
Categoria_3,20.210764687491192,0.0
Categoria_3,39.307694341251285,12.861767048257168
Categoria_3,39.02478690522973,6.899119094949132
Categoria_3,22.954042882476116,9.207692268575043
Categoria_3,16.571134364639068,0.0
Categoria_3,34.086826915723904,0.0
Categoria_3,24.13559450238634,3.4349278504725445
Categoria_3,37.72469558851798,2.9974752967682248
Categoria_3,18.043214688794848,29.640855132528937
Categoria_3,36.07959619861124,0.0
Categoria_3,19.25025023793927,0.0
Categoria_3,18.438276343090145,5.437430013305667
Categoria_3,24.74703439388869,7.875897815094509
Categoria_3,26.60016303019873,2.9914308569781363
Categoria_3,23.157630695400186,0.0
Categoria_3,17.277014476265148,8.33784803777421
Categoria_3,32.542879362087774,7.09545825894072
Categoria_3,32.8103015420179,0.0
Categoria_3,18.599471158070713,0.0
Categoria_3,42.64212141294658,0.40604632603094604
Categoria_3,15.911085914906824,0.6490272022879573
Categoria_3,17.725445898864592,1.0479533673066745
Categoria_3,22.913993028775927,6.24654056356158
Categoria_3,16.039772152176436,0.0
Categoria_3,28.794481788159718,0.0
Categoria_3,32.059925463696466,10.865738736750103
Categoria_3,29.297085831172257,0.0
Categoria_3,39.55386820805097,0.0
Categoria_3,27.093280413108747,0.0
Categoria_3,26.076199220494196,0.0
Categoria_3,37.86895956705227,10.069931232155795
Categoria_3,14.57752908958159,15.000869283368699
Categoria_3,26.13394226267869,0.0
Categoria_3,21.67421041355011,3.415789227240586
Categoria_3,35.95066062818499,2.5002051153455405
Categoria_3,20.40164040826548,0.0
Categoria_3,14.608608140828881,0.0
Categoria_3,29.893787324924173,1.670120506527252
Categoria_3,27.224290029573524,0.0
Categoria_3,23.524465430032503,2.6696242521545743
Categoria_3,35.29648779901374,0.0
Categoria_3,25.515569943404085,0.0
Categoria_3,27.368899223769837,5.175764419002353
Categoria_3,41.51445362409973,3.1555239527749173
Categoria_3,36.70983138300136,12.781984628949502
Categoria_3,26.74579378363736,0.0
Categoria_3,21.52751448236489,2.7289620935615035
Categoria_3,32.43947829184627,10.917735012149338
Categoria_3,33.07139250075187,4.410489507243116
Categoria_3,31.775745176485167,9.765017891534498
Categoria_3,16.164151158500367,0.0
Categoria_3,35.29867547367387,2.0867434493586767
Categoria_3,28.87434785865079,0.0
Categoria_3,16.681606818701873,6.664280579877263
Categoria_3,34.696486900162796,0.0
Categoria_3,22.72174212293979,16.26027973829336
Categoria_3,24.238386985931715,9.709501392494536
Categoria_3,19.545689310824994,15.88975296503585
Categoria_3,19.229446668743297,7.267839105019813
Categoria_3,36.067126507839255,0.0
Categoria_3,21.823491711915427,9.594446622934893
Categoria_3,25.15795343102787,15.826739650977593
Categoria_3,20.1302294181636,6.8967943974454435
Categoria_3,36.359832184797945,0.0
Categoria_3,32.63067974977143,0.0
Categoria_3,41.88968339743367,1.4527715951732054
Categoria_3,37.04674297973484,15.892354065683099
Categoria_3,35.60217220643435,19.42988526185932
Categoria_3,37.41916312321479,0.0
Categoria_3,23.912174859102013,6.572007301103172
Categoria_3,40.73709821351893,0.0
Categoria_3,26.588153838369884,0.0
Categoria_3,26.797193278340067,8.213048851172235
Categoria_3,21.12878468453668,5.215258753067667
Categoria_3,17.728767343365984,7.260200285154356
Categoria_3,32.685065700066495,0.03522092842774671
Categoria_3,22.418548294970613,6.394961936327065
Categoria_3,38.41027605961069,3.9095354090667795
Categoria_3,40.47588525378342,9.511742558847695
Categoria_3,27.400070089373024,0.0
Categoria_3,38.281460068404016,10.144259890568758
Categoria_3,32.980336026805205,8.997874001276228
Categoria_3,19.324135880619774,7.665350288126641
Categoria_3,41.00251356598718,1.4126406771137758
Categoria_3,15.494415871268503,5.654938948448118
Categoria_3,34.971946033545684,0.6260426987885259
Categoria_3,37.590760716550434,1.6057411500628782
Categoria_3,38.24450430283262,0.0
Categoria_3,35.1665380015519,24.47405614394141
Categoria_3,28.764199430915404,12.878585915980137
Categoria_3,22.750634958605698,21.37830726920603
Categoria_3,39.175009728089115,7.4416772104993605
Categoria_3,32.41351639295904,0.0
Categoria_3,27.429108609100055,7.098416119361151
Categoria_3,14.529045522438581,15.708606115947287
Categoria_3,42.55493641125172,0.0
Categoria_3,17.091980050062897,18.392669027919293
Categoria_3,20.083115570980482,0.0
Categoria_3,30.097046132059702,9.153459494569637
Categoria_3,19.626393297915886,18.74421713755293
Categoria_3,24.40045120671205,5.651403544566305
Categoria_3,14.412032885256503,22.08297436603805
Categoria_3,35.97065535032396,0.0
Categoria_3,18.509991634619126,0.0
Categoria_3,22.9804313423526,0.0
Categoria_3,34.860439842365174,0.0
Categoria_3,39.54221731654214,0.0
Categoria_3,26.033184970849966,17.12221083623687
Categoria_3,34.10585520648194,13.220278850359012
Categoria_3,16.915478373981706,0.0
Categoria_3,31.041741094890895,23.989974664950715
Categoria_3,16.11284920920898,3.1818971103018043
Categoria_3,30.80730314046817,20.48645438985711
Categoria_3,31.47776795572232,20.66699084284177
Categoria_3,33.55958191139578,0.0
Categoria_3,37.797973757297925,9.566416774420542
Categoria_3,28.47595100332154,13.322837401889924
Categoria_3,34.449954792495646,0.0
Categoria_3,36.75865537069306,0.0
Categoria_3,18.469042305535446,12.792595761500195
Categoria_3,23.624785405289252,0.0
Categoria_3,20.555966795285187,2.578900599137844
Categoria_3,31.327655048713297,3.7151638360811474
Categoria_3,26.279253796006927,8.274254142906521
Categoria_3,32.41026476819595,0.0
Categoria_3,25.955682013173934,5.180851866859841
Categoria_3,38.21880998802987,13.24846634816148
Categoria_3,31.0293921418937,0.0
Categoria_3,19.52517034811794,0.0
Categoria_3,15.010134133465085,0.0
Categoria_3,14.952941666276956,1.765255212737383
Categoria_3,29.041418526368567,9.801642208440391
Categoria_3,22.784213205821963,13.585387265826357
Categoria_3,38.27960629388249,0.0
Categoria_3,19.57152932363058,2.38007030843986
Categoria_3,28.039883906120963,16.13086589186216
Categoria_3,18.070465289213516,7.035158702555892
Categoria_3,28.42476076554326,0.0
Categoria_3,26.724330428661254,11.43248821430799
Categoria_3,18.79582258494879,12.413064825239625
Categoria_3,31.669959431132078,5.733967145176294
Categoria_3,33.002966001858965,0.0
Categoria_3,41.550964665330675,0.0
Categoria_3,21.308099779271316,0.0
Categoria_3,40.1144088078882,0.0
Categoria_3,35.925228227068175,0.0
Categoria_3,27.09200227961879,0.0
Categoria_3,16.050081495281816,6.045953205958799
Categoria_3,40.1196253848141,2.1711102584459017
Categoria_3,25.989647942872786,0.0
Categoria_3,24.171069066021452,5.392470952237716
Categoria_3,30.242048989982546,2.811256884592295
Categoria_3,40.98637929769193,0.01483152215392991
Categoria_3,21.684039865565992,0.0
Categoria_3,35.110040559130354,0.0
Categoria_3,30.389300727797966,7.5913319321090675
Categoria_3,27.496857517714396,3.1069991338974035
Categoria_3,24.232771481654815,6.387143014844397
Categoria_3,17.517517598462337,1.0024012096606985
Categoria_3,21.42185637748328,0.0
Categoria_3,38.52728050611124,11.418613616423118
Categoria_3,17.536717881757053,31.891229558191146
Categoria_3,38.79894896032214,0.0
Categoria_3,34.45435238677648,3.0492568422921082
Categoria_3,29.76766741739447,1.1684253487882112
Categoria_3,28.08915964484104,0.0
Categoria_3,18.991690727932106,0.06102394197258576
Categoria_3,26.008758427307697,22.654735976964943
Categoria_3,32.832334079380566,0.0
Categoria_3,28.882355822651938,2.8460619191127305
Categoria_3,37.266089295414076,0.0
Categoria_3,36.69199748430157,0.7711121557001216
Categoria_3,20.006899084534737,0.0
Categoria_3,23.682473267666253,0.0
Categoria_3,35.84972761506947,0.0
Categoria_3,39.303579727588804,2.1489070189904766
Categoria_3,39.35355040263458,0.0
Categoria_3,27.134776629481564,7.477935080638631
Categoria_3,42.36038265549974,0.4347993059970756
Categoria_3,40.19900537306825,0.0
Categoria_3,29.629705125742955,0.0
Categoria_3,32.997972532504676,1.5977912399638365
Categoria_4,107.13772660028665,0.0
Categoria_4,108.58591755787027,3.237145062378959
Categoria_4,90.5062957327577,13.478005639041978
Categoria_4,75.25191889084994,7.4459939529258286
Categoria_4,118.8524022834982,0.0
Categoria_4,100.44271121419158,2.5528936219540874
Categoria_4,108.62009543534897,9.568146966603354
Categoria_4,118.10096580762388,0.0
Categoria_4,65.25165198397961,0.0
Categoria_4,117.08019827982828,0.0
Categoria_4,96.94820552037832,0.0
Categoria_4,93.67308307859466,0.0
Categoria_4,49.00473100287799,5.752498696440057
Categoria_4,84.42659764103624,4.1757711677327745
Categoria_4,123.22291461906646,3.677697384893344
Categoria_4,98.09276499905687,0.9727611870220016
Categoria_4,95.30022833113068,0.0
Categoria_4,43.05353880851391,2.0648729632119562
Categoria_4,89.00812156486884,19.56432389894914
Categoria_4,116.76677907940461,3.3488191200018527
Categoria_4,48.66394445211579,0.0
Categoria_4,114.07231885654008,7.11133054691384
Categoria_4,110.78720067864617,19.274587443488883
Categoria_4,68.39668330135346,5.8904783363420385
Categoria_4,81.5676969160814,0.19840333347994799
Categoria_4,72.0458625105837,15.271720859131129
Categoria_4,83.50319203983308,0.0
Categoria_4,56.588754100071874,13.050807165672802
Categoria_4,101.79619031582268,0.0
Categoria_4,71.2179924177181,0.0
Categoria_4,79.81929869844333,9.54657377661108
Categoria_4,94.14598830658343,14.0796609874375
Categoria_4,71.59036185227862,1.201934362301151
Categoria_4,124.22896537630086,13.266591445175056
Categoria_4,95.25578666461146,5.20834020539814
Categoria_4,69.29989585624732,0.0
Categoria_4,99.63877237800912,0.0
Categoria_4,112.29712739475266,6.415556509463661
Categoria_4,65.45084106141375,16.29604029051479
Categoria_4,85.05214811561555,11.87034080828391
Categoria_4,67.63746749894133,12.707772343666297
Categoria_4,120.80219252825762,0.0
Categoria_4,115.1664833054191,8.367469800317552
Categoria_4,97.84624844268474,8.102764607831354
Categoria_4,63.85594914676423,5.355425670710181
Categoria_4,89.06564980201694,8.137406491312621
Categoria_4,51.31656832818194,0.0
Categoria_4,114.6087211558042,0.0
Categoria_4,87.90723508864623,4.1938135301018304
Categoria_4,51.293985634811975,2.960402356177836
Categoria_4,77.48418236810127,0.0
Categoria_4,114.08614547843226,5.363553158229897
Categoria_4,66.53784230792493,4.438086955893709
Categoria_4,109.59818646611437,4.384206829372691
Categoria_4,43.50699994737385,13.43538461388113
Categoria_4,65.63940624051838,0.0
Categoria_4,115.29661271666806,4.524684027710306
Categoria_4,87.40752038579497,0.0
Categoria_4,50.10250330387317,0.0
Categoria_4,92.25025918088659,0.0
Categoria_4,66.95943300913858,12.957168688406995
Categoria_4,46.03812457241931,0.0
Categoria_4,117.82814681030125,5.378141357966667
Categoria_4,91.81889742301979,10.55538254621202
Categoria_4,116.9384905622943,8.449985617808775
Categoria_4,44.90657312119751,0.0
Categoria_4,90.94417128058464,0.0
Categoria_4,111.82110881429006,1.5406870607772791
Categoria_4,92.3024185321506,4.203882950937008
Categoria_4,111.64584710878917,7.602007221370408
Categoria_4,115.81945111189944,7.6550895960530125
Categoria_4,78.1459324292671,28.84475498891507
Categoria_4,68.61475934572958,17.112370412090872
Categoria_4,92.54976049407989,0.0
Categoria_4,116.95703470886575,22.15871201277503
Categoria_4,95.0177118816247,0.0
Categoria_4,91.69086350259273,0.0
Categoria_4,85.02770928323994,9.574300131267492
Categoria_4,50.74840883724463,1.0843517942377332
Categoria_4,96.7744910897876,0.0
Categoria_4,121.82906518505212,15.834765079989856
Categoria_4,84.51556630736869,7.8721735946806675
Categoria_4,95.25258609171784,0.42876448949949086
Categoria_4,72.38642460278366,0.353594660744847
Categoria_4,81.67902102328661,0.0
Categoria_4,58.464748802977795,0.0
Categoria_4,93.29362335543958,0.0
Categoria_4,85.38120765872043,0.0
Categoria_4,42.457070358841435,15.555188292033781
Categoria_4,90.04059845649076,0.0
Categoria_4,85.05323769275932,5.518355874973235
Categoria_4,75.33965145800524,0.2702009544914008
Categoria_4,49.309501391307855,0.0
Categoria_4,70.98968696789234,4.945826601138609
Categoria_4,84.6118078833461,1.5722950221816785
Categoria_4,100.97685348757288,12.126754858436444
Categoria_4,125.38061812844434,0.0
Categoria_4,75.13480447913189,0.0
Categoria_4,77.42368910502931,10.309216260371237
Categoria_4,101.96573311259328,0.0
Categoria_4,93.05216617435636,10.746957592087384
Categoria_4,122.209491196925,0.0
Categoria_4,110.96649837327405,2.641741640067731
Categoria_4,99.66083777460187,0.0
Categoria_4,51.610377026996375,0.0
Categoria_4,72.99114145030352,0.0
Categoria_4,52.15944541880897,18.72389351049748
Categoria_4,47.958525161909385,0.0
Categoria_4,48.72890423726249,8.987614605661749
Categoria_4,98.1475804307982,0.0
Categoria_4,98.99564626837983,13.16626560855954
Categoria_4,42.84555312417231,0.0
Categoria_4,95.41989400897887,3.5475874631579094
Categoria_4,115.37596192073244,8.717814970690231
Categoria_4,102.8006211195981,1.9143127439669128
Categoria_4,53.93263754877516,0.0
Categoria_4,42.97787208568054,0.0
Categoria_4,82.81347594537135,0.0
Categoria_4,90.47324770078663,0.0
Categoria_4,103.23740168913076,8.649255687033675
Categoria_4,96.7801510475804,6.160481877048987
Categoria_4,78.10424578155471,10.426929110493866
Categoria_4,98.51662730335738,0.0
Categoria_4,108.26094125359835,0.0
Categoria_4,79.48909797588881,7.202701417619869
Categoria_4,114.0206893418983,6.034569063953764
Categoria_4,118.98217979065528,0.0
Categoria_4,90.89309836347725,0.0
Categoria_4,73.16914848060111,18.020107442614687
Categoria_4,99.81328714472133,9.183765368812873
Categoria_4,73.45307119801764,0.0
Categoria_4,53.971022355783134,0.0
Categoria_4,116.75325530674313,0.0
Categoria_4,44.13198137245187,0.15539443727784885
Categoria_4,96.23680233559985,0.0
Categoria_4,48.017672458170594,16.08369734438831
Categoria_4,76.39908000095177,13.137114452467493
Categoria_4,92.87360792563507,0.0
Categoria_4,72.6166085747451,21.101091340665334
Categoria_4,53.799585401805786,0.0
Categoria_4,82.77897363964559,1.8686973544731138
Categoria_4,122.96177445204593,0.0
Categoria_4,74.26388913311865,0.0
Categoria_4,43.95596808811584,0.8643793502179675
Categoria_4,105.50848255707425,0.0
Categoria_4,117.59198471766135,0.0
Categoria_4,51.749070391486235,2.6154204051940093
Categoria_4,116.6110309705402,3.4012088929040436
Categoria_4,92.63538298916886,0.0
Categoria_4,70.58351155072208,0.0
Categoria_4,87.46707976609702,3.5094326737833943
Categoria_4,87.49204180662568,0.0
Categoria_4,105.98623029191424,0.0
Categoria_4,67.387395506701,14.71100674429479
Categoria_4,63.77599468662974,0.0
Categoria_4,123.16334694985453,0.0
Categoria_4,88.83620747744285,11.253839543852328
Categoria_4,53.68567357139507,0.0
Categoria_4,79.28955898878361,0.0
Categoria_4,75.7397562027613,25.401083722718685
Categoria_4,125.46725726647668,3.9195935159677013
Categoria_4,89.81623937702835,10.608759887855513
Categoria_4,94.12347181636585,0.0
Categoria_4,45.30882015940666,0.0
Categoria_4,81.93541364047343,0.0
Categoria_4,122.96273529347573,3.4394948265239735
Categoria_4,118.37908424303852,3.7465976495437125
Categoria_4,115.06272944288455,18.823989411202305
Categoria_4,52.96803909698343,0.0
Categoria_4,108.69982748028808,4.029997994261206
Categoria_4,65.15616296006682,1.307619471767124
Categoria_4,124.38707017731949,0.0
Categoria_4,82.59568687414736,4.372261554317795
Categoria_4,73.51833262737082,12.607935768215391
Categoria_4,65.99739856435376,8.905269578347111
Categoria_4,74.45990280757061,0.0
Categoria_4,84.93630245614973,28.907749223159907
Categoria_4,114.69384732776962,0.0
Categoria_4,124.36623793048794,12.953229149408282
Categoria_4,106.20678464527005,0.0
Categoria_4,90.16492847342829,13.26325544587063
Categoria_4,117.0046495142672,0.0
Categoria_4,47.24041082379594,2.6912253346489843
Categoria_4,84.86550174056019,11.786034268403398
Categoria_4,94.62169887797666,21.068865189025495
Categoria_4,102.69428247402627,0.0
Categoria_4,100.15994561301464,0.0
Categoria_4,72.12290252933303,0.0
Categoria_4,109.55874768820189,0.0
Categoria_4,122.41001624793904,0.0
Categoria_4,42.73906320160237,0.0
Categoria_4,43.19697215502713,13.161664224282713
Categoria_4,103.96777511142551,6.459926591924992
Categoria_4,53.9925356414588,10.497410817249769
Categoria_4,105.27451430505221,8.257356916941532
Categoria_4,106.34017123133573,13.092480955669656
Categoria_4,113.04297864985756,0.0
Categoria_4,82.95015304084038,3.926594916325626
Categoria_4,48.516354284409005,0.0
Categoria_4,47.53876180327044,0.0
Categoria_4,71.29182927797599,3.3134108270890867
Categoria_4,121.59028141340904,0.0
Categoria_4,48.06845123816127,4.2464773120179755
Categoria_4,67.1549491653395,8.531922652275895
Categoria_4,48.450232931106164,18.450428251456525
Categoria_4,101.38232949975401,1.3883347049513648
Categoria_4,46.213088990848725,2.5592264371945914
Categoria_4,66.79587952817104,0.0
Categoria_4,61.51243523881949,11.501937884182292
Categoria_4,120.03984154615155,0.0
Categoria_4,76.01892767077601,0.0
Categoria_4,82.01024379745505,8.171735310083452
Categoria_4,60.97865601943528,3.59646480771197
Categoria_4,92.68159553663486,1.7746451731039514
Categoria_4,72.04719111927774,0.0
Categoria_4,116.63248250206877,4.461463728237927
Categoria_4,84.24830327331017,23.643614709283916
Categoria_4,94.46979180111086,0.0
Categoria_4,48.02304083308539,0.0
Categoria_4,101.95901296530273,9.168358115996757
Categoria_4,111.07875104587355,3.557159522342631
Categoria_4,85.68333927671493,15.42362489154758
Categoria_4,53.99469198558761,0.0
Categoria_4,83.71173538107655,10.684116812321399
Categoria_4,65.87061988080795,5.866683963280943
Categoria_4,46.55795095471675,0.0
Categoria_4,104.87281975118218,0.0
Categoria_4,65.18992577637067,2.705696902755347
Categoria_4,101.3730915342324,0.0
Categoria_4,50.55251099198598,14.926344254977417
Categoria_4,72.25043130312574,9.489922836660476
Categoria_4,68.31250961014364,0.0
Categoria_4,108.25651601401856,0.0
Categoria_4,118.42011577318219,10.53691264692913
Categoria_4,73.68531559096213,1.4865350245933215
Categoria_4,74.55298801668566,21.923384999122316
Categoria_4,95.13566018866399,6.70910965352968
Categoria_4,97.96387628404008,0.0
Categoria_4,123.13228093135925,0.0
Categoria_4,50.84416665341306,14.225254022641389
Categoria_4,107.65946907842903,0.0
Categoria_4,72.23502322536996,3.6015162916918126
Categoria_4,122.355574095274,0.0
Categoria_4,80.43650455922686,2.0586486413436442
Categoria_4,59.53855275101046,0.0
Categoria_4,46.39190291013174,0.0
Categoria_4,106.46209811629936,13.617085795273653
Categoria_4,113.4147623779766,0.0
Categoria_4,59.799871189656876,0.0
Categoria_4,115.91837685242035,22.1589500644133
Categoria_4,60.114547498664884,12.574778462993912
Categoria_4,66.7968020264833,18.487146803737822
Categoria_4,53.4676543804447,16.13372370113955
Categoria_4,68.503956983817,10.47791833185255
Categoria_4,96.15367123146689,16.944223477020973
Categoria_4,58.72659061767262,0.0
Categoria_4,116.76316330865622,0.0
Categoria_4,46.87374371477596,0.0
Categoria_4,51.36047314775894,0.0
Categoria_4,112.1660285625804,2.3650537917405763
Categoria_4,43.228729426344536,0.0
Categoria_4,43.617956117970856,0.0
Categoria_4,52.44025506775509,1.30271561369424
Categoria_4,75.95064881104332,0.0
Categoria_4,86.58771792652064,0.9270951671758376
Categoria_4,80.97366258808438,2.0220406439209704
Categoria_4,122.91825404115042,21.209857433379128
Categoria_4,68.18786450051942,4.556231739241681
Categoria_4,107.0016242516417,2.4643221580756585
Categoria_4,123.96934486146391,16.494009414989307
Categoria_4,52.53951492797398,1.0967211808584536
Categoria_4,64.30075433047507,4.524844534066167
Categoria_4,43.468852666650264,14.362998526907235
Categoria_4,85.4977763250164,0.0
Categoria_4,71.23094201881241,12.13497470311929
Categoria_4,123.81653648222826,0.0
Categoria_4,113.13867497441855,7.862658349357241
Categoria_4,80.46137830869603,8.658570380111767
Categoria_4,75.42282199117156,0.0
Categoria_4,61.16396709394916,0.9991135111699896
Categoria_4,62.70670507257485,19.412402710661336
Categoria_4,81.78959068143583,0.769623066239919
Categoria_4,46.85295614571392,9.462560211377149
Categoria_4,48.344655489528186,4.428660132522966
Categoria_4,72.70790661209345,0.0
Categoria_4,53.820581153522,0.0
Categoria_4,94.27071861655926,5.438900513496439
Categoria_4,54.337935046747866,17.440463304423027
Categoria_4,110.12034726736975,0.0
Categoria_4,98.61436337786131,17.193351152299506
Categoria_4,63.82387545965267,9.015514578642836
Categoria_4,66.39390778902163,0.11833381485410266
Categoria_4,81.46862057137946,5.156264375791954
Categoria_4,47.21904668331512,10.245647331956974
Categoria_4,54.36651951389973,0.0
Categoria_4,122.45084360865916,0.0
Categoria_4,86.48038344531668,1.7418679868050517
Categoria_4,99.07546767383504,0.0
Categoria_4,48.39791959194391,12.321526702705146
Categoria_4,80.60156578077964,0.0
Categoria_5,32.19449428455091,7.182704842593257
Categoria_5,41.97806549089501,0.0
Categoria_5,32.554327196222225,13.531866012178766
Categoria_5,43.91906784395174,9.752424140452389
Categoria_5,86.45734836174715,2.8996094528698713
Categoria_5,44.95875377098594,9.17197289480737
Categoria_5,55.462606852138265,0.0
Categoria_5,66.43367830200457,5.024858351619939
Categoria_5,87.67379376494301,7.861833849112127
Categoria_5,83.33626484552636,0.0
Categoria_5,85.45550207780555,2.725207107947247
Categoria_5,87.44472516256845,8.104085793052914
Categoria_5,74.42263384106607,2.1141981054603334
Categoria_5,72.11538922325093,0.0
Categoria_5,44.23652521332249,19.907715000468272
Categoria_5,39.226485317763455,18.790538394127374
Categoria_5,63.04446887361769,3.643974899086917
Categoria_5,30.31237838715946,25.59181882225721
Categoria_5,30.130975936039803,16.235309857111318
Categoria_5,43.13179424552941,4.11613838730295
Categoria_5,67.1451905666997,0.0
Categoria_5,79.79323023664081,0.0
Categoria_5,72.7386961789627,1.5178698026817112
Categoria_5,31.322586372134673,0.8081348814582885
Categoria_5,58.06079343404212,0.0
Categoria_5,46.69563216620806,8.951305666518813
Categoria_5,53.144694165121564,0.0
Categoria_5,74.24238053696077,0.0
Categoria_5,83.95941621331329,3.5229545401627966
Categoria_5,50.734666619333886,10.849134204368925
Categoria_5,76.21253182033648,6.9342595693930775
Categoria_5,50.82092716921622,0.0
Categoria_5,68.46324033584835,0.0
Categoria_5,83.9483268709741,0.0
Categoria_5,35.62192916769142,0.0
Categoria_5,31.90031155316683,9.63061724708046
Categoria_5,31.72799522286729,11.512226793341528
Categoria_5,46.316437042328744,3.7288227403279492
Categoria_5,85.85549623363498,0.0
Categoria_5,63.93255650221056,23.471956797463072
Categoria_5,60.18035264578671,0.0
Categoria_5,50.49370997054112,14.582714699540528
Categoria_5,82.51915018952418,16.68780235166177
Categoria_5,57.79120886246574,0.11574000388251449
Categoria_5,59.046321851901126,8.140841878445604
Categoria_5,40.613716801114386,0.0
Categoria_5,49.22193008747023,1.5170044061132573
Categoria_5,33.807968535968854,13.041560860018624
Categoria_5,33.68066486497722,8.758125203605431
Categoria_5,53.829867321077444,11.68601741881508
Categoria_5,77.59344996235842,0.0
Categoria_5,70.65257176263293,12.755923654628635
Categoria_5,75.24022898595192,0.0
Categoria_5,81.44119275551066,6.850029833993991
Categoria_5,61.50602531157969,0.0
Categoria_5,31.819877224636805,0.0
Categoria_5,37.164655773243894,14.472543182728206
Categoria_5,32.82988885412811,0.0
Categoria_5,87.1943583374074,0.0
Categoria_5,47.58691918614572,0.0
Categoria_5,43.234781271731755,18.344737730025507
Categoria_5,79.8159178861454,10.901450244347934
Categoria_5,54.61221463946856,0.0
Categoria_5,71.77741256609903,0.0
Categoria_5,77.9427348391078,0.0
Categoria_5,82.98356391103242,0.0
Categoria_5,77.34572805256576,17.41016200430324
Categoria_5,68.72268930754629,0.0
Categoria_5,34.2399235818827,26.47813430518143
Categoria_5,39.50004444424535,10.802952809760576
Categoria_5,75.80307934382891,8.575243353138577
Categoria_5,32.107029639635,10.277123260143282
Categoria_5,45.30114094444606,0.0
Categoria_5,71.88412563388407,11.034656779208957
Categoria_5,74.52296864641522,3.290988038613234
Categoria_5,59.71819204076057,0.0
Categoria_5,51.45441761287924,15.697527810983322
Categoria_5,56.925846957983666,14.211015421912826
Categoria_5,84.1114263875722,13.386250977783622
Categoria_5,80.60113006498483,11.90209922149765
Categoria_5,45.8188012262165,0.3460175956685845
Categoria_5,50.037432469269916,10.465867820479625
Categoria_5,49.46140619793907,15.72754620815039
Categoria_5,62.86615207755865,13.097303669842924
Categoria_5,85.65610796916552,0.0
Categoria_5,39.2463497266999,6.284136745522964
Categoria_5,76.13301137568753,0.0
Categoria_5,31.087218509034056,24.079304239541308
Categoria_5,79.25785320874925,2.118678387567333
Categoria_5,43.50450373547844,10.667330069668415
Categoria_5,71.31865588727067,5.0706864992016145
Categoria_5,86.83666807346735,15.602171813202402
Categoria_5,32.65434340749723,27.208044861981918
Categoria_5,80.65733680193502,3.0573409517802683
Categoria_5,40.20645931501408,9.24336970332693
Categoria_5,53.068754246154086,18.54632188220546
Categoria_5,37.392439826755876,0.0
Categoria_5,81.17666104350008,0.0
Categoria_5,69.41456853455627,0.0
Categoria_5,66.58348334191099,11.164766612718072
Categoria_5,63.43872691205469,4.373869350685598
Categoria_5,46.621511431497936,0.0
Categoria_5,47.75467431750249,17.893231779142937
Categoria_5,49.369037845950956,0.0
Categoria_5,72.96585167108309,0.0
Categoria_5,75.98823914331238,1.3653769549036694
Categoria_5,46.51056179048396,23.724720858321145
Categoria_5,49.27469722322482,0.0
Categoria_5,32.94538631242288,14.318962942793643
Categoria_5,67.58147711817254,1.8404596397849746
Categoria_5,69.34212673927738,0.0
Categoria_5,54.357965539547635,9.739159395341286
Categoria_5,74.04555696958218,0.04084837670933128
Categoria_5,45.95183624958783,0.40293789598251895
Categoria_5,55.168011034759914,0.0
Categoria_5,87.05220192805622,3.1724218227221006
Categoria_5,36.30262596038411,22.94997490720185
Categoria_5,71.29991678269725,0.0
Categoria_5,54.61810067917499,0.0
Categoria_5,45.2389968392198,0.0
Categoria_5,41.75002695083222,0.0
Categoria_5,46.611385812330354,4.294533688134648
Categoria_5,68.47063872296619,4.1920129456108475
Categoria_5,34.15253560142139,12.445084284064583
Categoria_5,34.06991233802851,7.679693964469117
Categoria_5,35.04559516384181,10.051874343998929
Categoria_5,65.05458431846853,18.539419074307524
Categoria_5,45.424016924430035,18.250261543557773
Categoria_5,30.490402146887046,21.78983695768891
Categoria_5,65.7034955203708,13.643025467053594
Categoria_5,48.11756796609592,11.89654706112838
Categoria_5,80.8618545807217,0.0
Categoria_5,85.63498010453465,0.30233576733714074
Categoria_5,64.37632065420529,6.372194641610363
Categoria_5,71.09778614704267,0.0
Categoria_5,30.507224939594245,26.83724100942498
Categoria_5,64.10049719247654,0.3540432662226749
Categoria_5,86.27705204629216,0.0
Categoria_5,53.2156470817032,0.8074712898077916
Categoria_5,69.40021471431561,7.4608967670712145
Categoria_5,87.426911137105,0.0
Categoria_5,73.89429499711147,1.5824704156441758
Categoria_5,83.7298835741608,0.0
Categoria_5,55.30914779479721,0.034516804391730105
Categoria_5,72.41825323204912,3.232486283599285
Categoria_5,65.89789771253936,2.6247458069051044
Categoria_5,67.34197761504946,11.46683745276838
Categoria_5,35.00561102124857,0.0
Categoria_5,41.39116974592668,10.136984799870397
Categoria_5,30.40959743801217,15.605657688626868
Categoria_5,44.29784478389478,0.0
Categoria_5,44.24951514920979,0.0
Categoria_5,33.29702431149089,25.831693871490437
Categoria_5,65.50960092550197,0.5122603132129959
Categoria_5,69.42455269934966,7.333597897184693
Categoria_5,78.30998169074428,7.291474312557339
Categoria_5,84.80491842186336,0.0
Categoria_5,66.10459141689554,5.545309242637368
Categoria_5,73.56857025912606,4.553022643752847
Categoria_5,33.64817598923748,25.777360798541896
Categoria_5,51.56286720900572,6.402572691261523
Categoria_5,61.46088497485635,11.501778478292398
Categoria_5,45.50993323174741,13.861427440973447
Categoria_5,69.04521396758325,0.5825919693879653
Categoria_5,76.20293922698026,24.28380391621065
Categoria_5,44.29827974839306,0.0
Categoria_5,71.35356849317513,0.0
Categoria_5,68.03062127547192,0.0
Categoria_5,85.01624036618615,0.0
Categoria_5,30.893063894486623,0.0
Categoria_5,47.41547360564036,0.0
Categoria_5,58.66488170603134,4.127107080598599
Categoria_5,84.4734506882658,5.017683988835531
Categoria_5,53.84519694269808,0.8265157988393881
Categoria_5,68.37697641444223,0.0
Categoria_5,39.09406527419131,2.146345806742829
Categoria_5,33.768526604618046,14.043378044849849
Categoria_5,81.78495163992005,0.0
Categoria_5,77.78565239105988,0.0
Categoria_5,46.713538166137994,8.85828409163772
Categoria_5,47.93404222929192,6.364228702401307
Categoria_5,61.29644215897817,0.0
Categoria_5,50.72074561380343,15.463360441078233
Categoria_5,76.31574850814943,0.0
Categoria_5,47.8150046491171,0.0
Categoria_5,59.52543926988925,0.0
Categoria_5,85.30274067874899,13.1131126321712
Categoria_5,59.377359918946325,0.0
Categoria_5,41.07110301649254,10.790883427157098
Categoria_5,79.19339597299943,11.19453176867724
Categoria_5,80.4278974787112,0.0
Categoria_5,65.73541998061553,19.413017175597325
Categoria_5,39.08831133485068,0.0
Categoria_5,70.6721958471519,8.525240386485667
Categoria_5,43.186332585862765,7.301404698646412
Categoria_5,39.14734907881307,24.503322947050236
Categoria_5,34.541714956649685,5.5466416684628586
Categoria_5,50.56597952171906,9.243895755481724
Categoria_5,35.83157528130992,9.010567038850208
Categoria_5,65.57003343540907,0.0
Categoria_5,44.11885153323335,4.543690678436484
Categoria_5,43.45892392288868,0.19878394062139915
Categoria_5,42.59179465303436,7.422680220572225
Categoria_5,62.55868833673004,8.196790003730396
Categoria_5,54.20650752976279,17.963588866512726
Categoria_5,70.81900468184517,0.0
Categoria_5,71.1573629418893,3.152680880764225
Categoria_5,53.980571381667005,0.0
Categoria_5,81.12415376984787,8.126126262211157
Categoria_5,36.42640444876172,29.970163073410706
Categoria_5,65.44485468344493,0.1676886699896527
Categoria_5,38.051064799741155,0.0
Categoria_5,70.56115510767717,0.0
Categoria_5,82.61270158035656,0.0
Categoria_5,41.68985506721552,0.0
Categoria_5,30.668768592027156,12.408836675131848
Categoria_5,76.52086429074014,2.396875488462249
Categoria_5,62.7836089450972,0.0
Categoria_5,66.7937542546486,0.0
Categoria_5,30.18663456846361,18.407771517378457
Categoria_5,72.41800726022157,15.519405708055348
Categoria_5,78.21554437081643,4.090881528882139
Categoria_5,79.51408566248149,0.0
Categoria_5,76.44983922858198,0.9887638219962958
Categoria_5,56.30894670814348,7.65606839351491
Categoria_5,81.8364051198511,0.0
Categoria_5,57.19775179601332,2.3825399429763814
Categoria_5,77.15892655427433,0.0
Categoria_5,82.97372809227276,0.0
Categoria_5,61.66385539039115,13.22701569721314
Categoria_5,86.89766754844975,4.318839026398482
Categoria_5,33.98241532440792,2.9457349310204597
Categoria_5,51.82070672200159,1.8837969323561854
Categoria_5,88.62113222780077,15.802308099020792
Categoria_5,62.68777659826519,0.0
Categoria_5,50.343962801153594,0.0
Categoria_5,51.64693961655746,2.9858417625326092
Categoria_5,57.0751512894787,0.0
Categoria_5,72.37622306901908,15.970791350814883
Categoria_5,30.09103397056263,19.74851521757906
Categoria_5,42.48012765312842,4.230001625526146
Categoria_5,29.91048633919237,31.251987631986935
Categoria_5,77.21557223543256,5.504589545586336
Categoria_5,33.53006476796405,23.82930312935683
Categoria_5,74.96748634562279,16.900012922245416
Categoria_5,74.09333635256993,7.12737845472444
Categoria_5,77.12722408933696,0.0
Categoria_5,69.32308615406392,3.834170389258759
Categoria_5,66.32302017454296,0.0
Categoria_5,41.13693226803696,11.88816649952526
Categoria_5,82.3010405880552,6.146549987021318
Categoria_5,74.50580527030263,5.138603272271741
Categoria_5,64.94275409614026,11.403137456575559
Categoria_5,63.85666768688388,6.749848469541673
Categoria_5,67.02844247750566,2.488989821693335
Categoria_5,72.00090825231655,0.0
Categoria_5,45.63359608764188,0.0
Categoria_5,43.890862745641066,0.0
Categoria_5,42.317067906235174,14.858934819037579
Categoria_5,59.60981698873229,2.431505032500156
Categoria_5,40.71934382041588,8.914103961263676
Categoria_5,52.25457395333926,0.0
Categoria_5,78.24174175895578,13.852796136171584
Categoria_5,45.69298579674813,11.694668277673978
Categoria_5,70.57804111500305,4.1662839784113626
Categoria_5,67.26420145249003,2.868545619652861
Categoria_5,48.804455299810115,0.0
Categoria_5,70.71311928495413,0.0
Categoria_5,42.54217344175491,0.0
Categoria_5,68.77919929575296,9.474898506397318
Categoria_5,77.83383717474226,9.915326897508297
Categoria_5,40.707625288258626,14.289509423480332
Categoria_5,34.82764811623113,0.0
Categoria_5,55.18738448712576,18.785117774196358
Categoria_5,31.439746709819122,6.163081565746106
Categoria_5,62.58584124360584,8.65965719843487
Categoria_5,31.90323310974347,0.0
Categoria_5,82.74555252952538,14.214424595163308
Categoria_5,82.1654124152953,9.299701965608643
Categoria_5,88.56047940394627,0.0
Categoria_5,78.45392815439281,0.0
Categoria_5,63.73210678740652,10.099841694480165
Categoria_5,33.576979602821794,20.296783934066625
Categoria_5,77.34404305518686,0.0
Categoria_5,80.3840357553155,1.6968229850611354
Categoria_5,37.295698957130455,2.496372510804271
Categoria_5,30.92340333958944,21.852080488152403
Categoria_5,63.109306471234135,0.0
Categoria_5,48.10990823254511,0.0
Categoria_5,30.447237124487586,16.828479817023183
Categoria_5,74.83953330731913,16.289854454993414
Categoria_5,31.900788247309436,15.602172441879983
Categoria_5,79.14670850445326,13.440845072734753
Categoria_5,66.56809038884826,23.645385506893327
Categoria_5,80.7634546797276,18.99274244239842
Categoria_5,88.23619537270817,19.902083841121755
Categoria_5,74.38830014267525,20.652661605026044
Categoria_5,52.635279201197335,0.0
Categoria_5,43.143554671187815,13.225050351675588
Categoria_5,84.59354469754578,4.083882702064186
Categoria_6,29.014445268632713,28.263258209574577
Categoria_6,49.54142588411266,14.439756485285034
Categoria_6,44.56967303085395,9.50485823484608
Categoria_6,47.897770383810325,2.7880162448334502
Categoria_6,48.00970079189857,14.875600139527506
Categoria_6,27.209130575599225,16.853691900198612
Categoria_6,40.7861301818963,22.446215555589212
Categoria_6,46.83170454380395,20.35241114558759
Categoria_6,31.60964403541363,19.440008900423038
Categoria_6,44.82016877804914,0.0
Categoria_6,27.698346609644545,14.08712398077024
Categoria_6,47.61132180097524,27.586219118534984
Categoria_6,54.526428498116175,13.19859159988296
Categoria_6,48.911074757241416,22.394797883776672
Categoria_6,54.55855214834278,0.0
Categoria_6,36.77127144976528,43.44596950632591
Categoria_6,26.65194803032646,2.3774454188252037
Categoria_6,57.948803743423746,12.790667309691734
Categoria_6,44.16328682876134,0.0
Categoria_6,22.505420080705747,34.344817293306235
Categoria_6,21.67997765199399,16.213802171494457
Categoria_6,45.12778300927638,8.52449315279141
Categoria_6,56.304306415842746,10.984190112875954
Categoria_6,28.99797085707998,25.082196319437667
Categoria_6,55.57139127502787,6.122404306644466
Categoria_6,50.45168675684383,10.870686113279763
Categoria_6,32.06756214929118,18.020189896987016
Categoria_6,39.34486144705292,12.567386744740928
Categoria_6,54.93499336633253,6.072034313060219
Categoria_6,23.11810061023367,17.627999356292907
Categoria_6,60.15191572657754,10.506963728428499
Categoria_6,58.62796352668776,10.383679517352672
Categoria_6,23.855532174002793,14.974598034655939
Categoria_6,28.980083190983677,15.326217323873651
Categoria_6,29.73731856585904,0.0
Categoria_6,24.502763875393,18.639549658040337
Categoria_6,27.21459627141025,1.4307895767826757
Categoria_6,52.93332867097645,3.630343246035336
Categoria_6,33.6875909874363,4.109265625220143
Categoria_6,25.67294073726679,12.188426004222515
Categoria_6,30.842114802979765,29.55584363088748
Categoria_6,22.936598417021674,11.303711563961928
Categoria_6,28.96841594884782,13.317437001068502
Categoria_6,34.35588555016741,17.244764099110885
Categoria_6,55.639157156315534,0.0
Categoria_6,43.35672757870864,9.009950719958915
Categoria_6,53.158048535679335,10.580506867775757
Categoria_6,40.996075316172934,0.616571008364426
Categoria_6,26.260042140964057,5.0027840352624935
Categoria_6,40.27546225179455,19.304005508444675
Categoria_6,23.740101529627736,2.9069761046518785
Categoria_6,53.91543253131587,4.139031456715976
Categoria_6,22.708844259732626,11.106067934594112
Categoria_6,49.9453046508081,0.0
Categoria_6,43.80028904228634,21.677229318947855
Categoria_6,55.53902452560749,14.609487070303913
Categoria_6,33.18290449173733,26.75963441836
Categoria_6,60.72711959379358,8.363591969343153
Categoria_6,56.652751893220675,0.0
Categoria_6,40.338993133240564,6.474674575967228
Categoria_6,50.623553449118035,0.0
Categoria_6,54.561628196846044,0.0
Categoria_6,35.12070266854966,10.827284869174344
Categoria_6,33.76828538676479,24.76176370869281
Categoria_6,38.89557584286784,7.069204031325572
Categoria_6,28.394038669985836,20.98011970924877
Categoria_6,59.17754646621121,9.836841210909686
Categoria_6,44.00524282647897,0.0
Categoria_6,40.34844904305811,0.0
Categoria_6,42.91859336515035,17.2480365182322
Categoria_6,35.559790097691476,4.433193090246734
Categoria_6,43.66125186031988,14.443344824319649
Categoria_6,27.939483182963748,8.789422277244997
Categoria_6,27.840303491116686,10.80243073337577
Categoria_6,54.05119095788263,11.85635473440416
Categoria_6,59.93107262330251,5.199404727201757
Categoria_6,43.67686950012451,6.917774106099047
Categoria_6,52.9104585700706,0.0
Categoria_6,35.36479943588732,14.607225710423258
Categoria_6,54.84256120842246,0.0
Categoria_6,52.836830333483846,13.476721751120825
Categoria_6,29.376021585310546,7.046596729480417
Categoria_6,29.28238056098843,13.283532453271226
Categoria_6,31.118720129886746,21.08224440657631
Categoria_6,20.41237721985589,29.084353069894448
Categoria_6,45.96286352707578,13.547249323232755
Categoria_6,50.97517937466391,7.225383383776289
Categoria_6,34.70546999591211,1.9159411081965736
Categoria_6,24.209144813387713,29.54738220656317
Categoria_6,22.019006886825984,23.563631399029344
Categoria_6,32.26902887133283,8.457582340848173
Categoria_6,57.4239541626267,0.15560042148314146
Categoria_6,39.469603271539356,27.68468865372939
Categoria_6,26.684612552585406,16.83905042659861
Categoria_6,40.25226473217489,30.89031197301111
Categoria_6,61.13917945336082,0.0
Categoria_6,51.757303886285115,20.202427811083133
Categoria_6,27.34576928686766,14.692646670771879
Categoria_6,21.627786940399172,18.365338935283525
Categoria_6,41.20286811804971,0.07853656982472401
Categoria_6,45.465459908236774,10.137533293070952
Categoria_6,40.82348494249856,20.17156097685045
Categoria_6,22.43421913515141,23.86819566965376
Categoria_6,38.25092590326031,7.107877583561594
Categoria_6,54.60036003392732,0.0
Categoria_6,22.408588698435473,20.322075794702926
Categoria_6,49.92867847336939,11.354596963606236
Categoria_6,31.844550385721945,6.326890359217419
Categoria_6,27.4594273995127,30.466634426219642
Categoria_6,36.371970994736884,8.125283399441086
Categoria_6,50.99572352045769,11.889333134028547
Categoria_6,30.04585865483351,11.910308008883863
Categoria_6,48.00405459516212,16.722599073884926
Categoria_6,36.17744788473837,14.220057429285259
Categoria_6,23.083389859132215,37.85368331809944
Categoria_6,29.943615011890714,17.818764526179404
Categoria_6,34.45531082802418,18.92961228057075
Categoria_6,31.210417660661882,17.595802717377158
Categoria_6,45.316010871278394,0.0
Categoria_6,54.96440201247019,19.359930866143014
Categoria_6,59.00290744828364,10.556577952629407
Categoria_6,31.69838177571961,20.68092007282602
Categoria_6,31.867638943361797,25.16104759145938
Categoria_6,45.77370858470889,20.227793287701324
Categoria_6,60.753935609458956,0.0
Categoria_6,23.60421341082573,9.122451462699043
Categoria_6,38.43927068194658,3.9551892209798662
Categoria_6,54.4124604214746,0.0
Categoria_6,58.526820998511816,2.630086511568215
Categoria_6,58.24737528965995,0.0
Categoria_6,22.905759626349173,11.772297576620277
Categoria_6,59.855639527708675,10.102562952406597
Categoria_6,38.5989477081801,0.0
Categoria_6,39.587481686774055,11.83094474949561
Categoria_6,47.372932659488725,17.691334187307138
Categoria_6,43.94721058572066,18.500629953943978
Categoria_6,57.25781949858804,13.171641083112153
Categoria_6,22.65285665344396,30.023418723598787
Categoria_6,20.6661621796393,32.089793622851175
Categoria_6,37.15086566491247,1.4941075196004086
Categoria_6,36.79243426748109,10.115984588289995
Categoria_6,48.56110232783264,15.104587084094463
Categoria_6,31.460622982257078,10.464432275323377
Categoria_6,34.33396983618673,9.007301091744896
Categoria_6,37.915743873340794,14.653244923905584
Categoria_6,32.12569386352042,32.22724027607167
Categoria_6,40.47871889957279,19.224122171429126
Categoria_6,38.07419418213743,0.0
Categoria_6,27.088793438297337,19.7849702037997
Categoria_6,57.178447967661484,0.0
Categoria_6,34.40939974343631,22.41973491127356
Categoria_6,58.36660544211861,19.853260087487136
Categoria_6,53.85834456124767,27.18158411042154
Categoria_6,57.0142789039135,15.648463312460096
Categoria_6,36.67470766434712,17.53448620738635
Categoria_6,24.644502291185226,25.866808366602676
Categoria_6,43.90506382517833,0.0715945351421503
Categoria_6,60.364950499068684,6.074943221318613
Categoria_6,29.13920552939434,18.479454264331565
Categoria_6,50.5104217916018,1.9451928837834513
Categoria_6,21.708504665130686,28.483009880053373
Categoria_6,24.59600424551659,41.66037900882491
Categoria_6,27.419790455657182,0.8428644816618132
Categoria_6,58.64225381523578,13.119473726126584
Categoria_6,53.76698433679833,7.444261315778352
Categoria_6,34.55459140016169,18.333961385431223
Categoria_6,22.43856199632489,24.5943865274238
Categoria_6,39.05617807659539,8.908945172223271
Categoria_6,29.621358334318554,2.4923740373315226
Categoria_6,43.93663616324358,16.875500210966734
Categoria_6,35.0312079727277,17.896009121494046
Categoria_6,39.84801735211363,15.97338836460308
Categoria_6,34.68915007086902,25.298247766311377
Categoria_6,33.766099102822196,9.032479845710045
Categoria_6,28.909396549517417,16.470931437564047
Categoria_6,40.04297434677499,3.057348724441079
Categoria_6,54.6708260030233,2.386682918674782
Categoria_6,53.345631911750935,0.0
Categoria_6,53.96608699410063,0.14579997367566833
Categoria_6,32.751150640306484,0.0
Categoria_6,58.40737545385298,10.693217397358152
Categoria_6,21.717295596008867,43.80947378183427
Categoria_6,39.77649577374058,0.19157942277275097
Categoria_6,47.148525272994235,6.373972988052749
Categoria_6,59.98099248438369,24.3353230737439
Categoria_6,23.17656343229999,27.39665012202404
Categoria_6,37.414637005343494,15.227165688478888
Categoria_6,58.64903939400122,0.0
Categoria_6,47.367391809289714,7.280656926485033
Categoria_6,42.83709573927659,4.362407697151946
Categoria_6,36.82511247563231,16.836844166321992
Categoria_6,45.330990673155476,14.236491196237075
Categoria_6,35.61216879929134,8.680541564429937
Categoria_6,34.85543955504441,10.795351966863887
Categoria_6,37.231390482954836,24.208648307527685
Categoria_6,23.244149779494858,35.19306091209097
Categoria_6,36.50104282402346,9.170902463084566
Categoria_6,54.116066454606,4.544725642613437
Categoria_6,22.094682726449793,11.739724256181084
Categoria_6,56.237327445961654,4.753245740378519
Categoria_6,43.097100892156746,10.730004472598454
Categoria_6,50.209515363798204,0.0
Categoria_6,59.44962199071439,10.712918384128148
Categoria_6,58.47869437548052,4.762394595368102
Categoria_6,57.749554862651614,21.137659542704903
Categoria_6,36.82522977722781,27.098368996514154
Categoria_6,51.06210898534022,28.52417095897146
Categoria_6,37.854598242707624,15.893660105362297
Categoria_6,50.20992733264515,5.81688317417844
Categoria_6,54.345510614605345,10.74014130304222
Categoria_6,42.41442406915785,8.472552631499086
Categoria_6,35.839777199708806,24.876602868749593
Categoria_6,57.6941133210436,13.988962242474628
Categoria_6,40.119970200575686,6.811571965134752
Categoria_6,41.34616701350248,17.861200903276355
Categoria_6,33.64507768303453,0.0
Categoria_6,21.986809456923453,38.95547703505188
Categoria_6,34.484762221134496,6.939727802491558
Categoria_6,47.74719541134232,22.82115677125543
Categoria_6,31.228032699326555,10.883236804460793
Categoria_6,60.76304630977119,7.72472078782945
Categoria_6,47.27476917744616,6.103760534553108
Categoria_6,48.438369764149286,13.628408945925022
Categoria_6,29.46456971437958,5.24519937741233
Categoria_6,32.911403989980464,0.0
Categoria_6,26.918371604046378,31.311786134953802
Categoria_6,27.35506677768024,33.29949333211255
Categoria_6,56.99708069107019,2.7924370796531646
Categoria_6,23.815746395845206,13.276421076747608
Categoria_6,21.06223742453639,22.90418023159426
Categoria_6,47.36498426071489,0.0
Categoria_6,29.918631600776205,19.900469175952317
Categoria_6,21.352337600469944,21.0026410509008
Categoria_6,55.79207473572437,2.6771736551005327
Categoria_6,58.159033118847944,1.4313287039542768
Categoria_6,21.991800678519834,22.81037720082202
Categoria_6,43.786520147361216,6.7987796857384275
Categoria_6,44.16579786381118,9.46351741942752
Categoria_6,20.846558603056337,18.699737352703693
Categoria_6,22.02711567917527,33.872275741209364
Categoria_6,44.37372540110911,13.664410419308197
Categoria_6,42.57351969410086,10.001433202233535
Categoria_6,31.60764491153586,5.2051073457485
Categoria_6,57.253070290958185,16.85581201360725
Categoria_6,35.66370497829139,7.007244880629776
Categoria_6,37.759328927453566,13.121298244744668
Categoria_6,54.32242678749667,2.0958051776722444
Categoria_6,29.60331471314545,23.219386356816543
Categoria_6,53.708480643121945,0.0
Categoria_6,55.884990134898864,1.6340892464348133
Categoria_6,23.791171487964075,28.48179299022318
Categoria_6,22.47706339765134,15.500818190385967
Categoria_6,40.46713149068209,0.0
Categoria_6,36.47303281610225,6.198543858781749
Categoria_6,41.99219692188852,13.446814374700336
Categoria_6,53.22440161674874,0.0
Categoria_6,51.37861988208357,6.841967045837483
Categoria_6,31.319602052809174,13.87481342127153
Categoria_6,35.10728670354209,30.54569919175992
Categoria_6,22.696682339457357,14.328830988895897
Categoria_6,21.799394809305163,39.80541995274146
Categoria_6,28.272381769918926,9.02687210817394
Categoria_6,46.540821453594916,14.882222985152904
Categoria_6,56.90433771158241,4.311327061204419
Categoria_6,32.506575340691285,10.19558936209361
Categoria_6,30.192565033724136,1.995157022394947
Categoria_6,47.79981859175005,14.507188362846772
Categoria_6,53.99572119032623,17.79250379990087
Categoria_6,36.57169354309398,17.728974467596665
Categoria_6,35.08281479989518,6.617591506201319
Categoria_6,47.754439203604555,5.585740468512295
Categoria_6,60.854761404206855,4.9144978250175875
Categoria_6,26.75430339490882,24.889504273892516
Categoria_6,43.943783235924826,21.495869091771674
Categoria_6,55.69797504512572,4.963022363583942
Categoria_6,45.63918018429253,0.0
Categoria_6,37.150579734025825,0.0
Categoria_6,43.390300939546734,2.6562588078070544
Categoria_6,55.06491564443912,17.154185633861584
Categoria_6,43.062452450948626,16.026142099989883
Categoria_6,52.1677832419319,15.039657733302121
Categoria_6,30.701994655381434,8.708363890371967
Categoria_6,55.675992606721984,3.238360238167285
Categoria_6,47.96697781618495,18.249921795351398
Categoria_6,44.61385333834049,26.38675778680892
Categoria_6,43.8439796749705,19.543143147280176
Categoria_6,37.87924319086629,21.55417516652431
Categoria_6,29.611198244484925,9.00501638197724
Categoria_6,48.6140438196845,15.339560211885047
Categoria_6,50.845220428076004,0.0
Categoria_6,29.303025374903577,27.604499715617717
Categoria_6,22.22032428815378,26.83057726269721
Categoria_6,50.31816724063522,5.918285590446939
Categoria_6,58.256711457182696,0.0
Categoria_6,33.92070543058818,10.97262832989556
Categoria_6,23.712637689863016,21.569332638481576
Categoria_6,30.928898115536064,16.56829474600339
Categoria_6,37.770627471701744,9.690569328330687
Categoria_6,42.73442596030961,5.237819487606355
Categoria_6,47.450840515172,0.7225469330565613
Categoria_7,134.69660267186595,16.301789240596715
Categoria_7,96.9042288503346,19.661918933239043
Categoria_7,55.16133043385334,2.4081281270706896
Categoria_7,81.46974966639229,0.0
Categoria_7,137.30102589614114,0.0
Categoria_7,117.67861419323953,0.0
Categoria_7,76.85789388107538,19.250679508376603
Categoria_7,135.65372954309404,2.5269712065031573
Categoria_7,125.18392312941182,11.914285758005589
Categoria_7,140.0771961746849,11.68105017134455
Categoria_7,77.09724617093536,6.760148560021306
Categoria_7,109.83085655350915,0.0
Categoria_7,105.9315264089052,11.777113207496853
Categoria_7,102.35840741362459,0.0
Categoria_7,81.64145043856043,0.0
Categoria_7,87.38591180146955,3.054961571104714
Categoria_7,119.05624413444215,0.0
Categoria_7,48.44159852048212,3.338718869792988
Categoria_7,117.42849772097298,0.0
Categoria_7,49.68809390568252,0.0
Categoria_7,100.78134063403182,6.223632628049023
Categoria_7,56.67865087000335,28.08223477196165
Categoria_7,101.61190750180873,14.319771776577733
Categoria_7,86.09736025382504,0.0
Categoria_7,71.71813964960896,0.0
Categoria_7,57.80130786489535,0.0
Categoria_7,65.57591183051524,0.003959196702855716
Categoria_7,99.96489406306456,2.889175784252773
Categoria_7,133.07237891910162,0.0
Categoria_7,78.05825487500755,10.37463345827235
Categoria_7,87.4514496556067,12.242923478778232
Categoria_7,78.9781505475165,11.641625142722615
Categoria_7,61.34363303726607,0.0
Categoria_7,104.48138308708113,3.3964425748061964
Categoria_7,115.61544803938193,10.464394451429682
Categoria_7,132.99883870756585,8.27911484035555
Categoria_7,96.87327238125661,7.600896641507211
Categoria_7,66.51978576158733,14.704883993073775
Categoria_7,50.92736458660044,0.0
Categoria_7,108.22214641094884,0.0
Categoria_7,130.78034097228343,0.0
Categoria_7,141.77790560953312,0.0
Categoria_7,58.90568182668636,25.939105215696554
Categoria_7,100.88548504296261,0.0
Categoria_7,56.773180929030275,12.22599488126229
Categoria_7,71.08278656962908,23.057238988945752
Categoria_7,110.22442443843704,19.826103224635812
Categoria_7,72.8819069704972,0.06570130586946454
Categoria_7,78.25461999832984,8.590366219352246
Categoria_7,126.90186916318152,2.477859014102721
Categoria_7,104.9306717398856,0.0
Categoria_7,110.53359714677912,13.778375368211135
Categoria_7,93.60101084060413,6.148275817220522
Categoria_7,102.34738364017005,0.0
Categoria_7,83.18089346602389,0.0
Categoria_7,122.69767727330964,0.0
Categoria_7,116.4568585008584,12.34276664675266
Categoria_7,86.79593028035293,0.0
Categoria_7,121.70240649302261,0.0
Categoria_7,138.99268171342132,0.0
Categoria_7,72.74309862065424,2.4415962308010988
Categoria_7,142.34384937871434,0.0
Categoria_7,85.04264469010984,0.0
Categoria_7,97.4518874562589,0.0
Categoria_7,64.12527736853505,0.0
Categoria_7,87.25773835709512,0.0
Categoria_7,59.59366711316676,0.0
Categoria_7,85.95670065028474,9.78911541409159
Categoria_7,112.34759884177691,20.041552372932806
Categoria_7,54.39136987449683,0.0
Categoria_7,127.26989839849344,1.814335239241501
Categoria_7,140.91434004305341,5.181845672414726
Categoria_7,63.10896800269587,24.78934593808243
Categoria_7,104.79566635479587,0.0
Categoria_7,87.33113374519276,0.0
Categoria_7,86.38955197303807,0.0
Categoria_7,64.19675422085675,0.0
Categoria_7,54.112267999339906,7.22625577221084
Categoria_7,101.95033229639662,10.09521183720836
Categoria_7,104.33501166317512,2.6805196361426886
Categoria_7,81.90785591612826,2.056669787728525
Categoria_7,56.11907813130135,14.33790671439014
Categoria_7,103.25666599993528,0.0
Categoria_7,77.14584991139154,8.272594559919222
Categoria_7,62.33754831910243,0.0
Categoria_7,106.14644290571547,0.0
Categoria_7,56.24842093097464,12.453455979008275
Categoria_7,56.206894658973056,3.60075803105537
Categoria_7,94.63345940747757,11.109129036525472
Categoria_7,124.33899518159689,4.428206597630642
Categoria_7,75.28032818493384,5.840429691709305
Categoria_7,52.341372641081875,0.0
Categoria_7,87.71486897434772,26.51768448673911
Categoria_7,139.10964478518642,5.392503420395472
Categoria_7,113.56441718298441,13.902528927864026
Categoria_7,140.5236236599761,0.0
Categoria_7,50.57633025826529,0.0
Categoria_7,61.24382366835789,8.806765985383713
Categoria_7,91.05062519230245,0.0
Categoria_7,53.72476899701145,15.761234731452712
Categoria_7,106.51276633403799,0.0
Categoria_7,69.39634609085729,8.360586913065505
Categoria_7,91.31429659284157,3.427137043958737
Categoria_7,82.64625769001097,12.287907844721474
Categoria_7,125.91943160906774,12.782641313182722
Categoria_7,109.612610799866,2.2482251622956726
Categoria_7,124.42966387055748,0.0
Categoria_7,141.2417784535743,17.540278872449093
Categoria_7,100.86023921762151,0.0
Categoria_7,109.04994745445012,5.173172081861712
Categoria_7,103.81439693864452,14.135812886761435
Categoria_7,99.14430547384904,5.68627026100219
Categoria_7,70.40772977449276,0.0
Categoria_7,91.24225468872085,2.518763734282098
Categoria_7,64.265144062292,0.0
Categoria_7,85.90173692085611,0.0
Categoria_7,53.3939135715382,3.3358166277139842
Categoria_7,95.25884147640127,0.0
Categoria_7,85.52169168873047,0.0
Categoria_7,97.42912997046835,2.040054193926755
Categoria_7,54.44902412187814,1.7215886430032148
Categoria_7,103.2729282574744,0.0
Categoria_7,133.50009041668952,5.5508522359217665
Categoria_7,53.15604532821724,1.1664154620499083
Categoria_7,57.93333706617572,21.441740020522715
Categoria_7,52.854787084102156,6.44718509709472
Categoria_7,140.08167634169666,0.0
Categoria_7,55.91633784984487,8.643260039866203
Categoria_7,64.89681419947435,0.0
Categoria_7,83.13421167118165,1.3981295140614936
Categoria_7,144.2991732998536,3.261549562049925
Categoria_7,62.24910888973416,1.662915635840756
Categoria_7,85.45924213932496,0.0
Categoria_7,48.844290566168056,1.5832060026908543
Categoria_7,113.3884538599919,0.0
Categoria_7,95.87399174197736,17.855302191595317
Categoria_7,88.68559596791457,1.2823808983327636
Categoria_7,119.02883602449396,5.175522740388282
Categoria_7,78.99019322384468,0.0
Categoria_7,57.83238963836387,0.0
Categoria_7,65.78271438923723,6.524630445913128
Categoria_7,101.42358534910322,10.539745136413636
Categoria_7,94.46402063431171,0.0
Categoria_7,124.23787976659173,0.0
Categoria_7,144.59070471266853,5.096824436910216
Categoria_7,128.90706733356473,0.0
Categoria_7,70.20281234424401,0.0
Categoria_7,143.20594605625493,0.0
Categoria_7,65.96293163469288,0.0
Categoria_7,119.24332820698737,10.879980449423202
Categoria_7,89.12813158244548,12.186930643415149
Categoria_7,126.34396712479187,2.919789633708216
Categoria_7,132.37531369863046,1.6797521742497503
Categoria_7,62.00021397269094,0.0
Categoria_7,88.72197990553593,0.0
Categoria_7,98.77717025085002,11.185761212932054
Categoria_7,144.9793460560932,4.0538077644133965
Categoria_7,86.80210525433156,0.0
Categoria_7,61.324245456371145,14.04400063311032
Categoria_7,95.30807981038537,0.0
Categoria_7,88.97104794692149,11.604383321716423
Categoria_7,104.20052824307163,0.0
Categoria_7,64.08021273164124,26.03263952024944
Categoria_7,103.68645011942476,0.0
Categoria_7,68.7932285940283,12.33773120984419
Categoria_7,103.06701530168338,0.0
Categoria_7,73.73931955561724,6.4030071699171325
Categoria_7,125.57650989727145,17.877944377817638
Categoria_7,119.64583770020425,0.0
Categoria_7,61.340939998160415,24.77786913605376
Categoria_7,73.75584539676,18.34963261840446
Categoria_7,98.20522437659088,0.0
Categoria_7,76.35714552648153,0.22069751390985617
Categoria_7,76.1092814718787,0.0
Categoria_7,119.60545098343746,0.7420468910081068
Categoria_7,139.64605305074994,0.0
Categoria_7,65.3349118857031,0.0
Categoria_7,109.05296254887597,0.0
Categoria_7,101.77261513452245,5.9311409346934925
Categoria_7,135.29630552628987,0.0
Categoria_7,67.45507380533886,9.664287187576164
Categoria_7,106.26903129920008,1.9741214041737296
Categoria_7,126.9247970675377,15.677514714978091
Categoria_7,136.89156456213115,0.0
Categoria_7,103.86431916251884,0.0
Categoria_7,67.68276193255473,0.0
Categoria_7,72.35345133701723,5.489679683464639
Categoria_7,105.40163178340464,0.0
Categoria_7,89.75674312340871,0.0
Categoria_7,56.94330512409536,2.4188170166220218
Categoria_7,65.08498731443163,0.0
Categoria_7,75.88243516109958,1.1821796595215952
Categoria_7,87.21982732067804,13.553505885224709
Categoria_7,125.81019436886248,11.916723987556027
Categoria_7,138.80115768339738,0.0
Categoria_7,103.13460828758562,10.127682310122443
Categoria_7,112.67087150414966,4.909399180907405
Categoria_7,145.02033565291492,2.058775802996487
Categoria_7,118.20549343582246,6.597649481613488
Categoria_7,53.20700916669548,0.0
Categoria_7,70.82509899138577,0.0
Categoria_7,69.81468935381815,4.791763081520581
Categoria_7,61.81982044511798,0.3593031011406836
Categoria_7,113.82041683001333,11.616499038565646
Categoria_7,71.59871525496705,8.187407215596673
Categoria_7,78.7222580485429,8.08261040067802
Categoria_7,88.22442467079851,5.777288978411966
Categoria_7,77.82977824143558,2.10485821519111
Categoria_7,124.18606020413506,7.694556243104006
Categoria_7,141.98706627421996,10.616276148244681
Categoria_7,86.56517933027449,4.0066576085749706
Categoria_7,119.09214687752919,0.0
Categoria_7,104.14890670105893,0.3530407737507314
Categoria_7,78.68270419902667,0.0
Categoria_7,89.85040219604711,13.076669781556838
Categoria_7,70.9359108682979,7.9153617693872595
Categoria_7,87.70542688284556,0.0
Categoria_7,124.33101830405707,0.0
Categoria_7,136.52451872448566,13.492133144390412
Categoria_7,135.3370550886515,0.0
Categoria_7,130.40880511457118,0.0
Categoria_7,54.486797559645,0.0
Categoria_7,95.5377868262477,0.0
Categoria_7,79.14315062342727,0.0
Categoria_7,126.79548856922852,0.0
Categoria_7,131.6269309450462,7.256316548972773
Categoria_7,131.4847942131629,0.0
Categoria_7,115.31519821915614,4.339809287332318
Categoria_7,139.98995051840413,0.0
Categoria_7,96.9333678034888,12.448153646839145
Categoria_7,110.99468587256023,0.0
Categoria_7,78.67052751236247,0.5158015452058791
Categoria_7,126.17253950403219,0.0
Categoria_7,112.60175298118892,3.5192761976495497
Categoria_7,121.27337152065743,8.26641561262586
Categoria_7,61.19608698753823,0.0
Categoria_7,116.74104327256109,8.560429812239436
Categoria_7,72.88217910502091,11.772582833501374
Categoria_7,133.01663752297685,0.0
Categoria_7,130.6968995795308,18.149789766335648
Categoria_7,85.58108137855871,3.580068859323565
Categoria_7,101.61547550018956,0.0
Categoria_7,66.76738971971545,1.2192239562351244
Categoria_7,106.98279947713229,18.189752127592534
Categoria_7,93.08918385231229,3.950697557373259
Categoria_7,117.1622573454155,3.8827346362303676
Categoria_7,58.64961763810068,5.126053434382712
Categoria_7,115.96440355262521,9.479801339074454
Categoria_7,83.60340016997274,3.814104871267682
Categoria_7,59.34607678825033,6.468948757699701
Categoria_7,87.94303515983239,0.9086422489310644
Categoria_7,109.60458791665795,1.9916976481842075
Categoria_7,74.64965797546256,10.213898584147023
Categoria_7,86.52317937293844,0.0
Categoria_7,61.9291733136736,0.5951738435234071
Categoria_7,142.96938635740977,0.0
Categoria_7,84.19952009617262,0.0
Categoria_7,98.86747548916253,0.0
Categoria_7,91.1290224936078,0.32165948912480613
Categoria_7,97.6288031185835,10.626867692888846
Categoria_7,61.84368146368872,2.5054361747471288
Categoria_7,106.11607634527037,0.0
Categoria_7,88.65678984852234,14.171429536395319
Categoria_7,67.39872397270236,0.0
Categoria_7,127.90250440881081,0.0
Categoria_7,92.8111731272232,18.43614584948482
Categoria_7,73.3018969650276,1.1007631619867018
Categoria_7,79.52212675137137,16.732531018272702
Categoria_7,106.18231573576092,0.09871409075458298
Categoria_7,137.63266908267622,0.2872142120269472
Categoria_7,81.86290353759202,0.0
Categoria_7,48.460617400491074,0.0
Categoria_7,137.08145082707554,4.8653936455862254
Categoria_7,64.69603828161239,7.123242702847095
Categoria_7,60.09911424019338,1.871585302121509
Categoria_7,138.418979046592,0.0
Categoria_7,90.14774682180078,0.511963200395275
Categoria_7,82.23249677026459,0.0
Categoria_7,84.75062863923299,14.75058186126451
Categoria_7,59.153594523302374,8.463702988437042
Categoria_7,51.886506077324114,0.0
Categoria_7,126.17309692578928,0.0
Categoria_7,81.49744477068484,19.25434634454934
Categoria_7,97.73887813307013,0.0
Categoria_7,131.89310745142504,0.0
Categoria_7,144.23477007449725,15.112149604578079
Categoria_7,95.252814831054,2.638299107422824
Categoria_7,144.5539901081056,0.0
Categoria_7,131.51382545423,2.9677304413399086
Categoria_7,81.91742081457065,0.0
Categoria_7,49.115044859089544,0.0
Categoria_7,127.76842161033119,0.0
Categoria_7,81.11828264527031,0.0
Categoria_7,71.06598505521667,0.0
Categoria_7,55.04435444075026,2.8007885361677283
Categoria_7,76.66488063705894,0.0
Categoria_7,88.87467920568946,9.377869082033813
Categoria_7,136.1414956034984,0.0
Categoria_7,96.1949359434062,0.0
Categoria_7,140.8016670138031,0.0
Categoria_8,12.306520032919039,11.045245470734217
Categoria_8,19.786894661095523,4.758888343496963
Categoria_8,9.599181618645966,20.878139651704743
Categoria_8,8.797902032736602,37.30649160148529
Categoria_8,21.734002012199625,13.219919284067657
Categoria_8,16.108652043450086,8.6509712204103
Categoria_8,8.910793145095647,31.412004261904883
Categoria_8,20.878374723900187,11.112308917270965
Categoria_8,7.914206438301239,55.905700261021735
Categoria_8,22.125156726698677,8.827524747936142
Categoria_8,21.730495909026928,1.9796987931953707
Categoria_8,12.166229998274645,11.706108769265597
Categoria_8,13.524544399949562,26.816765804205332
Categoria_8,10.175626427082692,4.877239066738461
Categoria_8,18.369529884285065,5.745023609708708
Categoria_8,15.472008376791413,5.211024600452008
Categoria_8,19.991664499119437,17.43392280327109
Categoria_8,10.11230240868623,40.4804612453728
Categoria_8,16.145884266620982,11.075045401222813
Categoria_8,14.086813179075175,8.99441949961059
Categoria_8,8.324121838262009,35.831787217703365
Categoria_8,8.374834519811104,40.94532628840852
Categoria_8,10.471932607650846,31.596394579819012
Categoria_8,9.887562095651722,27.109999742146936
Categoria_8,19.483951355435366,23.066504281047358
Categoria_8,12.993112632726639,12.958006363409124
Categoria_8,17.389133391326233,8.031730516335262
Categoria_8,22.17556026839903,4.802643747065959
Categoria_8,21.86072358354096,11.084570793851036
Categoria_8,20.174051884618798,18.01479076545496
Categoria_8,8.774791431217336,21.75587946384494
Categoria_8,17.512133560362987,0.6270775199549696
Categoria_8,13.199232684088184,21.139571699839255
Categoria_8,20.268358723808447,0.0
Categoria_8,13.60271922324861,14.552239412215052
Categoria_8,11.372306026373156,19.521679043501642
Categoria_8,12.334760873269985,32.012328228422646
Categoria_8,18.444059848376206,27.539936462730697
Categoria_8,13.300147200205028,13.075978838024131
Categoria_8,14.943020208804242,20.315420562359016
Categoria_8,20.061028038498826,6.199576156502799
Categoria_8,18.255780519470726,18.98527721545655
Categoria_8,8.1010987724601,27.675727611584193
Categoria_8,8.56976017498138,47.00184345429588
Categoria_8,17.113784499027656,6.091278699772621
Categoria_8,8.952802896122618,19.363094664938558
Categoria_8,9.97953240281679,22.683427481214217
Categoria_8,21.755540660507116,5.716659053666614
Categoria_8,7.803460496651777,30.48403842391054
Categoria_8,12.45475485649946,19.423221086621243
Categoria_8,21.990444546217194,14.84602151225673
Categoria_8,16.140208305495918,5.217329734873999
Categoria_8,21.349250439801946,24.05797839955479
Categoria_8,10.724257963863279,49.220533777875886
Categoria_8,10.273539937648689,24.345795877132716
Categoria_8,13.447879042264933,23.601491147839585
Categoria_8,19.427016289707076,13.776344568725957
Categoria_8,19.089372368051503,8.879754043589651
Categoria_8,16.922825372934206,9.943028027879858
Categoria_8,11.210318074355712,6.7108554872993125
Categoria_8,19.181546698937197,8.731534380901552
Categoria_8,12.986042634630447,26.499172705866094
Categoria_8,22.537733508585134,2.151987953506554
Categoria_8,13.13280301764837,0.0
Categoria_8,21.735836569777426,23.502171705352772
Categoria_8,20.228617168645158,13.337555666176327
Categoria_8,12.981670046745283,30.149907237396285
Categoria_8,13.311764441782035,15.73522486436591
Categoria_8,19.953029733345243,11.155297901197613
Categoria_8,19.14642051504525,15.905755112353166
Categoria_8,20.125155271575842,6.105542176961271
Categoria_8,8.500716850080602,46.917539260593
Categoria_8,13.907315436886869,11.203867122728749
Categoria_8,19.259542646847386,29.4987102671479
Categoria_8,13.215033315098543,6.77512808899643
Categoria_8,19.2658077463334,14.972779387669508
Categoria_8,16.125076302785132,6.764088614654384
Categoria_8,19.254076996259386,0.7966380917564635
Categoria_8,15.15212869973876,5.817442836514063
Categoria_8,21.557063621893462,0.0
Categoria_8,15.8066965146079,3.5887896618876596
Categoria_8,14.598924544985046,24.010303672655688
Categoria_8,9.61386192256678,37.246492936215276
Categoria_8,20.649486527800935,0.0
Categoria_8,16.201630855228203,17.949887161999097
Categoria_8,16.966344395724626,5.090886909137285
Categoria_8,18.98640741975123,0.0
Categoria_8,17.70981161195613,20.14696814576274
Categoria_8,8.76559734714401,44.38569664341508
Categoria_8,16.921023276639552,6.852307325664126
Categoria_8,13.780239554437255,28.633613803290118
Categoria_8,12.953224669370279,17.82967826824958
Categoria_8,21.120580297112028,9.720283013662296
Categoria_8,20.77975726473361,7.5316799921365725
Categoria_8,10.513918007226996,13.780300480936514
Categoria_8,18.60634852534873,8.139111561678389
Categoria_8,15.965502648789148,1.8399755239584437
Categoria_8,10.975423714040316,29.39798547786889
Categoria_8,8.350118917941984,43.2951897222191
Categoria_8,20.93993355188894,0.0
Categoria_8,17.99451723185329,17.109523719815705
Categoria_8,18.801279222111262,9.6445231968197
Categoria_8,22.053755307026798,0.0
Categoria_8,8.524822477766412,37.7558308672199
Categoria_8,18.90674954624516,6.722376811079816
Categoria_8,15.921140242064496,6.525645032255648
Categoria_8,16.41375620428309,1.4445455507933307
Categoria_8,13.565924706839658,20.872884382952478
Categoria_8,17.227609835525023,12.778477037076316
Categoria_8,16.834739684822217,13.687541402590801
Categoria_8,10.6712944904058,36.43445442208631
Categoria_8,17.000543203079243,27.339214775652074
Categoria_8,15.262918783980286,0.0
Categoria_8,15.718234970257795,17.409219027864914
Categoria_8,10.756608555440515,19.7422186489564
Categoria_8,9.020428824768054,37.88065244717467
Categoria_8,14.437311669399719,8.19899669871683
Categoria_8,11.977878867062971,40.445391315113994
Categoria_8,16.317449421757097,18.57304175661055
Categoria_8,21.93779273523795,6.302660938188984
Categoria_8,15.456999513117278,26.044585254188
Categoria_8,8.276341713529467,28.919143239293437
Categoria_8,15.031352390012295,20.811037290627347
Categoria_8,7.895304302837187,38.03363166752757
Categoria_8,16.234852873092716,12.107377972145088
Categoria_8,9.027163545414183,49.82036656915172
Categoria_8,22.70598049073135,31.72758986777589
Categoria_8,11.358835938728134,26.70667145866871
Categoria_8,15.165958499382835,7.0340840921491115
Categoria_8,9.347250294721004,29.779575307409836
Categoria_8,20.62439473321452,1.9291718128054143
Categoria_8,15.4961617068722,8.057546012477692
Categoria_8,19.564620035193375,11.037364414751671
Categoria_8,9.548488218444053,23.294466975377464
Categoria_8,8.272457421686902,49.31008099444688
Categoria_8,11.756661220304197,19.615612838131142
Categoria_8,14.21320032792697,15.579651246284296
Categoria_8,16.617251733194855,7.1802258699106964
Categoria_8,16.513841948291777,0.47177061196970094
Categoria_8,9.354394043928195,19.788577197346378
Categoria_8,13.366398529213669,19.986012062744905
Categoria_8,22.61057289801007,4.605014769462327
Categoria_8,22.66917296375711,10.644985707691086
Categoria_8,18.5178594686896,20.895057912295748
Categoria_8,12.108207222012583,13.482152986423612
Categoria_8,15.143124777018704,36.157399006705454
Categoria_8,19.395449167625607,0.3532719684881691
Categoria_8,21.96858195041326,0.0
Categoria_8,8.57721504474739,44.21955044908796
Categoria_8,17.122269530388913,11.819587704586947
Categoria_8,16.136041850288322,5.590231099558239
Categoria_8,20.849161247755262,0.0
Categoria_8,16.333593803031924,3.6405050686304783
Categoria_8,7.957373505675461,40.21494594534261
Categoria_8,22.570647735809764,21.593327255393856
Categoria_8,8.939452831237876,16.94599239253623
Categoria_8,18.24412515796017,12.226927329219517
Categoria_8,9.65496439572833,36.62119154840637
Categoria_8,16.68060572966973,7.613483682682714
Categoria_8,21.277684560910593,22.916342985985658
Categoria_8,17.71317937815249,14.004087207668952
Categoria_8,9.734728851602199,37.23955177566376
Categoria_8,12.48579033743827,27.43814163210263
Categoria_8,12.35124109226651,31.411017197444025
Categoria_8,10.548261132106562,24.099132448060953
Categoria_8,11.191983384499167,39.66738203676558
Categoria_8,17.218785513460656,11.088379791726048
Categoria_8,14.935560533054762,12.5317771067295
Categoria_8,9.991792920842673,25.091331393235727
Categoria_8,19.56946207637002,6.2351313045839944
Categoria_8,14.271690643847514,12.450672161426485
Categoria_8,8.241157933432644,38.253039011828456
Categoria_8,14.585031992995432,16.34901752529894
Categoria_8,9.047264646686676,33.31430975128099
Categoria_8,16.01200038131685,11.393149610544686
Categoria_8,20.50247024065159,16.76704475808612
Categoria_8,9.771856337490913,30.64689350164537
Categoria_8,13.314055613524939,22.09470231265139
Categoria_8,22.17736496633347,0.0
Categoria_8,18.516976198429777,0.0
Categoria_8,19.511715150020596,16.390435650661395
Categoria_8,8.693951693247557,42.85788644723913
Categoria_8,13.681357943696305,7.374825804197652
Categoria_8,22.86767119599782,0.0
Categoria_8,17.622113443145683,23.71518590650242
Categoria_8,14.41086466815551,10.915532485944624
Categoria_8,21.118791327385054,1.9893207569722975
Categoria_8,19.37101818316356,0.0
Categoria_8,13.782084165541622,6.1421462294420905
Categoria_8,19.157872488118123,31.349676539872753
Categoria_8,11.231177482187315,21.889509820166545
Categoria_8,15.024253733426502,11.647715545734782
Categoria_8,10.301153140739991,15.11380071530523
Categoria_8,8.595219144074733,18.552094849190837
Categoria_8,16.70505821702551,29.440730281540525
Categoria_8,14.176531527021936,26.25599343508005
Categoria_8,18.521435312908828,12.092280767635447
Categoria_8,7.8235995928882565,14.726034442998031
Categoria_8,18.376830689897837,8.044344410806385
Categoria_8,13.388785697950093,18.75058274236605
Categoria_8,22.807299634219746,8.431952059756322
Categoria_8,21.74172231698496,0.0
Categoria_8,18.770695512087528,23.89059840898375
Categoria_8,21.039107740389895,12.490661035461383
Categoria_8,14.75562078287717,0.0
Categoria_8,22.617232089368386,2.7181643046018538
Categoria_8,18.460812485931143,3.1275977069397287
Categoria_8,16.18708624751821,12.883773237299403
Categoria_8,14.143063014252178,13.817477540711872
Categoria_8,20.45464808024905,12.385098187065525
Categoria_8,16.310009179166986,0.0
Categoria_8,14.948665541153837,16.093365257396812
Categoria_8,20.938744167106194,0.0
Categoria_8,9.700546008762899,23.269213075830308
Categoria_8,12.303331046154968,18.731118303838567
Categoria_8,11.218075538482177,38.466862488207724
Categoria_8,10.272855849938587,31.408796350845225
Categoria_8,12.999830229077691,16.849975578569907
Categoria_8,22.94750576500568,0.0
Categoria_8,21.45197150706891,7.929592207346242
Categoria_8,14.809088044172892,5.468396017749711
Categoria_8,10.552218397138908,35.5396020361694
Categoria_8,8.317189437747428,36.24318115816361
Categoria_8,17.053398941585456,1.1203465689448429
Categoria_8,14.315579352374126,14.411985684729519
Categoria_8,15.968505083204079,22.876411263334774
Categoria_8,15.065499172188556,23.722632203969937
Categoria_8,21.495047213461877,5.960497558449477
Categoria_8,12.88864359901828,25.619839698021813
Categoria_8,22.54556348852123,9.731830155158624
Categoria_8,15.558577252294484,0.0
Categoria_8,22.49642436499503,4.220636296904775
Categoria_8,9.912469797423611,11.871825926467256
Categoria_8,12.012638947646616,27.07185114718331
Categoria_8,13.9550002661184,8.720563591693578
Categoria_8,10.092989396659425,29.0504729020869
Categoria_8,14.488459914935584,0.0
Categoria_8,12.590115985860718,20.286177412262408
Categoria_8,9.051280937411459,31.041440295117095
Categoria_8,16.5130228542751,17.12622069831869
Categoria_8,21.73656006680313,5.163750687512032
Categoria_8,11.683007445616289,22.202340152200016
Categoria_8,14.6485352222605,26.368805995074254
Categoria_8,23.06003534480584,16.668588648114127
Categoria_8,12.143757419066343,40.55764059537062
Categoria_8,13.965434837067367,39.44408964344129
Categoria_8,10.318760824308555,51.741319987688556
Categoria_8,11.214674561674927,22.989900169160386
Categoria_8,16.095640277768865,14.848822897753898
Categoria_8,22.980830762758877,26.994518539503076
Categoria_8,17.1373607051386,24.973291982267412
Categoria_8,10.338816902663254,20.445879590068166
Categoria_8,13.639609802860281,8.7490238618822
Categoria_8,19.765589724834264,0.0
Categoria_8,15.176366469875854,18.17699255061716
Categoria_8,12.985068596476623,32.29342516394082
Categoria_8,20.200429022309407,1.7825015126312067
Categoria_8,15.489862043879802,6.9536533603989445
Categoria_8,11.732618764880133,0.0
Categoria_8,22.621278017218117,13.779618741586402
Categoria_8,16.518346720309154,23.389305453127683
Categoria_8,16.701951141639203,14.588831835773364
Categoria_8,18.782296332715255,2.928992657268492
Categoria_8,14.771229697784426,12.873333413470334
Categoria_8,13.793252397173891,13.15292377622336
Categoria_8,22.617665210813435,13.330151648846101
Categoria_8,22.485109575908943,0.4359759480037626
Categoria_8,21.520062692720323,0.0
Categoria_8,22.61593802083263,0.0
Categoria_8,15.822805816391734,7.740968802024162
Categoria_8,18.31590601280267,20.314345598123868
Categoria_8,8.506790923717258,26.94011670126534
Categoria_8,8.470354551122506,20.44662766798195
Categoria_8,12.577410858540816,7.366758341607309
Categoria_8,15.281945964412067,4.400125145602384
Categoria_8,12.48236450471451,13.946000892901376
Categoria_8,22.743650781560326,0.0
Categoria_8,16.60078132083447,0.0
Categoria_8,22.87374512963063,15.5213066581499
Categoria_8,18.751000817796065,0.0
Categoria_8,17.07541316525616,14.797484920134526
Categoria_8,8.698580207573,28.617770477562907
Categoria_8,16.902985561656664,4.12599493348953
Categoria_8,20.6883816007052,15.868817915964502
Categoria_8,8.17828110344498,36.817742124800716
Categoria_8,11.065511038060745,35.9381236455292
Categoria_8,9.773128377520479,23.305554644045387
Categoria_8,17.274497516750905,0.7562125789721925
Categoria_8,16.111276818283493,9.50354728902691
Categoria_8,11.391866309957802,16.027562287768816
Categoria_8,11.003134101228582,40.59570696604459
Categoria_8,11.063429161720748,16.70934537206353
Categoria_8,13.364556699100882,20.752147675292623
Categoria_8,22.431573515957176,7.2967476675663265
Categoria_8,20.048674137850128,0.0
Categoria_8,15.511803397992342,5.206087149777975
Categoria_8,19.7031074600282,10.764695900584124
Categoria_8,13.256562551442936,19.098176224308148
Categoria_8,18.307658199468094,6.962238911462929
Categoria_8,18.528647110131594,9.034763350769198
Categoria_9,9.027361846263013,57.82292041427867
Categoria_9,8.75215176726114,57.0350022569995
Categoria_9,14.276377653725497,20.429447008192454
Categoria_9,13.355458287191496,9.63515981513617
Categoria_9,12.984316056032185,39.451287151862694
Categoria_9,15.402610445663669,38.62100515238302
Categoria_9,7.14416042711377,69.71946383710907
Categoria_9,8.43183495822155,67.62383682761335
Categoria_9,10.606217072487368,46.481251819184294
Categoria_9,15.11854899514903,5.131441757525469
Categoria_9,11.638828429392259,36.53986617796257
Categoria_9,5.999149783486959,106.22578000386449
Categoria_9,7.976784108213623,36.557066767316186
Categoria_9,7.420642061356868,61.3113977851476
Categoria_9,10.929463565374737,24.792818816425587
Categoria_9,10.49247973738019,29.993022895857028
Categoria_9,6.892969671234681,62.80057691731377
Categoria_9,13.887260115877705,29.245124398937246
Categoria_9,14.23643502718295,21.08275787520055
Categoria_9,12.450842973155035,33.170180118364684
Categoria_9,14.523431194279866,43.0865725930166
Categoria_9,10.431287867015477,48.579076324853055
Categoria_9,11.196943972698275,36.09940762290861
Categoria_9,6.328750403523597,74.24111941807232
Categoria_9,10.177147400548002,44.06735512092548
Categoria_9,6.894407265464574,50.72676699656551
Categoria_9,12.97041845569321,23.65072345608095
Categoria_9,6.57763355062935,77.83140694467
Categoria_9,7.02610018862702,67.81673542315912
Categoria_9,10.528132705902244,48.80316395261869
Categoria_9,6.603742497748144,81.93189290494061
Categoria_9,14.456612174024837,28.265888690027996
Categoria_9,12.256519656214952,26.931531183122857
Categoria_9,9.633396468479926,37.10890104391318
Categoria_9,15.70611686580957,33.199528930769745
Categoria_9,13.174046377228809,31.74018835498446
Categoria_9,6.666777909563227,63.06152812439121
Categoria_9,12.398596272356915,39.971996888544666
Categoria_9,9.153433556895097,49.66319102844809
Categoria_9,5.710481388393993,87.70150073113005
Categoria_9,13.025337033152876,36.12058406544716
Categoria_9,16.04850479164828,26.443475199479494
Categoria_9,16.061159180499793,34.610732509761334
Categoria_9,6.839262040389491,82.79125064234941
Categoria_9,12.519188900357133,24.68107883339082
Categoria_9,9.385616014322705,44.15256224973301
Categoria_9,14.43706846238361,20.97076260853
Categoria_9,6.0419914082392125,101.10779565499027
Categoria_9,10.088766878023872,48.359673034314
Categoria_9,12.420128566086321,29.868088396129945
Categoria_9,8.834419720162558,41.32550354683974
Categoria_9,16.028139113857648,21.80364428282338
Categoria_9,9.361304570252432,23.119902077502143
Categoria_9,12.871024958451699,25.610788132252328
Categoria_9,12.650292370381319,19.75175885071818
Categoria_9,8.878127050674959,57.669191431382266
Categoria_9,6.80553435182511,66.8392674319519
Categoria_9,11.94770113239018,33.19803640220586
Categoria_9,14.908427096686477,22.362939164481908
Categoria_9,10.441521550498221,48.37775181421772
Categoria_9,6.280009378024469,88.27310960851425
Categoria_9,8.105182848640876,60.27869746744503
Categoria_9,10.027880772549588,44.043856655565314
Categoria_9,7.537427662146516,45.02259606180128
Categoria_9,6.551137208965405,71.73348502236986
Categoria_9,9.169032645243664,58.13438973683827
Categoria_9,11.39035074084531,36.31293204333987
Categoria_9,11.781742654818148,29.546996124270226
Categoria_9,7.473175993114186,56.617913116215476
Categoria_9,6.062681197584098,77.37833601855321
Categoria_9,11.840120173904904,33.47250558037897
Categoria_9,14.362024043097097,18.94601012695064
Categoria_9,8.998622697455957,58.5126743208215
Categoria_9,8.42690449936821,35.010700538804045
Categoria_9,5.7318580868955085,96.3562592108532
Categoria_9,11.763466766181569,46.795134499974935
Categoria_9,13.515085734664687,16.49235542692999
Categoria_9,9.278812676756033,51.88636150060758
Categoria_9,6.814883146650411,73.75673984640429
Categoria_9,14.787655327367077,15.844544120235705
Categoria_9,15.92108316132072,10.103217147880438
Categoria_9,6.592188909282166,77.87941755965755
Categoria_9,14.289699789884288,43.72622653191452
Categoria_9,13.94804813145553,38.34104077049612
Categoria_9,13.09704659636575,34.648450216370726
Categoria_9,8.556670935687178,55.50423027442758
Categoria_9,12.413175238374125,32.44791536136455
Categoria_9,5.806038062361694,86.50569935044687
Categoria_9,11.75298332268197,38.05467810149661
Categoria_9,7.356714090440136,54.71051380448604
Categoria_9,8.004264208855911,64.58845753324385
Categoria_9,7.746640658105905,58.42748954679913
Categoria_9,7.012217451939981,67.25179158824108
Categoria_9,15.366546440643528,38.87533619306788
Categoria_9,7.038063041357483,54.50587172511085
Categoria_9,7.1484955739661284,72.19842209990064
Categoria_9,12.88101348268093,43.59938822345233
Categoria_9,8.810579006558894,54.371831027151536
Categoria_9,10.318178279720737,41.63895613320115
Categoria_9,8.623217711758311,50.01294627892236
Categoria_9,8.65117212085805,58.919615022301834
Categoria_9,8.188641661320364,34.65335689681495
Categoria_9,15.404694669943972,27.547406033857744
Categoria_9,6.568512098594706,70.64476145743224
Categoria_9,12.588583292224488,29.37438332536522
Categoria_9,15.735856795032909,26.81077436957301
Categoria_9,12.809073912256359,19.87692474865746
Categoria_9,8.748237819957218,43.55678235538183
Categoria_9,6.4546859714163,88.97864353084992
Categoria_9,6.981126295844664,64.08650716395684
Categoria_9,6.860709979076491,57.843684968154655
Categoria_9,6.504674347007329,80.00729551336386
Categoria_9,7.258299833312101,77.54136888350047
Categoria_9,11.290206045790509,22.118872480594945
Categoria_9,12.812385187074934,39.484600653353446
Categoria_9,8.3386148179509,67.53417327582535
Categoria_9,5.866804461823162,95.79019357878688
Categoria_9,11.640921233005937,32.183624334867716
Categoria_9,14.50238328754467,35.450941494258814
Categoria_9,16.10854506996995,33.21883436207905
Categoria_9,16.169991077485296,10.199415492535008
Categoria_9,14.134104700068995,33.38013685262257
Categoria_9,6.607196307617041,74.26216469995227
Categoria_9,9.609182191454948,44.29815997287734
Categoria_9,12.30637695171415,13.5965941462924
Categoria_9,8.82046551731742,29.570040331760314
Categoria_9,13.737624272040822,27.78231141281832
Categoria_9,13.468797443063227,26.048193677939157
Categoria_9,8.194243428763656,52.88431039946093
Categoria_9,15.371151929596465,20.26682784521001
Categoria_9,12.33406031882279,21.134415398147688
Categoria_9,13.272405663918143,36.48396856851732
Categoria_9,5.748327830735604,103.03123234801444
Categoria_9,7.032424972084706,52.684181533257814
Categoria_9,14.400205590479853,31.780167438860605
Categoria_9,9.85259995117457,29.781659292832817
Categoria_9,11.929864299576701,29.733760427418677
Categoria_9,14.363997588601446,29.217481382147366
Categoria_9,16.3196479555796,13.977155507253782
Categoria_9,12.65712378883114,21.208454792397973
Categoria_9,15.950645960543742,21.571210807716685
Categoria_9,14.096601619935626,34.11787000320651
Categoria_9,6.919762852311762,63.39503223515028
Categoria_9,6.532374905989348,65.65943606135811
Categoria_9,8.399744563480006,47.842863935521784
Categoria_9,6.40439486285605,87.86801776470612
Categoria_9,9.167186653623412,46.63863087343077
Categoria_9,9.971935251748958,42.29625804715338
Categoria_9,7.254924940279141,60.7294139954502
Categoria_9,6.0585795971889675,80.58941692085217
Categoria_9,6.752493394022539,78.07841200138489
Categoria_9,10.84903363941859,38.070759196412084
Categoria_9,14.617262884009737,42.03995391731681
Categoria_9,13.40829384051245,22.757875560960425
Categoria_9,7.335744296523856,76.77996005562065
Categoria_9,6.211735664493495,65.72301320922188
Categoria_9,9.377416711389849,46.35193483708565
Categoria_9,10.607290809816929,37.9688698064318
Categoria_9,14.324593098026135,38.71726522253183
Categoria_9,11.923020205579167,29.051173048714332
Categoria_9,15.092369978519358,40.52491939082928
Categoria_9,12.29966542516442,16.073194379623935
Categoria_9,9.985236035850104,33.84517120550906
Categoria_9,13.45360226308319,20.539919699248845
Categoria_9,8.925448762223468,35.572812132486604
Categoria_9,15.88857271807683,21.852922412032196
Categoria_9,14.711260353663892,21.408081976219254
Categoria_9,13.74014504415089,36.81887343493317
Categoria_9,7.008256962795138,55.55348279111595
Categoria_9,11.080567431327644,58.38459525767179
Categoria_9,5.523472266243381,110.1152736171828
Categoria_9,10.26073049187072,33.78647373450796
Categoria_9,13.41206497560043,34.071941763954584
Categoria_9,11.847007775608539,26.76212908483858
Categoria_9,7.736286549487211,65.05240470737297
Categoria_9,14.475700546148815,11.449979324568282
Categoria_9,9.966132034894033,47.28847174278646
Categoria_9,12.726877021991413,25.465347184833504
Categoria_9,10.31941726985423,24.871618411360025
Categoria_9,12.264660388094812,30.37345558730058
Categoria_9,9.346965450393352,45.055197234703506
Categoria_9,10.730851897932435,39.047326570272965
Categoria_9,11.601242176620985,50.93267429326416
Categoria_9,11.823108269877007,28.672700754142515
Categoria_9,10.801399027579798,35.31771095490235
Categoria_9,8.117847293659779,41.123044341590614
Categoria_9,15.39982070302224,26.256721562499717
Categoria_9,11.244269366328403,33.591856901613916
Categoria_9,12.316271854745516,20.036062646520964
Categoria_9,9.53285830651767,45.15666848057171
Categoria_9,6.521393715161552,65.22146938889817
Categoria_9,13.91020151994547,47.07765171219236
Categoria_9,7.841946347423847,54.325933347282174
Categoria_9,15.527639688582077,10.744315488934111
Categoria_9,13.174811711802844,33.62646116475817
Categoria_9,6.358854678907713,50.75023635492596
Categoria_9,16.158836253653988,8.780126495738006
Categoria_9,11.818459458890496,42.173333488099146
Categoria_9,6.633898460051095,60.00403724824365
Categoria_9,13.252522191028344,35.128538063601795
Categoria_9,13.897536292193216,36.364894563109004
Categoria_9,15.156301629555763,38.72936737271645
Categoria_9,6.298050707745757,66.26374054723615
Categoria_9,16.196257809964077,13.174222122512596
Categoria_9,9.680545029992476,51.960732882985695
Categoria_9,7.750633796347945,69.80511464722967
Categoria_9,8.04360527172624,49.04788098783026
Categoria_9,7.9927462932446804,40.00983719628043
Categoria_9,5.656136031288135,77.82523037237782
Categoria_9,5.519430558041133,81.18979672051952
Categoria_9,12.846414694962295,26.09773855268799
Categoria_9,7.180125009094822,67.75239684864995
Categoria_9,14.041884985979117,20.829127372126003
Categoria_9,12.218339965097087,32.364906840209684
Categoria_9,8.804648558566878,61.878617204320896
Categoria_9,14.268847533667863,18.848946987634612
Categoria_9,9.799913455762585,41.03068566594946
Categoria_9,13.843273546974803,32.06337825433715
Categoria_9,10.708992144217781,42.27187163876333
Categoria_9,7.629055270232016,65.27584139373282
Categoria_9,14.205543574595527,20.627577925061118
Categoria_9,15.807095387483137,29.47556929469529
Categoria_9,5.984941618520855,84.98220553688218
Categoria_9,11.70944134699538,21.243142971005398
Categoria_9,12.464362870963326,30.65609877433616
Categoria_9,15.589479867822686,19.470750373478392
Categoria_9,12.690728296947228,9.203710930645887
Categoria_9,10.873246341070578,57.71428578512641
Categoria_9,6.228242817752538,79.56774003758184
Categoria_9,13.770487013368282,46.341453459205084
Categoria_9,10.724375935865655,41.36405828622313
Categoria_9,7.318575729923387,53.72570926439947
Categoria_9,14.937800808155593,12.719179566806337
Categoria_9,15.91678894693489,25.152514298374214
Categoria_9,11.084378244709788,37.56172583234793
Categoria_9,8.198178237003866,47.61188061963989
Categoria_9,14.19002495276214,0.0
Categoria_9,13.643429821137282,28.000553765106297
Categoria_9,6.884114039583632,88.94171337693727
Categoria_9,6.41610825736452,96.29932989319734
Categoria_9,9.99177917233844,46.987279574855656
Categoria_9,6.845277440182666,65.79363076107829
Categoria_9,13.279030470425953,30.24251651763167
Categoria_9,9.31784716587472,37.20229556320986
Categoria_9,14.029157905266931,32.31231004232239
Categoria_9,8.007521636248585,43.26977054608413
Categoria_9,13.210060752194886,30.548298553092394
Categoria_9,6.825771427115743,80.00335062101966
Categoria_9,10.095810524577473,45.522083693127605
Categoria_9,13.702124693427582,18.14571151826176
Categoria_9,6.593779946189783,86.80395413955264
Categoria_9,15.631887516576562,22.38782865509158
Categoria_9,11.031614677841858,36.368358421780826
Categoria_9,9.732798314376748,49.02101970115275
Categoria_9,14.674489626383497,0.0
Categoria_9,10.779036218615616,28.855590970056465
Categoria_9,14.659054055244361,20.791881272614845
Categoria_9,9.07003543483995,58.71544354785495
Categoria_9,10.796620472543424,21.898253233605928
Categoria_9,14.084027892774717,29.74906703030381
Categoria_9,10.737351668872488,29.901631458906976
Categoria_9,8.04194517296805,52.49091074229636
Categoria_9,15.77467153890505,13.000173437498175
Categoria_9,10.45642352916182,33.42225460543538
Categoria_9,8.784730183969874,48.660233430560424
Categoria_9,11.364579154524744,33.05300638025456
Categoria_9,11.447341996388696,26.5628738136432
Categoria_9,15.951400076855307,1.071052401213155
Categoria_9,9.549481717683495,35.200433460846725
Categoria_9,10.424769514316257,30.6811279507738
Categoria_9,13.709221529849493,33.15897286514742
Categoria_9,5.672444689207347,80.87564178068895
Categoria_9,10.002107373271865,34.327836832845975
Categoria_9,11.578224920093954,45.092127214289285
Categoria_9,7.67333217066759,55.77027554106367
Categoria_9,14.9596075188417,27.66053494246603
Categoria_9,9.279337247259772,36.185954772858175
Categoria_9,15.302617089524787,34.3604161542575
Categoria_9,6.820619091572875,69.55638658599727
Categoria_9,6.334097144563951,64.10477080932901
Categoria_9,7.57538221375947,67.18957021120615
Categoria_9,11.372373005109615,32.39512533635646
Categoria_9,8.378246268109203,62.58309278520889
Categoria_9,16.208354353176222,33.86051313304494
Categoria_9,8.327141693277783,49.180931012782324
Categoria_9,6.679217870375261,73.3556520414345
Categoria_9,5.484889338375186,94.9867357542038
Categoria_9,8.708313947549302,64.676185439094
Categoria_9,7.088672903941159,57.862961673098205
Categoria_9,13.674281786785563,12.139004463934995
Categoria_9,11.316177668703613,32.63569838584704
Categoria_9,15.599559256635398,13.366907062181012
Categoria_9,12.380034253030386,29.00249723280529
Categoria_9,9.378787017668651,58.94967961354726
Categoria_9,6.622121525337829,75.72316647982379
Categoria_9,7.272117891404398,67.83585895862795
Categoria_9,11.01792959028614,59.3065198936957
Categoria_9,15.740991935291973,19.550324325568965
Categoria_9,11.752750372279673,26.485648621208433
Categoria_9,6.126955013304674,81.60952811913114
Categoria_10,33.39796474817237,0.0
Categoria_10,35.888697560060514,5.079823731017879
Categoria_10,17.588345985522025,0.0
Categoria_10,23.431225222962205,0.0
Categoria_10,20.2711828152064,0.0
Categoria_10,39.93105708415574,0.0
Categoria_10,14.932855113230502,0.0
Categoria_10,35.898390067674214,2.4329390425258195
Categoria_10,27.1818972998288,27.53274162596207
Categoria_10,18.01886865396706,14.921127980438726
Categoria_10,18.740806597693133,11.970728124332988
Categoria_10,19.07462357018848,0.0
Categoria_10,16.555416703750915,10.024332105583607
Categoria_10,21.41413669908869,8.670363045270904
Categoria_10,17.073700789251895,8.389866887319094
Categoria_10,30.697169226100762,0.0
Categoria_10,34.456102496852274,2.715883336110275
Categoria_10,17.616966651883576,7.61469640242801
Categoria_10,19.96976915844732,0.0
Categoria_10,15.378642883540897,9.82996788868309
Categoria_10,32.32155968773317,8.62961873400322
Categoria_10,30.89724442084546,0.0
Categoria_10,15.859368870410531,0.0
Categoria_10,14.806552254987473,0.0
Categoria_10,26.767611239936812,0.0
Categoria_10,22.851095301675727,0.0
Categoria_10,34.190026329452024,0.0
Categoria_10,23.276614476624793,5.930315011078399
Categoria_10,23.4593237276163,5.928435013599197
Categoria_10,32.427615117474254,0.0
Categoria_10,18.544490983758916,0.0
Categoria_10,30.304995703649176,0.0
Categoria_10,16.690802511112388,17.437826996369616
Categoria_10,37.9103506281761,0.0
Categoria_10,28.314383416941425,0.0
Categoria_10,36.07849791783127,0.0
Categoria_10,30.734947502496418,10.156033405795224
Categoria_10,37.44380473066848,4.509983241258739
Categoria_10,38.13734815831819,1.8000945893309819
Categoria_10,33.32158826913567,0.0
Categoria_10,33.762577474304614,0.0
Categoria_10,34.850287539832266,4.623615881587047
Categoria_10,32.773668240742175,0.3535859163381334
Categoria_10,18.10384928566452,0.0
Categoria_10,22.49564781630446,1.789026253996445
Categoria_10,28.200965733561876,0.0
Categoria_10,30.073344503504202,11.00054852610808
Categoria_10,19.21820027198725,7.8403190100440785
Categoria_10,16.666893290324758,2.289904409964478
Categoria_10,39.613842042727285,2.6446417406661142
Categoria_10,36.06220295001084,4.807356591105288
Categoria_10,16.046262498130968,4.453003226357081
Categoria_10,21.571319034001476,0.0
Categoria_10,38.367816818765164,13.645153857615828
Categoria_10,15.193401825753549,27.00117856196228
Categoria_10,30.96367361133536,13.226213535541259
Categoria_10,20.29811003629047,13.048174643513002
Categoria_10,18.6670045027098,0.0
Categoria_10,35.64127750316883,16.226168195758007
Categoria_10,32.59896380263619,4.768760272251953
Categoria_10,19.004615717694566,13.78353708819732
Categoria_10,25.037771117779144,3.847390635352504
Categoria_10,39.394404451407176,0.0
Categoria_10,23.89129280743563,0.5274559143751287
Categoria_10,38.99448496578344,8.793767803979133
Categoria_10,37.10206630761267,0.0
Categoria_10,22.837039805977717,4.451554906220952
Categoria_10,21.798203270964493,0.0
Categoria_10,34.46088218094281,0.0
Categoria_10,34.32619449394465,0.0
Categoria_10,23.70134780790946,0.0
Categoria_10,23.29781678001579,0.0
Categoria_10,27.55816770198179,0.0
Categoria_10,27.51272239084293,12.961187235862806
Categoria_10,31.447153969049822,0.0
Categoria_10,38.50321276965342,0.0
Categoria_10,32.86562060849829,19.676753391514378
Categoria_10,14.217624139517536,15.337884178026659
Categoria_10,30.033599923002562,31.455557043402994
Categoria_10,23.08516493949708,8.45238388823811
Categoria_10,15.61909318504152,0.0
Categoria_10,14.846454408289492,0.0
Categoria_10,14.43968003620324,8.588645213471196
Categoria_10,27.095064500316994,19.424137751009305
Categoria_10,19.961224974008918,0.0
Categoria_10,18.532482877088842,8.57154308917618
Categoria_10,25.805892555645,0.0
Categoria_10,30.762470266767778,0.0
Categoria_10,30.91649515588942,0.0
Categoria_10,15.3937596767488,17.099083869241667
Categoria_10,20.781616178733408,3.255412927929226
Categoria_10,32.49500335479472,3.970275385925734
Categoria_10,13.6282458253902,0.5602399539829284
Categoria_10,28.720818569164003,1.6463330201223818
Categoria_10,38.16362588645664,1.2476835808300673
Categoria_10,25.738541665334353,6.710021948534291
Categoria_10,38.814909384268326,0.0
Categoria_10,25.940558721714353,3.6334823864762544
Categoria_10,19.883877795086462,0.0
Categoria_10,29.06772011839465,0.0
Categoria_10,23.01389310782957,2.3394860779865523
Categoria_10,35.73086064108126,0.0
Categoria_10,31.266778320101075,6.294488169655822
Categoria_10,37.93360585697569,0.0
Categoria_10,19.053957184007388,5.504468393673287
Categoria_10,27.66845345063215,10.550514664656298
Categoria_10,14.17844996824028,3.088297242657538
Categoria_10,30.3129816220738,0.0
Categoria_10,28.399064806875337,0.0
Categoria_10,28.605916932815614,11.065689130135073
Categoria_10,15.798213026778301,19.66326836646342
Categoria_10,32.0561923933829,0.0
Categoria_10,40.04046941586285,0.5996761543918341
Categoria_10,22.28219165730873,0.0
Categoria_10,25.265738920379228,6.12514197879545
Categoria_10,37.134044839201565,9.181170370308575
Categoria_10,18.897160476104737,0.0
Categoria_10,21.880810477855377,9.832860269373528
Categoria_10,27.18592503145586,10.988988436205277
Categoria_10,24.06910858249302,0.0
Categoria_10,18.78020110186292,0.0
Categoria_10,38.01979355097351,0.0
Categoria_10,33.897085811870895,4.097634035236777
Categoria_10,25.928523652954183,1.7751256412927834
Categoria_10,14.994944284329236,0.7023412365148038
Categoria_10,17.64520013777429,0.0
Categoria_10,38.88335261204348,0.0
Categoria_10,29.30033097391582,10.268507584771404
Categoria_10,32.80960380289174,16.538102578978204
Categoria_10,28.53049457815206,2.3002045420932906
Categoria_10,28.276901542008865,0.0
Categoria_10,13.995682290098294,8.020288544454754
Categoria_10,32.846942143339994,1.9629857661388237
Categoria_10,27.9140040019549,0.0
Categoria_10,39.45414164578421,0.0
Categoria_10,28.249612640162482,1.2084607380903478
Categoria_10,36.02346750446235,7.187128183516097
Categoria_10,18.567600832869058,0.5736104350890692
Categoria_10,29.961771686937887,0.0
Categoria_10,22.759194672097834,1.2212715175012878
Categoria_10,20.554964974062145,5.873409374865666
Categoria_10,20.630677726652127,4.021007377247944
Categoria_10,35.227563598616534,1.5344899839045028
Categoria_10,15.325665772559882,0.0
Categoria_10,38.51986307036384,7.866410174189745
Categoria_10,35.561460339434056,12.848446986778775
Categoria_10,30.823771607265485,1.5687865907957075
Categoria_10,16.57509753308767,12.22926938838227
Categoria_10,27.618098946236383,4.008230955078345
Categoria_10,26.39095362043911,0.0
Categoria_10,30.153734870900678,7.748665820308672
Categoria_10,23.734809068360967,1.9470498364002427
Categoria_10,24.82975223714157,9.386840985953667
Categoria_10,21.460124066502182,18.014533416134636
Categoria_10,24.465631583439276,0.0
Categoria_10,14.124671700199714,0.0
Categoria_10,19.38787138666615,0.0
Categoria_10,15.58120557598077,10.812262204278033
Categoria_10,26.174992687230432,7.596152295113301
Categoria_10,38.01234275968404,7.494956922699025
Categoria_10,36.3839252239512,0.0
Categoria_10,34.458867690269095,2.379796362029616
Categoria_10,36.142050087989254,1.317856182670743
Categoria_10,19.686631091058405,17.30912259025196
Categoria_10,36.13719263677995,0.0
Categoria_10,19.119760449553013,0.0
Categoria_10,34.719183707565136,0.0
Categoria_10,36.03741623978187,11.497111685930424
Categoria_10,28.328383770741546,9.44712062097432
Categoria_10,37.29067270053122,0.0
Categoria_10,25.785203512080678,0.0
Categoria_10,35.05298975922197,5.1649123768029686
Categoria_10,39.41421032724497,0.3774965094661058
Categoria_10,15.743788643411346,0.0
Categoria_10,28.44969343947254,0.0
Categoria_10,25.30503953323527,1.9192156340315623
Categoria_10,22.405061238790502,27.829552891980903
Categoria_10,13.658807141104864,12.590243611928301
Categoria_10,33.87214805694899,0.0
Categoria_10,14.85252895611666,19.211451515565685
Categoria_10,33.70900801727814,0.0
Categoria_10,28.927808678979396,0.0
Categoria_10,17.589833016838963,17.402747810419484
Categoria_10,28.47599933668763,0.0
Categoria_10,23.811458178513377,17.596197418737212
Categoria_10,13.58813930422691,0.0
Categoria_10,15.539475769046087,9.333772886311486
Categoria_10,20.701495078485767,4.9695969730507965
Categoria_10,23.382454355544226,12.050023814037726
Categoria_10,38.731330537851,2.5872746522499623
Categoria_10,33.296170227335935,3.614209465384959
Categoria_10,24.45186054703754,0.0
Categoria_10,26.074204578222776,0.0
Categoria_10,21.533618799080784,16.892624992692987
Categoria_10,23.745823067760856,6.425953552299072
Categoria_10,20.745327011684363,8.894204331596487
Categoria_10,16.58684735831954,6.806595519221162
Categoria_10,29.05278622603955,0.0
Categoria_10,27.760530178174584,0.0
Categoria_10,35.11047775917738,13.262265807655512
Categoria_10,27.48670808037287,8.798968691643928
Categoria_10,21.713317080003392,3.0756425741629214
Categoria_10,36.78753461040649,0.0
Categoria_10,14.406762126099544,13.595145840692018
Categoria_10,16.1663465108144,0.0
Categoria_10,23.403392225026032,8.552525061642505
Categoria_10,26.90685287640642,0.0
Categoria_10,24.346099454336162,5.319301352346435
Categoria_10,26.4602514790016,14.882834308832312
Categoria_10,18.04208986852859,5.230588947223242
Categoria_10,35.12993686690384,6.278568939876431
Categoria_10,32.22077149045375,19.488933477402533
Categoria_10,24.497901121830083,5.932799474080457
Categoria_10,27.523939260563584,0.0
Categoria_10,30.604987175453772,8.025983386659114
Categoria_10,29.20807171343175,0.0
Categoria_10,15.724619778905092,20.439730720374897
Categoria_10,34.76202180903045,0.0
Categoria_10,26.716081512490987,0.0
Categoria_10,24.459783942637564,7.0558472763417965
Categoria_10,37.56800702560878,3.9437852462264615
Categoria_10,36.503863519320674,7.505193169656478
Categoria_10,15.815163084054024,0.564413762325791
Categoria_10,18.220806032116837,11.627114436081344
Categoria_10,19.86036934324505,0.0
Categoria_10,22.041439247791384,0.0
Categoria_10,17.056291234152205,10.066599456127184
Categoria_10,25.29933139081954,0.0
Categoria_10,22.74389148899584,6.863214881654676
Categoria_10,33.758880774660696,3.9301651895359706
Categoria_10,22.34854659428123,0.0
Categoria_10,16.931104613514353,8.628354408627295
Categoria_10,22.714566454672955,0.0
Categoria_10,15.129668786480703,12.326622030433729
Categoria_10,16.968483254493854,7.596874180363674
Categoria_10,20.231895539987036,12.50941391543471
Categoria_10,28.346524063102933,22.608839503999683
Categoria_10,19.694305762762433,6.732683498668488
Categoria_10,36.64951682742404,12.019027294089055
Categoria_10,13.863733141747874,0.0
Categoria_10,23.440627488211668,8.220496448026449
Categoria_10,15.384389700613147,0.0
Categoria_10,34.654491330445865,7.761724011514026
Categoria_10,35.00585610615666,0.0
Categoria_10,28.523301210628535,9.674204007330427
Categoria_10,22.980566585799924,14.449713478688205
Categoria_10,35.15752567331029,6.945498754383059
Categoria_10,33.452891723257814,0.0
Categoria_10,23.609820346023334,0.0
Categoria_10,35.40209580118561,0.0
Categoria_10,38.40943050708829,20.94663698138104
Categoria_10,37.69362916558743,6.46242307413507
Categoria_10,16.077693400516456,12.073755263784074
Categoria_10,35.557379591951836,0.0
Categoria_10,36.45144336085973,0.0
Categoria_10,25.18994633939637,0.14594323896607153
Categoria_10,19.628416172881412,12.739013193195376
Categoria_10,15.459354620233473,0.0
Categoria_10,35.66043949367195,20.008874527641332
Categoria_10,15.83877312921855,0.0
Categoria_10,22.492479070246212,0.4984568000193008
Categoria_10,19.436840889426186,16.773277128431022
Categoria_10,38.5043403556593,0.0
Categoria_10,28.557883199217606,0.0
Categoria_10,38.78152159970142,2.546308440532236
Categoria_10,36.58077458537265,0.0
Categoria_10,26.246353197636722,0.0
Categoria_10,28.415916194703648,0.0
Categoria_10,21.604676109276042,14.743019399435624
Categoria_10,28.8036846949914,0.0
Categoria_10,40.270523918602414,0.0
Categoria_10,17.72166960323637,0.0
Categoria_10,17.837552307515146,12.734724050308708
Categoria_10,37.76033007640695,0.0
Categoria_10,39.62262803256118,5.112762591952723
Categoria_10,22.247934896630664,0.0
Categoria_10,16.46163931008688,7.595025393221944
Categoria_10,17.855477003701743,12.758659519183135
Categoria_10,24.9763938064673,11.872180691848756
Categoria_10,25.609914750813132,0.0
Categoria_10,40.00386317033542,0.0
Categoria_10,26.37502778511606,0.0
Categoria_10,26.945382295373204,12.981685264307602
Categoria_10,36.92737151425448,0.0
Categoria_10,38.64574305587093,4.879584409809575
Categoria_10,28.218919215513324,5.027899093616387
Categoria_10,35.6149637033809,0.0
Categoria_10,21.943273012065536,0.0
Categoria_10,25.985195548449926,0.0
Categoria_10,27.58155278099717,0.0
Categoria_10,14.9643560162551,2.73363504440211
Categoria_10,25.903615751575984,0.0
Categoria_10,25.068250413465037,8.288216769031846
Categoria_10,24.88203135128868,9.93149579686853
Categoria_10,22.394304814200666,13.03963689488847
Categoria_10,14.829333511917998,0.0
Categoria_10,13.775010645391141,4.873300517758983
Categoria_10,16.9462315170301,18.414896933653196
Categoria_10,19.758191934946353,1.391847347842483
Categoria_10,27.407128435282164,20.098356445423207
