Categoria,Preco,Demanda
Açougue,53.84874358278874,90.37252543261239
Açougue,28.67260910825662,148.908621428341
Açougue,24.393059340223846,162.67562348861355
Açougue,52.8031739957178,112.7450584932035
Açougue,22.75402499568598,160.5882409993515
Açougue,29.870661669253913,137.084342486287
Açougue,35.1523111030075,103.51269555162811
Açougue,34.58352646045482,140.36131242715643
Açougue,48.59754532693316,103.36702675068828
Açougue,37.86747253062046,116.79489914988291
Açougue,41.788490738524374,111.09476374671334
Açougue,44.330778223363104,119.45445371768102
Açougue,47.7479231093166,109.96488929039452
Açougue,29.307677884700475,138.74455222605252
Açougue,24.697620101096625,152.7481025676387
Açougue,26.123417755117327,163.19286460397743
Açougue,51.76118032947673,93.6052103496039
Açougue,43.497800137963054,113.10184373059306
Açougue,23.3573798299766,161.62187018548784
Açougue,50.81223395255812,108.82262829671888
Açougue,35.478763422636476,156.73536008480926
Açougue,29.934036780166167,154.09940749314094
Açougue,64.23350238017312,93.90849001101205
Açougue,62.14814739767165,102.29366600527254
Açougue,25.722189669856885,144.99922822368967
Açougue,33.71459454074433,116.94981404330883
Açougue,58.07727050504338,83.715367911295
Açougue,45.574797173281766,102.8831197269354
Açougue,28.013907435225743,153.49757162485264
Açougue,53.71819585081974,110.51029608537829
Açougue,55.56546067299883,97.6080266795324
Açougue,26.918780962657287,144.8603322040305
Açougue,59.579356980338204,80.68678331011482
Açougue,24.63235253727981,169.98839004191979
Açougue,35.44691058142109,140.8158857220758
Açougue,49.721056660089936,97.26257140970326
Açougue,60.633141718163444,84.43119125638114
Açougue,53.02924408399988,101.63050784036261
Açougue,55.10716286166452,115.10896632767609
Açougue,43.43742483315131,118.19269754162087
Açougue,44.70223108574477,108.94872409630669
Açougue,26.5700897280459,151.62133988894027
Açougue,23.228031389813328,150.2521268372239
Açougue,44.083223699778515,124.26746184391929
Açougue,61.5227750379467,88.67604782096711
Açougue,54.87839592382742,85.44349139725007
Açougue,31.85475529162371,135.05667534209212
Açougue,28.90106382866692,140.78870186800665
Açougue,62.49009809960216,98.19662660741015
Açougue,59.94463702178154,107.01481572621641
Açougue,56.981695284771554,111.96880346445346
Açougue,61.021211124795194,96.21850321219463
Açougue,35.753795435735206,125.81568281918796
Açougue,40.52259340653798,115.80214451323913
Açougue,57.60859429563197,71.08336890032439
Açougue,31.562329168595745,141.36147680761675
Açougue,27.09345402488377,155.0646245711606
Açougue,35.98105647971714,126.25536181424287
Açougue,44.529922666784145,103.75514151963536
Açougue,64.32955008338507,105.68307179520727
Açougue,63.921539478427114,91.79324619045737
Açougue,35.00527825886199,113.21537589216634
Açougue,34.30428762740703,132.49137836921958
Açougue,43.82570707961918,109.89989186637962
Açougue,24.10437004564684,165.75897173480362
Açougue,32.325222764954646,133.4385662357428
Açougue,28.18745890425135,150.55202230790488
Açougue,32.43420497760563,135.6925371746627
Açougue,51.23241632481424,96.68100278141503
Açougue,53.68363023226095,109.4017721857073
Açougue,37.92959511680904,138.1542136302631
Açougue,45.272272435268036,126.04003026794634
Açougue,25.800745757294518,149.88456821881869
Açougue,30.006770306845354,151.19676435995302
Açougue,23.63653013643349,179.86856065166108
Açougue,22.57933630503518,175.87055440131365
Açougue,44.23718147359311,120.10585138294987
Açougue,29.475619712008,131.19904483391198
Açougue,52.054233958208265,109.69035706763053
Açougue,27.865154758391007,146.51890821337534
Açougue,36.761841707781905,122.7821391770028
Açougue,50.70129108198352,110.62207117576595
Açougue,57.57395234906946,111.30770661986341
Açougue,32.425332977098414,161.1792845864358
Açougue,25.923697980903896,139.9966259025279
Açougue,37.117770696283586,137.56006947467282
Açougue,53.58481949861166,107.95433041390004
Açougue,25.531946322097067,167.922975485102
Açougue,28.91887188983032,147.26899935829042
Açougue,22.25629569679601,176.9966852968671
Açougue,26.289485512011836,154.90874678125633
Açougue,52.09608318669491,91.26860697399636
Açougue,50.35062622877554,112.82518174059607
Açougue,32.2241333515725,126.7286304464137
Açougue,36.077074075656114,135.42024367220253
Açougue,58.97268079157377,109.01641723503865
Açougue,50.597651246530305,96.50789645250259
Açougue,37.92665223091967,125.56630570678584
Açougue,33.44593239285895,142.18060487964544
Açougue,49.440497847219774,104.1943123389385
Açougue,56.59440319162225,125.97972658496136
Açougue,43.381569488281116,115.83335600881776
Açougue,30.388105092971195,131.3097816157595
Açougue,22.91712245858712,175.48813029671936
Açougue,50.06700264516054,104.58137543336564
Açougue,64.10544451137727,99.23062853403289
Açougue,63.97279578586698,87.4118288815654
Açougue,38.68639204760787,130.473453313386
Açougue,59.05630677277438,86.99374229334173
Açougue,46.191314964110894,105.70136469687473
Açougue,62.77232992337255,99.2422099506855
Açougue,26.101754883185624,171.4210482543466
Açougue,48.735416795313455,118.04683712440743
Açougue,54.23227247755842,101.59237907193526
Açougue,52.31989502046051,93.59289165342115
Açougue,34.68679697268582,144.4539210882573
Açougue,57.230357005618956,101.04944179904419
Açougue,61.77078113186189,96.37545179865795
Açougue,44.204371192437094,128.03693888800873
Açougue,50.26332576510924,105.65834224132432
Açougue,52.536302307859444,105.2617824021918
Açougue,36.62760407617732,128.37695629753458
Açougue,38.270514409223466,125.1166898163893
Açougue,23.425292201051594,155.08417987972948
Açougue,42.204947863634445,98.83833954969305
Açougue,47.67880632074571,112.40618753473848
Açougue,23.18742889885593,155.67362581611312
Açougue,44.6808326906138,109.6179741448195
Açougue,55.50965379915052,105.23295205420253
Açougue,25.58472446945682,142.8590663411919
Açougue,24.113241578802782,184.83779565207303
Açougue,49.715480758873454,124.68562715665995
Açougue,53.59074878374524,101.92289174149406
Açougue,35.97028409575831,132.35869588292562
Açougue,56.61078916631905,94.17413087309154
Açougue,25.283524776857938,139.93741596252968
Açougue,22.962351122938387,157.8107251324787
Açougue,29.42875931998144,160.17182964455554
Açougue,28.691951144716437,148.84088273665407
Açougue,53.08830033856492,86.20088705202792
Açougue,50.71061546978047,108.8227282538508
Açougue,48.59176930011588,124.16834099585468
Açougue,40.19444112491507,112.73185778720931
Açougue,54.97870595809527,87.4896645597032
Açougue,22.483424739210395,165.16956690851208
Açougue,26.13050058882155,172.4146083151981
Açougue,43.342152245715404,102.00623580726719
Açougue,40.81735818460537,117.93324703804991
Açougue,39.272393644523646,137.07945747083394
Açougue,23.834480674237284,175.25775609112512
Açougue,38.22810228274881,124.13014886443818
Açougue,59.290286381935495,119.51598635380853
Açougue,50.64488886067121,103.1034140671148
Açougue,47.457742185390074,109.7327780286024
Açougue,62.95046293542781,73.81665668586297
Açougue,49.97153965352048,118.74408406580827
Açougue,41.883902539062085,124.10444735445807
Açougue,38.730315232565445,123.3327953729715
Açougue,63.866609507231956,87.15982087323209
Açougue,35.796286994236326,130.37048168221938
Açougue,58.78263140217903,90.28877832159242
Açougue,52.30771886665053,99.64187063391223
Açougue,49.34452338823242,110.32933223822441
Açougue,56.973340536193554,104.07159220900351
Açougue,34.18164468353738,137.25578932077943
Açougue,57.11993086298472,91.01236646207136
Açougue,65.14790899248507,73.10429195440963
Açougue,55.790237188735894,87.24329360565135
Açougue,36.75035461295854,141.90085196813817
Açougue,54.83432608513781,96.04515127966955
Açougue,26.36170638457354,153.04092045079798
Açougue,57.97761299125426,106.58732714278685
Açougue,35.843228763072496,125.80579283352907
Açougue,22.328004037545448,176.7515805751035
Açougue,61.427293686853744,91.39365569356492
Açougue,63.380194003280444,86.29787581762236
Açougue,63.40402305870988,111.53206065762326
Açougue,41.455236086763975,128.5824667719887
Açougue,34.67014082023276,142.71911966682674
Açougue,54.739550753106656,88.5734953377793
Açougue,56.45312560566428,91.78563327615974
Açougue,45.873449331971784,111.18295804599279
Açougue,41.1529901431859,115.33559368196885
Açougue,26.97114199453852,158.96481544094243
Açougue,28.10427311178248,153.5420491789221
Açougue,26.274237031346605,166.79023358086167
Açougue,25.530496993517776,151.42430796120794
Açougue,57.77666672646082,99.51024786446848
Açougue,52.723171912176085,114.27280704611034
Açougue,63.257224649591,87.75808483378769
Açougue,64.95104199286598,84.49690041211352
Açougue,25.504005667172343,169.45128937788238
Açougue,55.82231735020479,79.04543029555816
Açougue,61.46979631908763,109.76703367058607
Açougue,26.714592812655432,148.7336001247759
Açougue,42.33881089771309,116.46572784824782
Açougue,24.315243305833093,172.8900608903012
Açougue,47.35254359412255,116.97151461554094
Açougue,63.90953069203595,77.5325733638284
Açougue,59.819566493277556,87.10604555884086
Açougue,31.627368807282473,138.43998915446576
Açougue,65.25541705680361,100.72999426482427
Açougue,25.079850666872403,162.09378435497126
Açougue,44.71818537501861,113.45548710619423
Açougue,49.36444539514338,102.36505296052529
Açougue,49.28399715981965,125.38405728491156
Açougue,47.39387213223267,108.09887032642139
Açougue,48.959439645500694,116.95318219480542
Açougue,33.97825148952243,130.61319484904627
Açougue,37.29884032157908,111.7517640150132
Açougue,47.3651031215154,90.11918928887891
Açougue,57.42415505105971,101.43975033946006
Açougue,51.782953600884255,111.21530611862913
Açougue,40.13512739778082,134.9076410361363
Açougue,62.62257151236736,92.332848348152
Açougue,57.282465331833436,95.13156163670553
Açougue,65.00677333407126,94.04909795207551
Açougue,38.502515518382616,112.06547322791917
Açougue,64.2479161709098,94.46664783458746
Açougue,42.34023220561088,119.29634175781578
Açougue,39.985489485025724,119.31260364836452
Açougue,59.65011905221057,95.14824693674717
Açougue,57.38507909079691,113.0155407606648
Açougue,63.14870283473278,95.74771807533187
Açougue,58.99121237634565,93.18491551914508
Açougue,27.499683942744973,133.26371846827018
Açougue,63.554550282952256,78.59730509966803
Açougue,51.21340906724007,109.81152541841647
Açougue,48.871831970671295,99.02139786888327
Açougue,51.20783670834203,101.42448654929467
Açougue,44.59623208920267,114.23770493002557
Açougue,59.10197478811139,111.7241437838575
Açougue,45.97738650473029,121.39249070542829
Açougue,39.4899808700212,122.9245185102667
Açougue,27.71192479585107,163.48826255886607
Açougue,31.16267297578029,147.6968573160796
Açougue,27.814913084628316,130.9730533524616
Açougue,40.97572640424434,133.16367194134864
Açougue,61.37382573339962,96.1524476125924
Açougue,56.106689802987276,77.41802532750492
Açougue,39.186639445024525,131.61696935353837
Açougue,63.3565326356557,95.75563797382172
Açougue,28.282682869802837,146.72207464070337
Açougue,33.14180878078496,142.05909071141318
Açougue,41.92249137428361,117.11202409064724
Açougue,36.223581497957454,131.4549334299863
Açougue,49.53937670414124,105.23898885264654
Açougue,27.48745893976647,148.54001092990123
Açougue,27.451011074412925,138.39426192141508
Açougue,36.962942065368765,130.8313355984103
Açougue,61.051680833633576,114.98683582988517
Açougue,29.38616751371347,140.48459368895146
Açougue,30.258991212405824,133.12978602395276
Açougue,25.73136986389055,149.46806793987466
Açougue,27.127131674071993,136.08708517659602
Açougue,37.776034893063326,122.47611605398728
Açougue,43.85797485770125,113.15824910172388
Açougue,56.795423260590674,98.85633164432012
Açougue,49.29895902842108,115.27932863224973
Açougue,54.55969685481665,94.52654455495626
Açougue,29.919462748456752,136.72995165178042
Açougue,43.03213188123669,103.14971273497152
Açougue,48.877362468055814,101.02811854828316
Açougue,54.525221589789886,78.8454296817968
Açougue,23.45767718236847,172.02778909643402
Açougue,60.98255250923348,84.61797563822797
Açougue,44.219015467624416,103.91908445296309
Açougue,41.41007831031114,118.79881232967713
Açougue,45.1342660977215,104.20833914589747
Açougue,38.34487195513652,114.28357420347568
Açougue,22.731589518005645,155.87863217559317
Açougue,36.168759618532604,120.99081908711618
Açougue,27.08894174397345,152.73187942464907
Açougue,51.53692423854691,113.1854128550146
Açougue,56.347883789106845,90.14319842301492
Açougue,45.330486086894126,112.00115612832833
Açougue,47.50431531626543,104.65735193362138
Açougue,27.430663135533916,165.29076082554323
Açougue,34.25775593966706,145.52767795156606
Açougue,46.80223206077757,96.90190198883693
Açougue,37.41879851061402,125.34854946606713
Açougue,32.22315883484327,137.549623160755
Açougue,26.30307581959955,148.53389472623476
Açougue,28.877464938074095,138.86548332336895
Açougue,30.008890771150103,133.67354315720755
Açougue,61.05067617899638,88.98510965778358
Açougue,25.361210901958984,131.32560318043468
Açougue,64.79270987092252,98.11335245207603
Açougue,26.751370105831366,155.53959998272688
Açougue,59.684419368672465,94.82243822633502
Açougue,57.56739040804247,90.43521279515484
Açougue,51.079771542503785,99.28756290212
Açougue,62.47603864736297,113.62738259375097
Açougue,34.09180255602112,148.13367996725694
Açougue,55.487772398542916,94.11418985625097
Açougue,40.44954101962071,109.58373100712478
Açougue,44.041249775432604,109.31861076489179
Açougue,48.543659066547995,104.64888873307379
Açougue,34.46994583475656,119.71349369009354
Açougue,42.884270750463685,118.33593172769868
Frios e laticínios,48.467036583356844,0.0
Frios e laticínios,68.44805501710498,7.898960043706955
Frios e laticínios,73.00884226948816,0.0
Frios e laticínios,52.82572429534387,24.826273147409278
Frios e laticínios,49.17752682045636,2.2570203270914257
Frios e laticínios,39.46590855466573,1.7482946569565931
Frios e laticínios,32.81885597581949,6.098334657155996
Frios e laticínios,77.73623217913963,16.033465578414493
Frios e laticínios,37.06396439892465,0.0
Frios e laticínios,38.44761221048704,6.781668252929604
Frios e laticínios,38.482942973824386,6.331629793865489
Frios e laticínios,59.26929931137512,10.740186873256436
Frios e laticínios,49.754668458995624,0.0
Frios e laticínios,76.27461974764708,9.716919925193473
Frios e laticínios,54.406948609734016,0.0
Frios e laticínios,46.42626359508432,0.0
Frios e laticínios,72.277815266832,0.0
Frios e laticínios,81.08162223419943,0.37459925744995837
Frios e laticínios,51.20651337629593,9.441982671556246
Frios e laticínios,65.1305348258488,1.2823607907039862
Frios e laticínios,35.73878437695839,2.6857859691425174
Frios e laticínios,48.36862782556241,6.26722662671685
Frios e laticínios,37.03498026496214,6.059192304998193
Frios e laticínios,59.87155200834624,12.856723205327178
Frios e laticínios,80.75244721655723,0.0
Frios e laticínios,47.02553427087027,4.648208482758717
Frios e laticínios,43.362257960177644,15.810627898760993
Frios e laticínios,79.76023099916917,4.24127909798477
Frios e laticínios,48.78436315111779,13.438180607600168
Frios e laticínios,37.65169811882404,0.0
Frios e laticínios,42.24775676202285,10.388009051349284
Frios e laticínios,66.11016165188991,10.052503976624196
Frios e laticínios,69.16907365278334,0.0
Frios e laticínios,48.993747371265385,3.3734136259349166
Frios e laticínios,39.48703387778976,2.5594190989702836
Frios e laticínios,52.18906920570593,8.854949272242164
Frios e laticínios,55.73192929311582,2.2453824867028023
Frios e laticínios,64.3899326044941,26.769121576684498
Frios e laticínios,30.01570263023894,19.26755899712084
Frios e laticínios,82.40972625213078,6.110229051809176
Frios e laticínios,69.93901487143319,2.786859771502396
Frios e laticínios,64.11537693326981,0.0
Frios e laticínios,53.537707397944715,2.314232619081546
Frios e laticínios,82.5875304107863,1.2075794762956455
Frios e laticínios,55.08502382778633,25.836973374632837
Frios e laticínios,52.08196763118937,5.740797522181939
Frios e laticínios,32.13903316616553,11.977861863130801
Frios e laticínios,29.234871680190253,0.0
Frios e laticínios,48.28714829639975,9.102200589337796
Frios e laticínios,82.2565648986685,0.0
Frios e laticínios,49.03140390301037,13.264193874275083
Frios e laticínios,55.16488856125285,0.0
Frios e laticínios,41.97856666203708,0.0
Frios e laticínios,39.185160384638635,0.0
Frios e laticínios,57.83848902789472,8.454172833158795
Frios e laticínios,49.961107954149284,0.0
Frios e laticínios,62.601777769459815,0.0
Frios e laticínios,84.6442581916066,5.363775273853582
Frios e laticínios,37.57900954575662,0.0
Frios e laticínios,86.71848927371363,0.0
Frios e laticínios,58.06021257056368,0.0
Frios e laticínios,72.41402109175482,1.7588943726710833
Frios e laticínios,41.126995460233616,0.0
Frios e laticínios,40.013645516311605,2.3823826545731146
Frios e laticínios,31.083958160627237,27.051185725038454
Frios e laticínios,32.77322628792435,0.0
Frios e laticínios,73.89520382910263,14.14169597955147
Frios e laticínios,54.501254249557476,0.0
Frios e laticínios,52.18395047970502,0.0
Frios e laticínios,39.506175750482335,2.88970030023786
Frios e laticínios,78.89239301386002,0.0
Frios e laticínios,44.651588861487,5.951518570438953
Frios e laticínios,66.27538151395484,0.0
Frios e laticínios,38.01292052852767,0.22233702261720334
Frios e laticínios,70.44497863090301,0.0
Frios e laticínios,41.82604858310151,1.0639359758040552
Frios e laticínios,42.35339196196535,1.7333743478991965
Frios e laticínios,39.3101611077416,0.0
Frios e laticínios,66.78209666963788,0.0
Frios e laticínios,43.054230904321166,0.0
Frios e laticínios,70.80964996827821,2.6242563262738003
Frios e laticínios,51.976577320255515,3.0307815466611743
Frios e laticínios,67.67073337093566,0.0
Frios e laticínios,80.89399129659677,0.0
Frios e laticínios,29.71976553574831,0.0
Frios e laticínios,80.68171838075165,17.862978648665052
Frios e laticínios,76.3235223242359,0.0
Frios e laticínios,50.96326332538952,0.0
Frios e laticínios,63.164110252452375,7.909470483529639
Frios e laticínios,52.68498974358237,0.0
Frios e laticínios,60.948300804590474,0.0
Frios e laticínios,83.91331630454145,0.0
Frios e laticínios,73.20453630083749,9.978760922570173
Frios e laticínios,75.30457814424909,0.0
Frios e laticínios,53.60043922478233,22.026725536121923
Frios e laticínios,43.90674436337539,7.418590401923073
Frios e laticínios,37.0398467227252,0.0
Frios e laticínios,44.74211813596817,1.6794266569506684
Frios e laticínios,30.03195242909499,0.0
Frios e laticínios,61.071745800300505,5.887734962506793
Frios e laticínios,66.7052936969768,0.0
Frios e laticínios,29.60354634451508,6.754242215788085
Frios e laticínios,36.896726369362554,17.177711292702444
Frios e laticínios,67.49412667131648,16.00950194947986
Frios e laticínios,39.12631733016768,0.0
Frios e laticínios,51.16290756873081,8.584655737079787
Frios e laticínios,59.02900927542992,0.0
Frios e laticínios,63.90896513455486,2.323829361595352
Frios e laticínios,43.18034644083362,0.0
Frios e laticínios,49.57172935072421,0.0
Frios e laticínios,70.62304607251951,6.018818237944969
Frios e laticínios,56.54557570839791,0.0
Frios e laticínios,67.41501856096868,1.258451018122315
Frios e laticínios,41.41867593467561,2.568979473648353
Frios e laticínios,30.773058554106427,7.453963305840815
Frios e laticínios,31.945778633651123,0.0
Frios e laticínios,57.72253455095373,0.0
Frios e laticínios,73.62781888488678,10.128884494040754
Frios e laticínios,35.14208627943461,2.8663042914601506
Frios e laticínios,57.671847130808146,0.0
Frios e laticínios,68.84777418035272,0.0
Frios e laticínios,76.41961911302455,0.0
Frios e laticínios,75.27912369626459,0.0
Frios e laticínios,63.160386568323844,9.640819071896786
Frios e laticínios,49.87884289857175,0.0
Frios e laticínios,60.36049856431154,0.0
Frios e laticínios,79.53893828757721,8.389102571876263
Frios e laticínios,67.13185348250813,6.49434232891191
Frios e laticínios,69.07221654987909,0.0
Frios e laticínios,57.320404830948036,6.746347357948625
Frios e laticínios,41.78186188145534,8.950501076026125
Frios e laticínios,30.933118503197054,2.703094653810152
Frios e laticínios,69.37020693175705,4.7553176864998825
Frios e laticínios,85.22288929551964,0.0
Frios e laticínios,83.67076118125189,11.492208000141227
Frios e laticínios,77.89384609365395,0.0
Frios e laticínios,47.45298779469505,0.0
Frios e laticínios,35.95133175785111,6.032458441760707
Frios e laticínios,33.424658060099006,0.0
Frios e laticínios,70.9544733023763,13.055915898792499
Frios e laticínios,32.7528165541889,5.348322601524691
Frios e laticínios,74.775528263239,0.0
Frios e laticínios,47.43282881363106,9.27762428606888
Frios e laticínios,64.6453566797526,3.161200136576657
Frios e laticínios,42.4625771143475,7.876229951251536
Frios e laticínios,75.24247274707547,0.717311145100274
Frios e laticínios,86.77989011890871,12.41957430324203
Frios e laticínios,52.251607749281604,0.0
Frios e laticínios,56.76718225603038,9.623051732817775
Frios e laticínios,85.9774802367967,3.329869245544621
Frios e laticínios,73.47494574157817,0.0
Frios e laticínios,71.69691603240912,0.0
Frios e laticínios,42.79961253389686,0.0
Frios e laticínios,45.607155022818525,0.0
Frios e laticínios,46.132557305448714,0.0
Frios e laticínios,68.34056374797771,0.0
Frios e laticínios,41.61063762959289,0.0
Frios e laticínios,79.89652839176496,0.0
Frios e laticínios,83.69773093762997,23.298616378328283
Frios e laticínios,38.64331023668487,0.0
Frios e laticínios,86.3879449803416,11.860535809399158
Frios e laticínios,58.66813305920644,16.609800742229186
Frios e laticínios,42.329929953657754,0.0
Frios e laticínios,39.76746142798202,0.0
Frios e laticínios,74.13022991675386,0.0
Frios e laticínios,85.10959455461446,0.0
Frios e laticínios,80.16693538173512,0.0
Frios e laticínios,72.89359117812421,0.0
Frios e laticínios,69.28912098657189,3.7257565553386596
Frios e laticínios,41.96905109483163,0.0
Frios e laticínios,41.93296129565632,24.334122811884832
Frios e laticínios,62.57268712690019,9.730650785293191
Frios e laticínios,34.266635892203766,0.0
Frios e laticínios,36.46971873661688,6.832383954643642
Frios e laticínios,80.45441046199686,5.652275547433848
Frios e laticínios,60.87937146957498,11.20744019814301
Frios e laticínios,34.005932683000175,0.0
Frios e laticínios,44.014853129068186,0.0
Frios e laticínios,70.87645730782987,0.0
Frios e laticínios,41.72240867686519,0.6849716184002046
Frios e laticínios,68.54978785151994,0.0
Frios e laticínios,63.28651363980245,0.0
Frios e laticínios,76.74280721510807,13.476683194370166
Frios e laticínios,61.74110201605241,0.0
Frios e laticínios,44.43628630614431,3.080388625391236
Frios e laticínios,67.11264681990096,3.3634352436393646
Frios e laticínios,78.2433173950982,4.285417403782623
Frios e laticínios,77.4572585716771,7.3838045067724885
Frios e laticínios,69.37317278073742,10.374104875859244
Frios e laticínios,72.57369437447045,15.581792782479882
Frios e laticínios,38.155001790256144,0.0
Frios e laticínios,72.04022465615643,0.0
Frios e laticínios,38.27983538851228,5.088492879743997
Frios e laticínios,58.3656775150028,4.406816678646022
Frios e laticínios,29.336477483451105,9.688488724544829
Frios e laticínios,85.80963132557324,0.0
Frios e laticínios,65.56940843988816,7.855015573765523
Frios e laticínios,60.249523889191735,0.0
Frios e laticínios,74.14534589966914,2.9200219763965474
Frios e laticínios,60.32374765124479,0.0
Frios e laticínios,84.75558734323921,12.2864043060848
Frios e laticínios,82.96175430513543,0.0
Frios e laticínios,34.905225552269755,2.8372811795760975
Frios e laticínios,32.89653212920435,5.297495465909505
Frios e laticínios,46.40226151479108,0.0
Frios e laticínios,62.69343421960603,2.0973574320953285
Frios e laticínios,49.004584527211414,0.0
Frios e laticínios,79.45730889963154,1.5005832164212909
Frios e laticínios,85.36370854864298,3.8649243464783627
Frios e laticínios,30.39091949905815,0.0
Frios e laticínios,30.248209258048234,0.11424992394885791
Frios e laticínios,73.59857509643996,0.0
Frios e laticínios,68.55190895116469,0.0
Frios e laticínios,86.73298692140361,0.0
Frios e laticínios,53.65650670015685,0.0
Frios e laticínios,75.01226494229829,0.0
Frios e laticínios,69.15365079264383,11.509193965707825
Frios e laticínios,44.79728201289966,13.775102663078737
Frios e laticínios,84.05294974208879,0.0
Frios e laticínios,83.63307173868073,0.0
Frios e laticínios,53.28260765341007,0.0
Frios e laticínios,44.85264719973875,17.269445872681835
Frios e laticínios,85.97134968975287,9.17016121487447
Frios e laticínios,42.28849589950637,0.0
Frios e laticínios,41.312329710243546,1.5245310187070613
Frios e laticínios,50.316379167632356,0.0
Frios e laticínios,79.04143324552142,5.279830737720092
Frios e laticínios,39.714583243747484,0.5548530002915375
Frios e laticínios,79.28851295541504,7.300623310878435
Frios e laticínios,77.90739255425856,7.456546123830603
Frios e laticínios,73.05496456875412,0.0
Frios e laticínios,30.850865212782406,4.604078090720708
Frios e laticínios,82.31404788908377,12.699964375756759
Frios e laticínios,56.862582415714556,5.33745343789246
Frios e laticínios,35.76254551582754,4.782301553624727
Frios e laticínios,53.895456928745645,0.0
Frios e laticínios,40.58353326835521,0.0
Frios e laticínios,62.681902167581015,0.20819855485682454
Frios e laticínios,44.55013252571106,0.0
Frios e laticínios,55.338815635336616,10.40362546352459
Frios e laticínios,29.639737771906226,0.0
Frios e laticínios,56.7708444597242,0.0
Frios e laticínios,63.72754423780805,10.575314383715433
Frios e laticínios,78.79603738666516,0.0
Frios e laticínios,74.14566996221008,0.012444602673153005
Frios e laticínios,35.04544962531763,0.0
Frios e laticínios,42.98893021196132,24.745126267600746
Frios e laticínios,69.66246197471298,0.06056399231278492
Frios e laticínios,61.38867902867891,0.0
Frios e laticínios,49.27941162661331,0.9341074290326048
Frios e laticínios,30.890081791047855,0.0
Frios e laticínios,36.65515273753241,0.0
Frios e laticínios,61.84589619672916,10.249095900373568
Frios e laticínios,40.56183835793589,7.043633965685169
Frios e laticínios,38.66930109769897,3.6436144777824993
Frios e laticínios,69.89481729499191,0.0
Frios e laticínios,30.796406138504068,19.496087988885854
Frios e laticínios,79.4244213270114,3.8019907092429546
Frios e laticínios,70.33575764406778,0.0
Frios e laticínios,76.17182764859977,11.13147527429965
Frios e laticínios,33.60782178041556,2.3088636387764394
Frios e laticínios,76.31507616214641,9.741959984664462
Frios e laticínios,55.170701773592114,4.462156062614202
Frios e laticínios,71.34973602508694,22.09877936928912
Frios e laticínios,33.69559820792537,0.0
Frios e laticínios,74.71616671877243,0.0
Frios e laticínios,67.12747425324974,29.957864839768874
Frios e laticínios,70.6320762757545,0.0
Frios e laticínios,42.20160417257637,0.0
Frios e laticínios,68.37422051691824,5.93983864546773
Frios e laticínios,33.14919842485432,12.105132162207223
Frios e laticínios,71.09364576371568,0.0
Frios e laticínios,71.9937776978646,0.0
Frios e laticínios,50.46193127560247,0.0
Frios e laticínios,86.1840749660827,0.0
Frios e laticínios,70.98291199224968,20.29380561403908
Frios e laticínios,57.16074006091611,0.0
Frios e laticínios,63.28318503471057,0.0
Frios e laticínios,81.82251480804567,5.53895357294622
Frios e laticínios,65.5547335974573,0.0
Frios e laticínios,71.43799706336411,4.289314509571643
Frios e laticínios,81.62954996318042,0.0
Frios e laticínios,39.37611480283142,4.096105793625698
Frios e laticínios,57.485681609405006,0.0
Frios e laticínios,43.28937439514876,0.0
Frios e laticínios,58.79146341985931,11.021124019780832
Frios e laticínios,49.77800883141842,0.0
Frios e laticínios,51.62307026314769,3.7021049687830465
Frios e laticínios,85.12753596767017,8.267868329628232
Frios e laticínios,47.805776366984276,0.0
Frios e laticínios,73.7761809009869,0.0
Frios e laticínios,33.22441512406058,0.0
Frios e laticínios,38.80111748645151,0.0
Frios e laticínios,76.98626505746554,2.77822980861444
Frios e laticínios,53.929152456293366,6.958030277351996
Frios e laticínios,69.91228355300261,0.0
Frios e laticínios,38.64377148854797,9.360427636912446
Frios e laticínios,56.463338213154515,12.654190661280365
Frios e laticínios,77.87189238991235,3.857904143337395
Frios e laticínios,79.26812704299954,13.21096342487377
Adega e bebidas,21.957653346568943,3.967648097575435
Adega e bebidas,40.98019578724298,0.0
Adega e bebidas,15.385156839989982,5.375605175126135
Adega e bebidas,40.90230135372831,0.0
Adega e bebidas,23.281431470225403,0.0
Adega e bebidas,18.49444942008421,4.864114805935315
Adega e bebidas,42.40717813441474,2.4365473094025516
Adega e bebidas,39.020839072989254,5.740283118604914
Adega e bebidas,27.234631200198862,0.0
Adega e bebidas,33.28563014043612,31.003234564692498
Adega e bebidas,18.246505492815018,0.0
Adega e bebidas,33.472992010728305,8.051754716128258
Adega e bebidas,41.930283140723525,3.8306519032882758
Adega e bebidas,26.92114403331636,0.0
Adega e bebidas,39.02722768668985,6.686729233158708
Adega e bebidas,38.17068723156919,0.0
Adega e bebidas,41.208644702297136,0.7905006681201516
Adega e bebidas,31.88738497234732,21.792760967785505
Adega e bebidas,39.048985103528835,0.0
Adega e bebidas,40.818825943602,1.7936742471843745
Adega e bebidas,33.932093832625405,0.0
Adega e bebidas,33.05802957613131,8.330350964453578
Adega e bebidas,25.49811583471996,0.0
Adega e bebidas,33.028358114169514,4.615265178555675
Adega e bebidas,42.77183946696024,11.07831119484069
Adega e bebidas,36.5809550200755,0.0
Adega e bebidas,30.437395256003022,7.559249725488283
Adega e bebidas,25.791243623161662,6.149760885399271
Adega e bebidas,23.591707220136385,13.523695580384137
Adega e bebidas,36.00757830761209,7.107166048727706
Adega e bebidas,37.02105435808288,14.235431600596304
Adega e bebidas,17.69190297269832,2.5611941125142756
Adega e bebidas,29.79479196111114,0.0
Adega e bebidas,34.10154954148711,0.0
Adega e bebidas,25.346749740514966,0.0
Adega e bebidas,24.910126407311726,0.0
Adega e bebidas,20.7458816815268,5.5625830422788285
Adega e bebidas,33.32409822870052,0.0
Adega e bebidas,31.934255730335096,0.0
Adega e bebidas,38.890058825771966,0.0
Adega e bebidas,29.07003035146039,0.0
Adega e bebidas,23.997190646404924,2.761246060737535
Adega e bebidas,25.108203999453423,17.17886225720275
Adega e bebidas,29.48424536964992,0.0
Adega e bebidas,31.603778169519508,8.587441779660752
Adega e bebidas,34.74782428084043,7.257257026971989
Adega e bebidas,41.51984525267911,0.0
Adega e bebidas,40.70717201982571,5.045162283925804
Adega e bebidas,15.982024483416703,4.345530329521219
Adega e bebidas,17.155955480729375,11.005971360284267
Adega e bebidas,28.122690818542416,0.0
Adega e bebidas,23.028518540049898,0.0
Adega e bebidas,37.169737455047596,0.0
Adega e bebidas,31.673058288237186,5.748939965943463
Adega e bebidas,34.69156011545397,0.0
Adega e bebidas,17.739741669545904,0.0
Adega e bebidas,19.43026806450466,0.0
Adega e bebidas,29.243512260817987,7.571274056093441
Adega e bebidas,34.48890171252823,3.128064043081049
Adega e bebidas,21.58148973494234,0.0
Adega e bebidas,41.73102618985485,15.048442177493992
Adega e bebidas,29.95845662407845,1.2202471253263594
Adega e bebidas,15.501227726626487,11.312958130938885
Adega e bebidas,31.42425810593879,3.198620670894069
Adega e bebidas,37.63079739249702,0.0
Adega e bebidas,20.311583829325436,8.030345633136186
Adega e bebidas,31.691520285073928,13.27285065243415
Adega e bebidas,39.936652075953326,0.0
Adega e bebidas,24.344449837849915,10.355339151296654
Adega e bebidas,22.101891426573125,0.0
Adega e bebidas,37.72851104126979,19.487993947420556
Adega e bebidas,16.9880670040886,0.0
Adega e bebidas,32.05888394399352,23.968446186658376
Adega e bebidas,19.055578833404653,0.0
Adega e bebidas,35.28270039842358,0.0
Adega e bebidas,16.993180000232325,10.107088181841709
Adega e bebidas,14.937161876098187,19.302505807324927
Adega e bebidas,29.85778570492839,18.21785126276014
Adega e bebidas,20.879309796426753,18.415442292751166
Adega e bebidas,28.4334812602825,0.0
Adega e bebidas,42.44013666020824,5.187055839365329
Adega e bebidas,25.79633393474216,0.0
Adega e bebidas,26.47755201953173,12.236225432976266
Adega e bebidas,42.53913437666364,12.077692090337882
Adega e bebidas,17.925392577470163,8.07921309453969
Adega e bebidas,30.761751279661823,0.0
Adega e bebidas,22.083481818676795,0.0
Adega e bebidas,24.38937573356652,0.0
Adega e bebidas,16.24321878077874,0.0
Adega e bebidas,37.09359121266432,1.6676647153208017
Adega e bebidas,20.929657267417927,14.114314253294367
Adega e bebidas,32.82959281284655,2.752746122191561
Adega e bebidas,29.465853128569933,0.0
Adega e bebidas,33.360444450200916,0.0
Adega e bebidas,42.6213844791713,7.983515552579867
Adega e bebidas,35.105178216793604,20.94009437610342
Adega e bebidas,27.53317432784561,3.2658303131856643
Adega e bebidas,41.579794555903646,0.0
Adega e bebidas,19.26349515524275,0.0
Adega e bebidas,29.54771900126787,8.316329778964196
Adega e bebidas,17.020618712082317,21.389914885249016
Adega e bebidas,24.177578575175232,0.0
Adega e bebidas,33.229932750774246,0.0
Adega e bebidas,18.610629280120946,0.0
Adega e bebidas,42.57414992556117,1.7656059178271972
Adega e bebidas,38.28245109393078,9.058993207190488
Adega e bebidas,29.123550062173585,0.0
Adega e bebidas,35.80747861002641,3.675536069442894
Adega e bebidas,17.905972108860816,10.099764051027181
Adega e bebidas,34.48029938623454,7.3479579268398805
Adega e bebidas,15.294354940336824,0.0
Adega e bebidas,24.536000776670654,0.0
Adega e bebidas,16.76292593332627,6.584591399220306
Adega e bebidas,22.97815200036954,10.28647111312217
Adega e bebidas,25.587033647709628,24.189745690644436
Adega e bebidas,28.97297569354992,0.0
Adega e bebidas,40.489162247608036,3.648489471679155
Adega e bebidas,38.55035494930346,1.2267328464551812
Adega e bebidas,20.210764687491192,0.0
Adega e bebidas,39.307694341251285,12.861767048257168
Adega e bebidas,39.02478690522973,6.899119094949132
Adega e bebidas,22.954042882476116,9.207692268575043
Adega e bebidas,16.571134364639068,0.0
Adega e bebidas,34.086826915723904,0.0
Adega e bebidas,24.13559450238634,3.4349278504725445
Adega e bebidas,37.72469558851798,2.9974752967682248
Adega e bebidas,18.043214688794848,29.640855132528937
Adega e bebidas,36.07959619861124,0.0
Adega e bebidas,19.25025023793927,0.0
Adega e bebidas,18.438276343090145,5.437430013305667
Adega e bebidas,24.74703439388869,7.875897815094509
Adega e bebidas,26.60016303019873,2.9914308569781363
Adega e bebidas,23.157630695400186,0.0
Adega e bebidas,17.277014476265148,8.33784803777421
Adega e bebidas,32.542879362087774,7.09545825894072
Adega e bebidas,32.8103015420179,0.0
Adega e bebidas,18.599471158070713,0.0
Adega e bebidas,42.64212141294658,0.40604632603094604
Adega e bebidas,15.911085914906824,0.6490272022879573
Adega e bebidas,17.725445898864592,1.0479533673066745
Adega e bebidas,22.913993028775927,6.24654056356158
Adega e bebidas,16.039772152176436,0.0
Adega e bebidas,28.794481788159718,0.0
Adega e bebidas,32.059925463696466,10.865738736750103
Adega e bebidas,29.297085831172257,0.0
Adega e bebidas,39.55386820805097,0.0
Adega e bebidas,27.093280413108747,0.0
Adega e bebidas,26.076199220494196,0.0
Adega e bebidas,37.86895956705227,10.069931232155795
Adega e bebidas,14.57752908958159,15.000869283368699
Adega e bebidas,26.13394226267869,0.0
Adega e bebidas,21.67421041355011,3.415789227240586
Adega e bebidas,35.95066062818499,2.5002051153455405
Adega e bebidas,20.40164040826548,0.0
Adega e bebidas,14.608608140828881,0.0
Adega e bebidas,29.893787324924173,1.670120506527252
Adega e bebidas,27.224290029573524,0.0
Adega e bebidas,23.524465430032503,2.6696242521545743
Adega e bebidas,35.29648779901374,0.0
Adega e bebidas,25.515569943404085,0.0
Adega e bebidas,27.368899223769837,5.175764419002353
Adega e bebidas,41.51445362409973,3.1555239527749173
Adega e bebidas,36.70983138300136,12.781984628949502
Adega e bebidas,26.74579378363736,0.0
Adega e bebidas,21.52751448236489,2.7289620935615035
Adega e bebidas,32.43947829184627,10.917735012149338
Adega e bebidas,33.07139250075187,4.410489507243116
Adega e bebidas,31.775745176485167,9.765017891534498
Adega e bebidas,16.164151158500367,0.0
Adega e bebidas,35.29867547367387,2.0867434493586767
Adega e bebidas,28.87434785865079,0.0
Adega e bebidas,16.681606818701873,6.664280579877263
Adega e bebidas,34.696486900162796,0.0
Adega e bebidas,22.72174212293979,16.26027973829336
Adega e bebidas,24.238386985931715,9.709501392494536
Adega e bebidas,19.545689310824994,15.88975296503585
Adega e bebidas,19.229446668743297,7.267839105019813
Adega e bebidas,36.067126507839255,0.0
Adega e bebidas,21.823491711915427,9.594446622934893
Adega e bebidas,25.15795343102787,15.826739650977593
Adega e bebidas,20.1302294181636,6.8967943974454435
Adega e bebidas,36.359832184797945,0.0
Adega e bebidas,32.63067974977143,0.0
Adega e bebidas,41.88968339743367,1.4527715951732054
Adega e bebidas,37.04674297973484,15.892354065683099
Adega e bebidas,35.60217220643435,19.42988526185932
Adega e bebidas,37.41916312321479,0.0
Adega e bebidas,23.912174859102013,6.572007301103172
Adega e bebidas,40.73709821351893,0.0
Adega e bebidas,26.588153838369884,0.0
Adega e bebidas,26.797193278340067,8.213048851172235
Adega e bebidas,21.12878468453668,5.215258753067667
Adega e bebidas,17.728767343365984,7.260200285154356
Adega e bebidas,32.685065700066495,0.03522092842774671
Adega e bebidas,22.418548294970613,6.394961936327065
Adega e bebidas,38.41027605961069,3.9095354090667795
Adega e bebidas,40.47588525378342,9.511742558847695
Adega e bebidas,27.400070089373024,0.0
Adega e bebidas,38.281460068404016,10.144259890568758
Adega e bebidas,32.980336026805205,8.997874001276228
Adega e bebidas,19.324135880619774,7.665350288126641
Adega e bebidas,41.00251356598718,1.4126406771137758
Adega e bebidas,15.494415871268503,5.654938948448118
Adega e bebidas,34.971946033545684,0.6260426987885259
Adega e bebidas,37.590760716550434,1.6057411500628782
Adega e bebidas,38.24450430283262,0.0
Adega e bebidas,35.1665380015519,24.47405614394141
Adega e bebidas,28.764199430915404,12.878585915980137
Adega e bebidas,22.750634958605698,21.37830726920603
Adega e bebidas,39.175009728089115,7.4416772104993605
Adega e bebidas,32.41351639295904,0.0
Adega e bebidas,27.429108609100055,7.098416119361151
Adega e bebidas,14.529045522438581,15.708606115947287
Adega e bebidas,42.55493641125172,0.0
Adega e bebidas,17.091980050062897,18.392669027919293
Adega e bebidas,20.083115570980482,0.0
Adega e bebidas,30.097046132059702,9.153459494569637
Adega e bebidas,19.626393297915886,18.74421713755293
Adega e bebidas,24.40045120671205,5.651403544566305
Adega e bebidas,14.412032885256503,22.08297436603805
Adega e bebidas,35.97065535032396,0.0
Adega e bebidas,18.509991634619126,0.0
Adega e bebidas,22.9804313423526,0.0
Adega e bebidas,34.860439842365174,0.0
Adega e bebidas,39.54221731654214,0.0
Adega e bebidas,26.033184970849966,17.12221083623687
Adega e bebidas,34.10585520648194,13.220278850359012
Adega e bebidas,16.915478373981706,0.0
Adega e bebidas,31.041741094890895,23.989974664950715
Adega e bebidas,16.11284920920898,3.1818971103018043
Adega e bebidas,30.80730314046817,20.48645438985711
Adega e bebidas,31.47776795572232,20.66699084284177
Adega e bebidas,33.55958191139578,0.0
Adega e bebidas,37.797973757297925,9.566416774420542
Adega e bebidas,28.47595100332154,13.322837401889924
Adega e bebidas,34.449954792495646,0.0
Adega e bebidas,36.75865537069306,0.0
Adega e bebidas,18.469042305535446,12.792595761500195
Adega e bebidas,23.624785405289252,0.0
Adega e bebidas,20.555966795285187,2.578900599137844
Adega e bebidas,31.327655048713297,3.7151638360811474
Adega e bebidas,26.279253796006927,8.274254142906521
Adega e bebidas,32.41026476819595,0.0
Adega e bebidas,25.955682013173934,5.180851866859841
Adega e bebidas,38.21880998802987,13.24846634816148
Adega e bebidas,31.0293921418937,0.0
Adega e bebidas,19.52517034811794,0.0
Adega e bebidas,15.010134133465085,0.0
Adega e bebidas,14.952941666276956,1.765255212737383
Adega e bebidas,29.041418526368567,9.801642208440391
Adega e bebidas,22.784213205821963,13.585387265826357
Adega e bebidas,38.27960629388249,0.0
Adega e bebidas,19.57152932363058,2.38007030843986
Adega e bebidas,28.039883906120963,16.13086589186216
Adega e bebidas,18.070465289213516,7.035158702555892
Adega e bebidas,28.42476076554326,0.0
Adega e bebidas,26.724330428661254,11.43248821430799
Adega e bebidas,18.79582258494879,12.413064825239625
Adega e bebidas,31.669959431132078,5.733967145176294
Adega e bebidas,33.002966001858965,0.0
Adega e bebidas,41.550964665330675,0.0
Adega e bebidas,21.308099779271316,0.0
Adega e bebidas,40.1144088078882,0.0
Adega e bebidas,35.925228227068175,0.0
Adega e bebidas,27.09200227961879,0.0
Adega e bebidas,16.050081495281816,6.045953205958799
Adega e bebidas,40.1196253848141,2.1711102584459017
Adega e bebidas,25.989647942872786,0.0
Adega e bebidas,24.171069066021452,5.392470952237716
Adega e bebidas,30.242048989982546,2.811256884592295
Adega e bebidas,40.98637929769193,0.01483152215392991
Adega e bebidas,21.684039865565992,0.0
Adega e bebidas,35.110040559130354,0.0
Adega e bebidas,30.389300727797966,7.5913319321090675
Adega e bebidas,27.496857517714396,3.1069991338974035
Adega e bebidas,24.232771481654815,6.387143014844397
Adega e bebidas,17.517517598462337,1.0024012096606985
Adega e bebidas,21.42185637748328,0.0
Adega e bebidas,38.52728050611124,11.418613616423118
Adega e bebidas,17.536717881757053,31.891229558191146
Adega e bebidas,38.79894896032214,0.0
Adega e bebidas,34.45435238677648,3.0492568422921082
Adega e bebidas,29.76766741739447,1.1684253487882112
Adega e bebidas,28.08915964484104,0.0
Adega e bebidas,18.991690727932106,0.06102394197258576
Adega e bebidas,26.008758427307697,22.654735976964943
Adega e bebidas,32.832334079380566,0.0
Adega e bebidas,28.882355822651938,2.8460619191127305
Adega e bebidas,37.266089295414076,0.0
Adega e bebidas,36.69199748430157,0.7711121557001216
Adega e bebidas,20.006899084534737,0.0
Adega e bebidas,23.682473267666253,0.0
Adega e bebidas,35.84972761506947,0.0
Adega e bebidas,39.303579727588804,2.1489070189904766
Adega e bebidas,39.35355040263458,0.0
Adega e bebidas,27.134776629481564,7.477935080638631
Adega e bebidas,42.36038265549974,0.4347993059970756
Adega e bebidas,40.19900537306825,0.0
Adega e bebidas,29.629705125742955,0.0
Adega e bebidas,32.997972532504676,1.5977912399638365
Higiene e limpeza,107.13772660028665,0.0
Higiene e limpeza,108.58591755787027,3.237145062378959
Higiene e limpeza,90.5062957327577,13.478005639041978
Higiene e limpeza,75.25191889084994,7.4459939529258286
Higiene e limpeza,118.8524022834982,0.0
Higiene e limpeza,100.44271121419158,2.5528936219540874
Higiene e limpeza,108.62009543534897,9.568146966603354
Higiene e limpeza,118.10096580762388,0.0
Higiene e limpeza,65.25165198397961,0.0
Higiene e limpeza,117.08019827982828,0.0
Higiene e limpeza,96.94820552037832,0.0
Higiene e limpeza,93.67308307859466,0.0
Higiene e limpeza,49.00473100287799,5.752498696440057
Higiene e limpeza,84.42659764103624,4.1757711677327745
Higiene e limpeza,123.22291461906646,3.677697384893344
Higiene e limpeza,98.09276499905687,0.9727611870220016
Higiene e limpeza,95.30022833113068,0.0
Higiene e limpeza,43.05353880851391,2.0648729632119562
Higiene e limpeza,89.00812156486884,19.56432389894914
Higiene e limpeza,116.76677907940461,3.3488191200018527
Higiene e limpeza,48.66394445211579,0.0
Higiene e limpeza,114.07231885654008,7.11133054691384
Higiene e limpeza,110.78720067864617,19.274587443488883
Higiene e limpeza,68.39668330135346,5.8904783363420385
Higiene e limpeza,81.5676969160814,0.19840333347994799
Higiene e limpeza,72.0458625105837,15.271720859131129
Higiene e limpeza,83.50319203983308,0.0
Higiene e limpeza,56.588754100071874,13.050807165672802
Higiene e limpeza,101.79619031582268,0.0
Higiene e limpeza,71.2179924177181,0.0
Higiene e limpeza,79.81929869844333,9.54657377661108
Higiene e limpeza,94.14598830658343,14.0796609874375
Higiene e limpeza,71.59036185227862,1.201934362301151
Higiene e limpeza,124.22896537630086,13.266591445175056
Higiene e limpeza,95.25578666461146,5.20834020539814
Higiene e limpeza,69.29989585624732,0.0
Higiene e limpeza,99.63877237800912,0.0
Higiene e limpeza,112.29712739475266,6.415556509463661
Higiene e limpeza,65.45084106141375,16.29604029051479
Higiene e limpeza,85.05214811561555,11.87034080828391
Higiene e limpeza,67.63746749894133,12.707772343666297
Higiene e limpeza,120.80219252825762,0.0
Higiene e limpeza,115.1664833054191,8.367469800317552
Higiene e limpeza,97.84624844268474,8.102764607831354
Higiene e limpeza,63.85594914676423,5.355425670710181
Higiene e limpeza,89.06564980201694,8.137406491312621
Higiene e limpeza,51.31656832818194,0.0
Higiene e limpeza,114.6087211558042,0.0
Higiene e limpeza,87.90723508864623,4.1938135301018304
Higiene e limpeza,51.293985634811975,2.960402356177836
Higiene e limpeza,77.48418236810127,0.0
Higiene e limpeza,114.08614547843226,5.363553158229897
Higiene e limpeza,66.53784230792493,4.438086955893709
Higiene e limpeza,109.59818646611437,4.384206829372691
Higiene e limpeza,43.50699994737385,13.43538461388113
Higiene e limpeza,65.63940624051838,0.0
Higiene e limpeza,115.29661271666806,4.524684027710306
Higiene e limpeza,87.40752038579497,0.0
Higiene e limpeza,50.10250330387317,0.0
Higiene e limpeza,92.25025918088659,0.0
Higiene e limpeza,66.95943300913858,12.957168688406995
Higiene e limpeza,46.03812457241931,0.0
Higiene e limpeza,117.82814681030125,5.378141357966667
Higiene e limpeza,91.81889742301979,10.55538254621202
Higiene e limpeza,116.9384905622943,8.449985617808775
Higiene e limpeza,44.90657312119751,0.0
Higiene e limpeza,90.94417128058464,0.0
Higiene e limpeza,111.82110881429006,1.5406870607772791
Higiene e limpeza,92.3024185321506,4.203882950937008
Higiene e limpeza,111.64584710878917,7.602007221370408
Higiene e limpeza,115.81945111189944,7.6550895960530125
Higiene e limpeza,78.1459324292671,28.84475498891507
Higiene e limpeza,68.61475934572958,17.112370412090872
Higiene e limpeza,92.54976049407989,0.0
Higiene e limpeza,116.95703470886575,22.15871201277503
Higiene e limpeza,95.0177118816247,0.0
Higiene e limpeza,91.69086350259273,0.0
Higiene e limpeza,85.02770928323994,9.574300131267492
Higiene e limpeza,50.74840883724463,1.0843517942377332
Higiene e limpeza,96.7744910897876,0.0
Higiene e limpeza,121.82906518505212,15.834765079989856
Higiene e limpeza,84.51556630736869,7.8721735946806675
Higiene e limpeza,95.25258609171784,0.42876448949949086
Higiene e limpeza,72.38642460278366,0.353594660744847
Higiene e limpeza,81.67902102328661,0.0
Higiene e limpeza,58.464748802977795,0.0
Higiene e limpeza,93.29362335543958,0.0
Higiene e limpeza,85.38120765872043,0.0
Higiene e limpeza,42.457070358841435,15.555188292033781
Higiene e limpeza,90.04059845649076,0.0
Higiene e limpeza,85.05323769275932,5.518355874973235
Higiene e limpeza,75.33965145800524,0.2702009544914008
Higiene e limpeza,49.309501391307855,0.0
Higiene e limpeza,70.98968696789234,4.945826601138609
Higiene e limpeza,84.6118078833461,1.5722950221816785
Higiene e limpeza,100.97685348757288,12.126754858436444
Higiene e limpeza,125.38061812844434,0.0
Higiene e limpeza,75.13480447913189,0.0
Higiene e limpeza,77.42368910502931,10.309216260371237
Higiene e limpeza,101.96573311259328,0.0
Higiene e limpeza,93.05216617435636,10.746957592087384
Higiene e limpeza,122.209491196925,0.0
Higiene e limpeza,110.96649837327405,2.641741640067731
Higiene e limpeza,99.66083777460187,0.0
Higiene e limpeza,51.610377026996375,0.0
Higiene e limpeza,72.99114145030352,0.0
Higiene e limpeza,52.15944541880897,18.72389351049748
Higiene e limpeza,47.958525161909385,0.0
Higiene e limpeza,48.72890423726249,8.987614605661749
Higiene e limpeza,98.1475804307982,0.0
Higiene e limpeza,98.99564626837983,13.16626560855954
Higiene e limpeza,42.84555312417231,0.0
Higiene e limpeza,95.41989400897887,3.5475874631579094
Higiene e limpeza,115.37596192073244,8.717814970690231
Higiene e limpeza,102.8006211195981,1.9143127439669128
Higiene e limpeza,53.93263754877516,0.0
Higiene e limpeza,42.97787208568054,0.0
Higiene e limpeza,82.81347594537135,0.0
Higiene e limpeza,90.47324770078663,0.0
Higiene e limpeza,103.23740168913076,8.649255687033675
Higiene e limpeza,96.7801510475804,6.160481877048987
Higiene e limpeza,78.10424578155471,10.426929110493866
Higiene e limpeza,98.51662730335738,0.0
Higiene e limpeza,108.26094125359835,0.0
Higiene e limpeza,79.48909797588881,7.202701417619869
Higiene e limpeza,114.0206893418983,6.034569063953764
Higiene e limpeza,118.98217979065528,0.0
Higiene e limpeza,90.89309836347725,0.0
Higiene e limpeza,73.16914848060111,18.020107442614687
Higiene e limpeza,99.81328714472133,9.183765368812873
Higiene e limpeza,73.45307119801764,0.0
Higiene e limpeza,53.971022355783134,0.0
Higiene e limpeza,116.75325530674313,0.0
Higiene e limpeza,44.13198137245187,0.15539443727784885
Higiene e limpeza,96.23680233559985,0.0
Higiene e limpeza,48.017672458170594,16.08369734438831
Higiene e limpeza,76.39908000095177,13.137114452467493
Higiene e limpeza,92.87360792563507,0.0
Higiene e limpeza,72.6166085747451,21.101091340665334
Higiene e limpeza,53.799585401805786,0.0
Higiene e limpeza,82.77897363964559,1.8686973544731138
Higiene e limpeza,122.96177445204593,0.0
Higiene e limpeza,74.26388913311865,0.0
Higiene e limpeza,43.95596808811584,0.8643793502179675
Higiene e limpeza,105.50848255707425,0.0
Higiene e limpeza,117.59198471766135,0.0
Higiene e limpeza,51.749070391486235,2.6154204051940093
Higiene e limpeza,116.6110309705402,3.4012088929040436
Higiene e limpeza,92.63538298916886,0.0
Higiene e limpeza,70.58351155072208,0.0
Higiene e limpeza,87.46707976609702,3.5094326737833943
Higiene e limpeza,87.49204180662568,0.0
Higiene e limpeza,105.98623029191424,0.0
Higiene e limpeza,67.387395506701,14.71100674429479
Higiene e limpeza,63.77599468662974,0.0
Higiene e limpeza,123.16334694985453,0.0
Higiene e limpeza,88.83620747744285,11.253839543852328
Higiene e limpeza,53.68567357139507,0.0
Higiene e limpeza,79.28955898878361,0.0
Higiene e limpeza,75.7397562027613,25.401083722718685
Higiene e limpeza,125.46725726647668,3.9195935159677013
Higiene e limpeza,89.81623937702835,10.608759887855513
Higiene e limpeza,94.12347181636585,0.0
Higiene e limpeza,45.30882015940666,0.0
Higiene e limpeza,81.93541364047343,0.0
Higiene e limpeza,122.96273529347573,3.4394948265239735
Higiene e limpeza,118.37908424303852,3.7465976495437125
Higiene e limpeza,115.06272944288455,18.823989411202305
Higiene e limpeza,52.96803909698343,0.0
Higiene e limpeza,108.69982748028808,4.029997994261206
Higiene e limpeza,65.15616296006682,1.307619471767124
Higiene e limpeza,124.38707017731949,0.0
Higiene e limpeza,82.59568687414736,4.372261554317795
Higiene e limpeza,73.51833262737082,12.607935768215391
Higiene e limpeza,65.99739856435376,8.905269578347111
Higiene e limpeza,74.45990280757061,0.0
Higiene e limpeza,84.93630245614973,28.907749223159907
Higiene e limpeza,114.69384732776962,0.0
Higiene e limpeza,124.36623793048794,12.953229149408282
Higiene e limpeza,106.20678464527005,0.0
Higiene e limpeza,90.16492847342829,13.26325544587063
Higiene e limpeza,117.0046495142672,0.0
Higiene e limpeza,47.24041082379594,2.6912253346489843
Higiene e limpeza,84.86550174056019,11.786034268403398
Higiene e limpeza,94.62169887797666,21.068865189025495
Higiene e limpeza,102.69428247402627,0.0
Higiene e limpeza,100.15994561301464,0.0
Higiene e limpeza,72.12290252933303,0.0
Higiene e limpeza,109.55874768820189,0.0
Higiene e limpeza,122.41001624793904,0.0
Higiene e limpeza,42.73906320160237,0.0
Higiene e limpeza,43.19697215502713,13.161664224282713
Higiene e limpeza,103.96777511142551,6.459926591924992
Higiene e limpeza,53.9925356414588,10.497410817249769
Higiene e limpeza,105.27451430505221,8.257356916941532
Higiene e limpeza,106.34017123133573,13.092480955669656
Higiene e limpeza,113.04297864985756,0.0
Higiene e limpeza,82.95015304084038,3.926594916325626
Higiene e limpeza,48.516354284409005,0.0
Higiene e limpeza,47.53876180327044,0.0
Higiene e limpeza,71.29182927797599,3.3134108270890867
Higiene e limpeza,121.59028141340904,0.0
Higiene e limpeza,48.06845123816127,4.2464773120179755
Higiene e limpeza,67.1549491653395,8.531922652275895
Higiene e limpeza,48.450232931106164,18.450428251456525
Higiene e limpeza,101.38232949975401,1.3883347049513648
Higiene e limpeza,46.213088990848725,2.5592264371945914
Higiene e limpeza,66.79587952817104,0.0
Higiene e limpeza,61.51243523881949,11.501937884182292
Higiene e limpeza,120.03984154615155,0.0
Higiene e limpeza,76.01892767077601,0.0
Higiene e limpeza,82.01024379745505,8.171735310083452
Higiene e limpeza,60.97865601943528,3.59646480771197
Higiene e limpeza,92.68159553663486,1.7746451731039514
Higiene e limpeza,72.04719111927774,0.0
Higiene e limpeza,116.63248250206877,4.461463728237927
Higiene e limpeza,84.24830327331017,23.643614709283916
Higiene e limpeza,94.46979180111086,0.0
Higiene e limpeza,48.02304083308539,0.0
Higiene e limpeza,101.95901296530273,9.168358115996757
Higiene e limpeza,111.07875104587355,3.557159522342631
Higiene e limpeza,85.68333927671493,15.42362489154758
Higiene e limpeza,53.99469198558761,0.0
Higiene e limpeza,83.71173538107655,10.684116812321399
Higiene e limpeza,65.87061988080795,5.866683963280943
Higiene e limpeza,46.55795095471675,0.0
Higiene e limpeza,104.87281975118218,0.0
Higiene e limpeza,65.18992577637067,2.705696902755347
Higiene e limpeza,101.3730915342324,0.0
Higiene e limpeza,50.55251099198598,14.926344254977417
Higiene e limpeza,72.25043130312574,9.489922836660476
Higiene e limpeza,68.31250961014364,0.0
Higiene e limpeza,108.25651601401856,0.0
Higiene e limpeza,118.42011577318219,10.53691264692913
Higiene e limpeza,73.68531559096213,1.4865350245933215
Higiene e limpeza,74.55298801668566,21.923384999122316
Higiene e limpeza,95.13566018866399,6.70910965352968
Higiene e limpeza,97.96387628404008,0.0
Higiene e limpeza,123.13228093135925,0.0
Higiene e limpeza,50.84416665341306,14.225254022641389
Higiene e limpeza,107.65946907842903,0.0
Higiene e limpeza,72.23502322536996,3.6015162916918126
Higiene e limpeza,122.355574095274,0.0
Higiene e limpeza,80.43650455922686,2.0586486413436442
Higiene e limpeza,59.53855275101046,0.0
Higiene e limpeza,46.39190291013174,0.0
Higiene e limpeza,106.46209811629936,13.617085795273653
Higiene e limpeza,113.4147623779766,0.0
Higiene e limpeza,59.799871189656876,0.0
Higiene e limpeza,115.91837685242035,22.1589500644133
Higiene e limpeza,60.114547498664884,12.574778462993912
Higiene e limpeza,66.7968020264833,18.487146803737822
Higiene e limpeza,53.4676543804447,16.13372370113955
Higiene e limpeza,68.503956983817,10.47791833185255
Higiene e limpeza,96.15367123146689,16.944223477020973
Higiene e limpeza,58.72659061767262,0.0
Higiene e limpeza,116.76316330865622,0.0
Higiene e limpeza,46.87374371477596,0.0
Higiene e limpeza,51.36047314775894,0.0
Higiene e limpeza,112.1660285625804,2.3650537917405763
Higiene e limpeza,43.228729426344536,0.0
Higiene e limpeza,43.617956117970856,0.0
Higiene e limpeza,52.44025506775509,1.30271561369424
Higiene e limpeza,75.95064881104332,0.0
Higiene e limpeza,86.58771792652064,0.9270951671758376
Higiene e limpeza,80.97366258808438,2.0220406439209704
Higiene e limpeza,122.91825404115042,21.209857433379128
Higiene e limpeza,68.18786450051942,4.556231739241681
Higiene e limpeza,107.0016242516417,2.4643221580756585
Higiene e limpeza,123.96934486146391,16.494009414989307
Higiene e limpeza,52.53951492797398,1.0967211808584536
Higiene e limpeza,64.30075433047507,4.524844534066167
Higiene e limpeza,43.468852666650264,14.362998526907235
Higiene e limpeza,85.4977763250164,0.0
Higiene e limpeza,71.23094201881241,12.13497470311929
Higiene e limpeza,123.81653648222826,0.0
Higiene e limpeza,113.13867497441855,7.862658349357241
Higiene e limpeza,80.46137830869603,8.658570380111767
Higiene e limpeza,75.42282199117156,0.0
Higiene e limpeza,61.16396709394916,0.9991135111699896
Higiene e limpeza,62.70670507257485,19.412402710661336
Higiene e limpeza,81.78959068143583,0.769623066239919
Higiene e limpeza,46.85295614571392,9.462560211377149
Higiene e limpeza,48.344655489528186,4.428660132522966
Higiene e limpeza,72.70790661209345,0.0
Higiene e limpeza,53.820581153522,0.0
Higiene e limpeza,94.27071861655926,5.438900513496439
Higiene e limpeza,54.337935046747866,17.440463304423027
Higiene e limpeza,110.12034726736975,0.0
Higiene e limpeza,98.61436337786131,17.193351152299506
Higiene e limpeza,63.82387545965267,9.015514578642836
Higiene e limpeza,66.39390778902163,0.11833381485410266
Higiene e limpeza,81.46862057137946,5.156264375791954
Higiene e limpeza,47.21904668331512,10.245647331956974
Higiene e limpeza,54.36651951389973,0.0
Higiene e limpeza,122.45084360865916,0.0
Higiene e limpeza,86.48038344531668,1.7418679868050517
Higiene e limpeza,99.07546767383504,0.0
Higiene e limpeza,48.39791959194391,12.321526702705146
Higiene e limpeza,80.60156578077964,0.0
Hortifruti e mercearia,32.19449428455091,7.182704842593257
Hortifruti e mercearia,41.97806549089501,0.0
Hortifruti e mercearia,32.554327196222225,13.531866012178766
Hortifruti e mercearia,43.91906784395174,9.752424140452389
Hortifruti e mercearia,86.45734836174715,2.8996094528698713
Hortifruti e mercearia,44.95875377098594,9.17197289480737
Hortifruti e mercearia,55.462606852138265,0.0
Hortifruti e mercearia,66.43367830200457,5.024858351619939
Hortifruti e mercearia,87.67379376494301,7.861833849112127
Hortifruti e mercearia,83.33626484552636,0.0
Hortifruti e mercearia,85.45550207780555,2.725207107947247
Hortifruti e mercearia,87.44472516256845,8.104085793052914
Hortifruti e mercearia,74.42263384106607,2.1141981054603334
Hortifruti e mercearia,72.11538922325093,0.0
Hortifruti e mercearia,44.23652521332249,19.907715000468272
Hortifruti e mercearia,39.226485317763455,18.790538394127374
Hortifruti e mercearia,63.04446887361769,3.643974899086917
Hortifruti e mercearia,30.31237838715946,25.59181882225721
Hortifruti e mercearia,30.130975936039803,16.235309857111318
Hortifruti e mercearia,43.13179424552941,4.11613838730295
Hortifruti e mercearia,67.1451905666997,0.0
Hortifruti e mercearia,79.79323023664081,0.0
Hortifruti e mercearia,72.7386961789627,1.5178698026817112
Hortifruti e mercearia,31.322586372134673,0.8081348814582885
Hortifruti e mercearia,58.06079343404212,0.0
Hortifruti e mercearia,46.69563216620806,8.951305666518813
Hortifruti e mercearia,53.144694165121564,0.0
Hortifruti e mercearia,74.24238053696077,0.0
Hortifruti e mercearia,83.95941621331329,3.5229545401627966
Hortifruti e mercearia,50.734666619333886,10.849134204368925
Hortifruti e mercearia,76.21253182033648,6.9342595693930775
Hortifruti e mercearia,50.82092716921622,0.0
Hortifruti e mercearia,68.46324033584835,0.0
Hortifruti e mercearia,83.9483268709741,0.0
Hortifruti e mercearia,35.62192916769142,0.0
Hortifruti e mercearia,31.90031155316683,9.63061724708046
Hortifruti e mercearia,31.72799522286729,11.512226793341528
Hortifruti e mercearia,46.316437042328744,3.7288227403279492
Hortifruti e mercearia,85.85549623363498,0.0
Hortifruti e mercearia,63.93255650221056,23.471956797463072
Hortifruti e mercearia,60.18035264578671,0.0
Hortifruti e mercearia,50.49370997054112,14.582714699540528
Hortifruti e mercearia,82.51915018952418,16.68780235166177
Hortifruti e mercearia,57.79120886246574,0.11574000388251449
Hortifruti e mercearia,59.046321851901126,8.140841878445604
Hortifruti e mercearia,40.613716801114386,0.0
Hortifruti e mercearia,49.22193008747023,1.5170044061132573
Hortifruti e mercearia,33.807968535968854,13.041560860018624
Hortifruti e mercearia,33.68066486497722,8.758125203605431
Hortifruti e mercearia,53.829867321077444,11.68601741881508
Hortifruti e mercearia,77.59344996235842,0.0
Hortifruti e mercearia,70.65257176263293,12.755923654628635
Hortifruti e mercearia,75.24022898595192,0.0
Hortifruti e mercearia,81.44119275551066,6.850029833993991
Hortifruti e mercearia,61.50602531157969,0.0
Hortifruti e mercearia,31.819877224636805,0.0
Hortifruti e mercearia,37.164655773243894,14.472543182728206
Hortifruti e mercearia,32.82988885412811,0.0
Hortifruti e mercearia,87.1943583374074,0.0
Hortifruti e mercearia,47.58691918614572,0.0
Hortifruti e mercearia,43.234781271731755,18.344737730025507
Hortifruti e mercearia,79.8159178861454,10.901450244347934
Hortifruti e mercearia,54.61221463946856,0.0
Hortifruti e mercearia,71.77741256609903,0.0
Hortifruti e mercearia,77.9427348391078,0.0
Hortifruti e mercearia,82.98356391103242,0.0
Hortifruti e mercearia,77.34572805256576,17.41016200430324
Hortifruti e mercearia,68.72268930754629,0.0
Hortifruti e mercearia,34.2399235818827,26.47813430518143
Hortifruti e mercearia,39.50004444424535,10.802952809760576
Hortifruti e mercearia,75.80307934382891,8.575243353138577
Hortifruti e mercearia,32.107029639635,10.277123260143282
Hortifruti e mercearia,45.30114094444606,0.0
Hortifruti e mercearia,71.88412563388407,11.034656779208957
Hortifruti e mercearia,74.52296864641522,3.290988038613234
Hortifruti e mercearia,59.71819204076057,0.0
Hortifruti e mercearia,51.45441761287924,15.697527810983322
Hortifruti e mercearia,56.925846957983666,14.211015421912826
Hortifruti e mercearia,84.1114263875722,13.386250977783622
Hortifruti e mercearia,80.60113006498483,11.90209922149765
Hortifruti e mercearia,45.8188012262165,0.3460175956685845
Hortifruti e mercearia,50.037432469269916,10.465867820479625
Hortifruti e mercearia,49.46140619793907,15.72754620815039
Hortifruti e mercearia,62.86615207755865,13.097303669842924
Hortifruti e mercearia,85.65610796916552,0.0
Hortifruti e mercearia,39.2463497266999,6.284136745522964
Hortifruti e mercearia,76.13301137568753,0.0
Hortifruti e mercearia,31.087218509034056,24.079304239541308
Hortifruti e mercearia,79.25785320874925,2.118678387567333
Hortifruti e mercearia,43.50450373547844,10.667330069668415
Hortifruti e mercearia,71.31865588727067,5.0706864992016145
Hortifruti e mercearia,86.83666807346735,15.602171813202402
Hortifruti e mercearia,32.65434340749723,27.208044861981918
Hortifruti e mercearia,80.65733680193502,3.0573409517802683
Hortifruti e mercearia,40.20645931501408,9.24336970332693
Hortifruti e mercearia,53.068754246154086,18.54632188220546
Hortifruti e mercearia,37.392439826755876,0.0
Hortifruti e mercearia,81.17666104350008,0.0
Hortifruti e mercearia,69.41456853455627,0.0
Hortifruti e mercearia,66.58348334191099,11.164766612718072
Hortifruti e mercearia,63.43872691205469,4.373869350685598
Hortifruti e mercearia,46.621511431497936,0.0
Hortifruti e mercearia,47.75467431750249,17.893231779142937
Hortifruti e mercearia,49.369037845950956,0.0
Hortifruti e mercearia,72.96585167108309,0.0
Hortifruti e mercearia,75.98823914331238,1.3653769549036694
Hortifruti e mercearia,46.51056179048396,23.724720858321145
Hortifruti e mercearia,49.27469722322482,0.0
Hortifruti e mercearia,32.94538631242288,14.318962942793643
Hortifruti e mercearia,67.58147711817254,1.8404596397849746
Hortifruti e mercearia,69.34212673927738,0.0
Hortifruti e mercearia,54.357965539547635,9.739159395341286
Hortifruti e mercearia,74.04555696958218,0.04084837670933128
Hortifruti e mercearia,45.95183624958783,0.40293789598251895
Hortifruti e mercearia,55.168011034759914,0.0
Hortifruti e mercearia,87.05220192805622,3.1724218227221006
Hortifruti e mercearia,36.30262596038411,22.94997490720185
Hortifruti e mercearia,71.29991678269725,0.0
Hortifruti e mercearia,54.61810067917499,0.0
Hortifruti e mercearia,45.2389968392198,0.0
Hortifruti e mercearia,41.75002695083222,0.0
Hortifruti e mercearia,46.611385812330354,4.294533688134648
Hortifruti e mercearia,68.47063872296619,4.1920129456108475
Hortifruti e mercearia,34.15253560142139,12.445084284064583
Hortifruti e mercearia,34.06991233802851,7.679693964469117
Hortifruti e mercearia,35.04559516384181,10.051874343998929
Hortifruti e mercearia,65.05458431846853,18.539419074307524
Hortifruti e mercearia,45.424016924430035,18.250261543557773
Hortifruti e mercearia,30.490402146887046,21.78983695768891
Hortifruti e mercearia,65.7034955203708,13.643025467053594
Hortifruti e mercearia,48.11756796609592,11.89654706112838
Hortifruti e mercearia,80.8618545807217,0.0
Hortifruti e mercearia,85.63498010453465,0.30233576733714074
Hortifruti e mercearia,64.37632065420529,6.372194641610363
Hortifruti e mercearia,71.09778614704267,0.0
Hortifruti e mercearia,30.507224939594245,26.83724100942498
Hortifruti e mercearia,64.10049719247654,0.3540432662226749
Hortifruti e mercearia,86.27705204629216,0.0
Hortifruti e mercearia,53.2156470817032,0.8074712898077916
Hortifruti e mercearia,69.40021471431561,7.4608967670712145
Hortifruti e mercearia,87.426911137105,0.0
Hortifruti e mercearia,73.89429499711147,1.5824704156441758
Hortifruti e mercearia,83.7298835741608,0.0
Hortifruti e mercearia,55.30914779479721,0.034516804391730105
Hortifruti e mercearia,72.41825323204912,3.232486283599285
Hortifruti e mercearia,65.89789771253936,2.6247458069051044
Hortifruti e mercearia,67.34197761504946,11.46683745276838
Hortifruti e mercearia,35.00561102124857,0.0
Hortifruti e mercearia,41.39116974592668,10.136984799870397
Hortifruti e mercearia,30.40959743801217,15.605657688626868
Hortifruti e mercearia,44.29784478389478,0.0
Hortifruti e mercearia,44.24951514920979,0.0
Hortifruti e mercearia,33.29702431149089,25.831693871490437
Hortifruti e mercearia,65.50960092550197,0.5122603132129959
Hortifruti e mercearia,69.42455269934966,7.333597897184693
Hortifruti e mercearia,78.30998169074428,7.291474312557339
Hortifruti e mercearia,84.80491842186336,0.0
Hortifruti e mercearia,66.10459141689554,5.545309242637368
Hortifruti e mercearia,73.56857025912606,4.553022643752847
Hortifruti e mercearia,33.64817598923748,25.777360798541896
Hortifruti e mercearia,51.56286720900572,6.402572691261523
Hortifruti e mercearia,61.46088497485635,11.501778478292398
Hortifruti e mercearia,45.50993323174741,13.861427440973447
Hortifruti e mercearia,69.04521396758325,0.5825919693879653
Hortifruti e mercearia,76.20293922698026,24.28380391621065
Hortifruti e mercearia,44.29827974839306,0.0
Hortifruti e mercearia,71.35356849317513,0.0
Hortifruti e mercearia,68.03062127547192,0.0
Hortifruti e mercearia,85.01624036618615,0.0
Hortifruti e mercearia,30.893063894486623,0.0
Hortifruti e mercearia,47.41547360564036,0.0
Hortifruti e mercearia,58.66488170603134,4.127107080598599
Hortifruti e mercearia,84.4734506882658,5.017683988835531
Hortifruti e mercearia,53.84519694269808,0.8265157988393881
Hortifruti e mercearia,68.37697641444223,0.0
Hortifruti e mercearia,39.09406527419131,2.146345806742829
Hortifruti e mercearia,33.768526604618046,14.043378044849849
Hortifruti e mercearia,81.78495163992005,0.0
Hortifruti e mercearia,77.78565239105988,0.0
Hortifruti e mercearia,46.713538166137994,8.85828409163772
Hortifruti e mercearia,47.93404222929192,6.364228702401307
Hortifruti e mercearia,61.29644215897817,0.0
Hortifruti e mercearia,50.72074561380343,15.463360441078233
Hortifruti e mercearia,76.31574850814943,0.0
Hortifruti e mercearia,47.8150046491171,0.0
Hortifruti e mercearia,59.52543926988925,0.0
Hortifruti e mercearia,85.30274067874899,13.1131126321712
Hortifruti e mercearia,59.377359918946325,0.0
Hortifruti e mercearia,41.07110301649254,10.790883427157098
Hortifruti e mercearia,79.19339597299943,11.19453176867724
Hortifruti e mercearia,80.4278974787112,0.0
Hortifruti e mercearia,65.73541998061553,19.413017175597325
Hortifruti e mercearia,39.08831133485068,0.0
Hortifruti e mercearia,70.6721958471519,8.525240386485667
Hortifruti e mercearia,43.186332585862765,7.301404698646412
Hortifruti e mercearia,39.14734907881307,24.503322947050236
Hortifruti e mercearia,34.541714956649685,5.5466416684628586
Hortifruti e mercearia,50.56597952171906,9.243895755481724
Hortifruti e mercearia,35.83157528130992,9.010567038850208
Hortifruti e mercearia,65.57003343540907,0.0
Hortifruti e mercearia,44.11885153323335,4.543690678436484
Hortifruti e mercearia,43.45892392288868,0.19878394062139915
Hortifruti e mercearia,42.59179465303436,7.422680220572225
Hortifruti e mercearia,62.55868833673004,8.196790003730396
Hortifruti e mercearia,54.20650752976279,17.963588866512726
Hortifruti e mercearia,70.81900468184517,0.0
Hortifruti e mercearia,71.1573629418893,3.152680880764225
Hortifruti e mercearia,53.980571381667005,0.0
Hortifruti e mercearia,81.12415376984787,8.126126262211157
Hortifruti e mercearia,36.42640444876172,29.970163073410706
Hortifruti e mercearia,65.44485468344493,0.1676886699896527
Hortifruti e mercearia,38.051064799741155,0.0
Hortifruti e mercearia,70.56115510767717,0.0
Hortifruti e mercearia,82.61270158035656,0.0
Hortifruti e mercearia,41.68985506721552,0.0
Hortifruti e mercearia,30.668768592027156,12.408836675131848
Hortifruti e mercearia,76.52086429074014,2.396875488462249
Hortifruti e mercearia,62.7836089450972,0.0
Hortifruti e mercearia,66.7937542546486,0.0
Hortifruti e mercearia,30.18663456846361,18.407771517378457
Hortifruti e mercearia,72.41800726022157,15.519405708055348
Hortifruti e mercearia,78.21554437081643,4.090881528882139
Hortifruti e mercearia,79.51408566248149,0.0
Hortifruti e mercearia,76.44983922858198,0.9887638219962958
Hortifruti e mercearia,56.30894670814348,7.65606839351491
Hortifruti e mercearia,81.8364051198511,0.0
Hortifruti e mercearia,57.19775179601332,2.3825399429763814
Hortifruti e mercearia,77.15892655427433,0.0
Hortifruti e mercearia,82.97372809227276,0.0
Hortifruti e mercearia,61.66385539039115,13.22701569721314
Hortifruti e mercearia,86.89766754844975,4.318839026398482
Hortifruti e mercearia,33.98241532440792,2.9457349310204597
Hortifruti e mercearia,51.82070672200159,1.8837969323561854
Hortifruti e mercearia,88.62113222780077,15.802308099020792
Hortifruti e mercearia,62.68777659826519,0.0
Hortifruti e mercearia,50.343962801153594,0.0
Hortifruti e mercearia,51.64693961655746,2.9858417625326092
Hortifruti e mercearia,57.0751512894787,0.0
Hortifruti e mercearia,72.37622306901908,15.970791350814883
Hortifruti e mercearia,30.09103397056263,19.74851521757906
Hortifruti e mercearia,42.48012765312842,4.230001625526146
Hortifruti e mercearia,29.91048633919237,31.251987631986935
Hortifruti e mercearia,77.21557223543256,5.504589545586336
Hortifruti e mercearia,33.53006476796405,23.82930312935683
Hortifruti e mercearia,74.96748634562279,16.900012922245416
Hortifruti e mercearia,74.09333635256993,7.12737845472444
Hortifruti e mercearia,77.12722408933696,0.0
Hortifruti e mercearia,69.32308615406392,3.834170389258759
Hortifruti e mercearia,66.32302017454296,0.0
Hortifruti e mercearia,41.13693226803696,11.88816649952526
Hortifruti e mercearia,82.3010405880552,6.146549987021318
Hortifruti e mercearia,74.50580527030263,5.138603272271741
Hortifruti e mercearia,64.94275409614026,11.403137456575559
Hortifruti e mercearia,63.85666768688388,6.749848469541673
Hortifruti e mercearia,67.02844247750566,2.488989821693335
Hortifruti e mercearia,72.00090825231655,0.0
Hortifruti e mercearia,45.63359608764188,0.0
Hortifruti e mercearia,43.890862745641066,0.0
Hortifruti e mercearia,42.317067906235174,14.858934819037579
Hortifruti e mercearia,59.60981698873229,2.431505032500156
Hortifruti e mercearia,40.71934382041588,8.914103961263676
Hortifruti e mercearia,52.25457395333926,0.0
Hortifruti e mercearia,78.24174175895578,13.852796136171584
Hortifruti e mercearia,45.69298579674813,11.694668277673978
Hortifruti e mercearia,70.57804111500305,4.1662839784113626
Hortifruti e mercearia,67.26420145249003,2.868545619652861
Hortifruti e mercearia,48.804455299810115,0.0
Hortifruti e mercearia,70.71311928495413,0.0
Hortifruti e mercearia,42.54217344175491,0.0
Hortifruti e mercearia,68.77919929575296,9.474898506397318
Hortifruti e mercearia,77.83383717474226,9.915326897508297
Hortifruti e mercearia,40.707625288258626,14.289509423480332
Hortifruti e mercearia,34.82764811623113,0.0
Hortifruti e mercearia,55.18738448712576,18.785117774196358
Hortifruti e mercearia,31.439746709819122,6.163081565746106
Hortifruti e mercearia,62.58584124360584,8.65965719843487
Hortifruti e mercearia,31.90323310974347,0.0
Hortifruti e mercearia,82.74555252952538,14.214424595163308
Hortifruti e mercearia,82.1654124152953,9.299701965608643
Hortifruti e mercearia,88.56047940394627,0.0
Hortifruti e mercearia,78.45392815439281,0.0
Hortifruti e mercearia,63.73210678740652,10.099841694480165
Hortifruti e mercearia,33.576979602821794,20.296783934066625
Hortifruti e mercearia,77.34404305518686,0.0
Hortifruti e mercearia,80.3840357553155,1.6968229850611354
Hortifruti e mercearia,37.295698957130455,2.496372510804271
Hortifruti e mercearia,30.92340333958944,21.852080488152403
Hortifruti e mercearia,63.109306471234135,0.0
Hortifruti e mercearia,48.10990823254511,0.0
Hortifruti e mercearia,30.447237124487586,16.828479817023183
Hortifruti e mercearia,74.83953330731913,16.289854454993414
Hortifruti e mercearia,31.900788247309436,15.602172441879983
Hortifruti e mercearia,79.14670850445326,13.440845072734753
Hortifruti e mercearia,66.56809038884826,23.645385506893327
Hortifruti e mercearia,80.7634546797276,18.99274244239842
Hortifruti e mercearia,88.23619537270817,19.902083841121755
Hortifruti e mercearia,74.38830014267525,20.652661605026044
Hortifruti e mercearia,52.635279201197335,0.0
Hortifruti e mercearia,43.143554671187815,13.225050351675588
Hortifruti e mercearia,84.59354469754578,4.083882702064186
Padaria,29.014445268632713,28.263258209574577
Padaria,49.54142588411266,14.439756485285034
Padaria,44.56967303085395,9.50485823484608
Padaria,47.897770383810325,2.7880162448334502
Padaria,48.00970079189857,14.875600139527506
Padaria,27.209130575599225,16.853691900198612
Padaria,40.7861301818963,22.446215555589212
Padaria,46.83170454380395,20.35241114558759
Padaria,31.60964403541363,19.440008900423038
Padaria,44.82016877804914,0.0
Padaria,27.698346609644545,14.08712398077024
Padaria,47.61132180097524,27.586219118534984
Padaria,54.526428498116175,13.19859159988296
Padaria,48.911074757241416,22.394797883776672
Padaria,54.55855214834278,0.0
Padaria,36.77127144976528,43.44596950632591
Padaria,26.65194803032646,2.3774454188252037
Padaria,57.948803743423746,12.790667309691734
Padaria,44.16328682876134,0.0
Padaria,22.505420080705747,34.344817293306235
Padaria,21.67997765199399,16.213802171494457
Padaria,45.12778300927638,8.52449315279141
Padaria,56.304306415842746,10.984190112875954
Padaria,28.99797085707998,25.082196319437667
Padaria,55.57139127502787,6.122404306644466
Padaria,50.45168675684383,10.870686113279763
Padaria,32.06756214929118,18.020189896987016
Padaria,39.34486144705292,12.567386744740928
Padaria,54.93499336633253,6.072034313060219
Padaria,23.11810061023367,17.627999356292907
Padaria,60.15191572657754,10.506963728428499
Padaria,58.62796352668776,10.383679517352672
Padaria,23.855532174002793,14.974598034655939
Padaria,28.980083190983677,15.326217323873651
Padaria,29.73731856585904,0.0
Padaria,24.502763875393,18.639549658040337
Padaria,27.21459627141025,1.4307895767826757
Padaria,52.93332867097645,3.630343246035336
Padaria,33.6875909874363,4.109265625220143
Padaria,25.67294073726679,12.188426004222515
Padaria,30.842114802979765,29.55584363088748
Padaria,22.936598417021674,11.303711563961928
Padaria,28.96841594884782,13.317437001068502
Padaria,34.35588555016741,17.244764099110885
Padaria,55.639157156315534,0.0
Padaria,43.35672757870864,9.009950719958915
Padaria,53.158048535679335,10.580506867775757
Padaria,40.996075316172934,0.616571008364426
Padaria,26.260042140964057,5.0027840352624935
Padaria,40.27546225179455,19.304005508444675
Padaria,23.740101529627736,2.9069761046518785
Padaria,53.91543253131587,4.139031456715976
Padaria,22.708844259732626,11.106067934594112
Padaria,49.9453046508081,0.0
Padaria,43.80028904228634,21.677229318947855
Padaria,55.53902452560749,14.609487070303913
Padaria,33.18290449173733,26.75963441836
Padaria,60.72711959379358,8.363591969343153
Padaria,56.652751893220675,0.0
Padaria,40.338993133240564,6.474674575967228
Padaria,50.623553449118035,0.0
Padaria,54.561628196846044,0.0
Padaria,35.12070266854966,10.827284869174344
Padaria,33.76828538676479,24.76176370869281
Padaria,38.89557584286784,7.069204031325572
Padaria,28.394038669985836,20.98011970924877
Padaria,59.17754646621121,9.836841210909686
Padaria,44.00524282647897,0.0
Padaria,40.34844904305811,0.0
Padaria,42.91859336515035,17.2480365182322
Padaria,35.559790097691476,4.433193090246734
Padaria,43.66125186031988,14.443344824319649
Padaria,27.939483182963748,8.789422277244997
Padaria,27.840303491116686,10.80243073337577
Padaria,54.05119095788263,11.85635473440416
Padaria,59.93107262330251,5.199404727201757
Padaria,43.67686950012451,6.917774106099047
Padaria,52.9104585700706,0.0
Padaria,35.36479943588732,14.607225710423258
Padaria,54.84256120842246,0.0
Padaria,52.836830333483846,13.476721751120825
Padaria,29.376021585310546,7.046596729480417
Padaria,29.28238056098843,13.283532453271226
Padaria,31.118720129886746,21.08224440657631
Padaria,20.41237721985589,29.084353069894448
Padaria,45.96286352707578,13.547249323232755
Padaria,50.97517937466391,7.225383383776289
Padaria,34.70546999591211,1.9159411081965736
Padaria,24.209144813387713,29.54738220656317
Padaria,22.019006886825984,23.563631399029344
Padaria,32.26902887133283,8.457582340848173
Padaria,57.4239541626267,0.15560042148314146
Padaria,39.469603271539356,27.68468865372939
Padaria,26.684612552585406,16.83905042659861
Padaria,40.25226473217489,30.89031197301111
Padaria,61.13917945336082,0.0
Padaria,51.757303886285115,20.202427811083133
Padaria,27.34576928686766,14.692646670771879
Padaria,21.627786940399172,18.365338935283525
Padaria,41.20286811804971,0.07853656982472401
Padaria,45.465459908236774,10.137533293070952
Padaria,40.82348494249856,20.17156097685045
Padaria,22.43421913515141,23.86819566965376
Padaria,38.25092590326031,7.107877583561594
Padaria,54.60036003392732,0.0
Padaria,22.408588698435473,20.322075794702926
Padaria,49.92867847336939,11.354596963606236
Padaria,31.844550385721945,6.326890359217419
Padaria,27.4594273995127,30.466634426219642
Padaria,36.371970994736884,8.125283399441086
Padaria,50.99572352045769,11.889333134028547
Padaria,30.04585865483351,11.910308008883863
Padaria,48.00405459516212,16.722599073884926
Padaria,36.17744788473837,14.220057429285259
Padaria,23.083389859132215,37.85368331809944
Padaria,29.943615011890714,17.818764526179404
Padaria,34.45531082802418,18.92961228057075
Padaria,31.210417660661882,17.595802717377158
Padaria,45.316010871278394,0.0
Padaria,54.96440201247019,19.359930866143014
Padaria,59.00290744828364,10.556577952629407
Padaria,31.69838177571961,20.68092007282602
Padaria,31.867638943361797,25.16104759145938
Padaria,45.77370858470889,20.227793287701324
Padaria,60.753935609458956,0.0
Padaria,23.60421341082573,9.122451462699043
Padaria,38.43927068194658,3.9551892209798662
Padaria,54.4124604214746,0.0
Padaria,58.526820998511816,2.630086511568215
Padaria,58.24737528965995,0.0
Padaria,22.905759626349173,11.772297576620277
Padaria,59.855639527708675,10.102562952406597
Padaria,38.5989477081801,0.0
Padaria,39.587481686774055,11.83094474949561
Padaria,47.372932659488725,17.691334187307138
Padaria,43.94721058572066,18.500629953943978
Padaria,57.25781949858804,13.171641083112153
Padaria,22.65285665344396,30.023418723598787
Padaria,20.6661621796393,32.089793622851175
Padaria,37.15086566491247,1.4941075196004086
Padaria,36.79243426748109,10.115984588289995
Padaria,48.56110232783264,15.104587084094463
Padaria,31.460622982257078,10.464432275323377
Padaria,34.33396983618673,9.007301091744896
Padaria,37.915743873340794,14.653244923905584
Padaria,32.12569386352042,32.22724027607167
Padaria,40.47871889957279,19.224122171429126
Padaria,38.07419418213743,0.0
Padaria,27.088793438297337,19.7849702037997
Padaria,57.178447967661484,0.0
Padaria,34.40939974343631,22.41973491127356
Padaria,58.36660544211861,19.853260087487136
Padaria,53.85834456124767,27.18158411042154
Padaria,57.0142789039135,15.648463312460096
Padaria,36.67470766434712,17.53448620738635
Padaria,24.644502291185226,25.866808366602676
Padaria,43.90506382517833,0.0715945351421503
Padaria,60.364950499068684,6.074943221318613
Padaria,29.13920552939434,18.479454264331565
Padaria,50.5104217916018,1.9451928837834513
Padaria,21.708504665130686,28.483009880053373
Padaria,24.59600424551659,41.66037900882491
Padaria,27.419790455657182,0.8428644816618132
Padaria,58.64225381523578,13.119473726126584
Padaria,53.76698433679833,7.444261315778352
Padaria,34.55459140016169,18.333961385431223
Padaria,22.43856199632489,24.5943865274238
Padaria,39.05617807659539,8.908945172223271
Padaria,29.621358334318554,2.4923740373315226
Padaria,43.93663616324358,16.875500210966734
Padaria,35.0312079727277,17.896009121494046
Padaria,39.84801735211363,15.97338836460308
Padaria,34.68915007086902,25.298247766311377
Padaria,33.766099102822196,9.032479845710045
Padaria,28.909396549517417,16.470931437564047
Padaria,40.04297434677499,3.057348724441079
Padaria,54.6708260030233,2.386682918674782
Padaria,53.345631911750935,0.0
Padaria,53.96608699410063,0.14579997367566833
Padaria,32.751150640306484,0.0
Padaria,58.40737545385298,10.693217397358152
Padaria,21.717295596008867,43.80947378183427
Padaria,39.77649577374058,0.19157942277275097
Padaria,47.148525272994235,6.373972988052749
Padaria,59.98099248438369,24.3353230737439
Padaria,23.17656343229999,27.39665012202404
Padaria,37.414637005343494,15.227165688478888
Padaria,58.64903939400122,0.0
Padaria,47.367391809289714,7.280656926485033
Padaria,42.83709573927659,4.362407697151946
Padaria,36.82511247563231,16.836844166321992
Padaria,45.330990673155476,14.236491196237075
Padaria,35.61216879929134,8.680541564429937
Padaria,34.85543955504441,10.795351966863887
Padaria,37.231390482954836,24.208648307527685
Padaria,23.244149779494858,35.19306091209097
Padaria,36.50104282402346,9.170902463084566
Padaria,54.116066454606,4.544725642613437
Padaria,22.094682726449793,11.739724256181084
Padaria,56.237327445961654,4.753245740378519
Padaria,43.097100892156746,10.730004472598454
Padaria,50.209515363798204,0.0
Padaria,59.44962199071439,10.712918384128148
Padaria,58.47869437548052,4.762394595368102
Padaria,57.749554862651614,21.137659542704903
Padaria,36.82522977722781,27.098368996514154
Padaria,51.06210898534022,28.52417095897146
Padaria,37.854598242707624,15.893660105362297
Padaria,50.20992733264515,5.81688317417844
Padaria,54.345510614605345,10.74014130304222
Padaria,42.41442406915785,8.472552631499086
Padaria,35.839777199708806,24.876602868749593
Padaria,57.6941133210436,13.988962242474628
Padaria,40.119970200575686,6.811571965134752
Padaria,41.34616701350248,17.861200903276355
Padaria,33.64507768303453,0.0
Padaria,21.986809456923453,38.95547703505188
Padaria,34.484762221134496,6.939727802491558
Padaria,47.74719541134232,22.82115677125543
Padaria,31.228032699326555,10.883236804460793
Padaria,60.76304630977119,7.72472078782945
Padaria,47.27476917744616,6.103760534553108
Padaria,48.438369764149286,13.628408945925022
Padaria,29.46456971437958,5.24519937741233
Padaria,32.911403989980464,0.0
Padaria,26.918371604046378,31.311786134953802
Padaria,27.35506677768024,33.29949333211255
Padaria,56.99708069107019,2.7924370796531646
Padaria,23.815746395845206,13.276421076747608
Padaria,21.06223742453639,22.90418023159426
Padaria,47.36498426071489,0.0
Padaria,29.918631600776205,19.900469175952317
Padaria,21.352337600469944,21.0026410509008
Padaria,55.79207473572437,2.6771736551005327
Padaria,58.159033118847944,1.4313287039542768
Padaria,21.991800678519834,22.81037720082202
Padaria,43.786520147361216,6.7987796857384275
Padaria,44.16579786381118,9.46351741942752
Padaria,20.846558603056337,18.699737352703693
Padaria,22.02711567917527,33.872275741209364
Padaria,44.37372540110911,13.664410419308197
Padaria,42.57351969410086,10.001433202233535
Padaria,31.60764491153586,5.2051073457485
Padaria,57.253070290958185,16.85581201360725
Padaria,35.66370497829139,7.007244880629776
Padaria,37.759328927453566,13.121298244744668
Padaria,54.32242678749667,2.0958051776722444
Padaria,29.60331471314545,23.219386356816543
Padaria,53.708480643121945,0.0
Padaria,55.884990134898864,1.6340892464348133
Padaria,23.791171487964075,28.48179299022318
Padaria,22.47706339765134,15.500818190385967
Padaria,40.46713149068209,0.0
Padaria,36.47303281610225,6.198543858781749
Padaria,41.99219692188852,13.446814374700336
Padaria,53.22440161674874,0.0
Padaria,51.37861988208357,6.841967045837483
Padaria,31.319602052809174,13.87481342127153
Padaria,35.10728670354209,30.54569919175992
Padaria,22.696682339457357,14.328830988895897
Padaria,21.799394809305163,39.80541995274146
Padaria,28.272381769918926,9.02687210817394
Padaria,46.540821453594916,14.882222985152904
Padaria,56.90433771158241,4.311327061204419
Padaria,32.506575340691285,10.19558936209361
Padaria,30.192565033724136,1.995157022394947
Padaria,47.79981859175005,14.507188362846772
Padaria,53.99572119032623,17.79250379990087
Padaria,36.57169354309398,17.728974467596665
Padaria,35.08281479989518,6.617591506201319
Padaria,47.754439203604555,5.585740468512295
Padaria,60.854761404206855,4.9144978250175875
Padaria,26.75430339490882,24.889504273892516
Padaria,43.943783235924826,21.495869091771674
Padaria,55.69797504512572,4.963022363583942
Padaria,45.63918018429253,0.0
Padaria,37.150579734025825,0.0
Padaria,43.390300939546734,2.6562588078070544
Padaria,55.06491564443912,17.154185633861584
Padaria,43.062452450948626,16.026142099989883
Padaria,52.1677832419319,15.039657733302121
Padaria,30.701994655381434,8.708363890371967
Padaria,55.675992606721984,3.238360238167285
Padaria,47.96697781618495,18.249921795351398
Padaria,44.61385333834049,26.38675778680892
Padaria,43.8439796749705,19.543143147280176
Padaria,37.87924319086629,21.55417516652431
Padaria,29.611198244484925,9.00501638197724
Padaria,48.6140438196845,15.339560211885047
Padaria,50.845220428076004,0.0
Padaria,29.303025374903577,27.604499715617717
Padaria,22.22032428815378,26.83057726269721
Padaria,50.31816724063522,5.918285590446939
Padaria,58.256711457182696,0.0
Padaria,33.92070543058818,10.97262832989556
Padaria,23.712637689863016,21.569332638481576
Padaria,30.928898115536064,16.56829474600339
Padaria,37.770627471701744,9.690569328330687
Padaria,42.73442596030961,5.237819487606355
Padaria,47.450840515172,0.7225469330565613
Enlatados,134.69660267186595,16.301789240596715
Enlatados,96.9042288503346,19.661918933239043
Enlatados,55.16133043385334,2.4081281270706896
Enlatados,81.46974966639229,0.0
Enlatados,137.30102589614114,0.0
Enlatados,117.67861419323953,0.0
Enlatados,76.85789388107538,19.250679508376603
Enlatados,135.65372954309404,2.5269712065031573
Enlatados,125.18392312941182,11.914285758005589
Enlatados,140.0771961746849,11.68105017134455
Enlatados,77.09724617093536,6.760148560021306
Enlatados,109.83085655350915,0.0
Enlatados,105.9315264089052,11.777113207496853
Enlatados,102.35840741362459,0.0
Enlatados,81.64145043856043,0.0
Enlatados,87.38591180146955,3.054961571104714
Enlatados,119.05624413444215,0.0
Enlatados,48.44159852048212,3.338718869792988
Enlatados,117.42849772097298,0.0
Enlatados,49.68809390568252,0.0
Enlatados,100.78134063403182,6.223632628049023
Enlatados,56.67865087000335,28.08223477196165
Enlatados,101.61190750180873,14.319771776577733
Enlatados,86.09736025382504,0.0
Enlatados,71.71813964960896,0.0
Enlatados,57.80130786489535,0.0
Enlatados,65.57591183051524,0.003959196702855716
Enlatados,99.96489406306456,2.889175784252773
Enlatados,133.07237891910162,0.0
Enlatados,78.05825487500755,10.37463345827235
Enlatados,87.4514496556067,12.242923478778232
Enlatados,78.9781505475165,11.641625142722615
Enlatados,61.34363303726607,0.0
Enlatados,104.48138308708113,3.3964425748061964
Enlatados,115.61544803938193,10.464394451429682
Enlatados,132.99883870756585,8.27911484035555
Enlatados,96.87327238125661,7.600896641507211
Enlatados,66.51978576158733,14.704883993073775
Enlatados,50.92736458660044,0.0
Enlatados,108.22214641094884,0.0
Enlatados,130.78034097228343,0.0
Enlatados,141.77790560953312,0.0
Enlatados,58.90568182668636,25.939105215696554
Enlatados,100.88548504296261,0.0
Enlatados,56.773180929030275,12.22599488126229
Enlatados,71.08278656962908,23.057238988945752
Enlatados,110.22442443843704,19.826103224635812
Enlatados,72.8819069704972,0.06570130586946454
Enlatados,78.25461999832984,8.590366219352246
Enlatados,126.90186916318152,2.477859014102721
Enlatados,104.9306717398856,0.0
Enlatados,110.53359714677912,13.778375368211135
Enlatados,93.60101084060413,6.148275817220522
Enlatados,102.34738364017005,0.0
Enlatados,83.18089346602389,0.0
Enlatados,122.69767727330964,0.0
Enlatados,116.4568585008584,12.34276664675266
Enlatados,86.79593028035293,0.0
Enlatados,121.70240649302261,0.0
Enlatados,138.99268171342132,0.0
Enlatados,72.74309862065424,2.4415962308010988
Enlatados,142.34384937871434,0.0
Enlatados,85.04264469010984,0.0
Enlatados,97.4518874562589,0.0
Enlatados,64.12527736853505,0.0
Enlatados,87.25773835709512,0.0
Enlatados,59.59366711316676,0.0
Enlatados,85.95670065028474,9.78911541409159
Enlatados,112.34759884177691,20.041552372932806
Enlatados,54.39136987449683,0.0
Enlatados,127.26989839849344,1.814335239241501
Enlatados,140.91434004305341,5.181845672414726
Enlatados,63.10896800269587,24.78934593808243
Enlatados,104.79566635479587,0.0
Enlatados,87.33113374519276,0.0
Enlatados,86.38955197303807,0.0
Enlatados,64.19675422085675,0.0
Enlatados,54.112267999339906,7.22625577221084
Enlatados,101.95033229639662,10.09521183720836
Enlatados,104.33501166317512,2.6805196361426886
Enlatados,81.90785591612826,2.056669787728525
Enlatados,56.11907813130135,14.33790671439014
Enlatados,103.25666599993528,0.0
Enlatados,77.14584991139154,8.272594559919222
Enlatados,62.33754831910243,0.0
Enlatados,106.14644290571547,0.0
Enlatados,56.24842093097464,12.453455979008275
Enlatados,56.206894658973056,3.60075803105537
Enlatados,94.63345940747757,11.109129036525472
Enlatados,124.33899518159689,4.428206597630642
Enlatados,75.28032818493384,5.840429691709305
Enlatados,52.341372641081875,0.0
Enlatados,87.71486897434772,26.51768448673911
Enlatados,139.10964478518642,5.392503420395472
Enlatados,113.56441718298441,13.902528927864026
Enlatados,140.5236236599761,0.0
Enlatados,50.57633025826529,0.0
Enlatados,61.24382366835789,8.806765985383713
Enlatados,91.05062519230245,0.0
Enlatados,53.72476899701145,15.761234731452712
Enlatados,106.51276633403799,0.0
Enlatados,69.39634609085729,8.360586913065505
Enlatados,91.31429659284157,3.427137043958737
Enlatados,82.64625769001097,12.287907844721474
Enlatados,125.91943160906774,12.782641313182722
Enlatados,109.612610799866,2.2482251622956726
Enlatados,124.42966387055748,0.0
Enlatados,141.2417784535743,17.540278872449093
Enlatados,100.86023921762151,0.0
Enlatados,109.04994745445012,5.173172081861712
Enlatados,103.81439693864452,14.135812886761435
Enlatados,99.14430547384904,5.68627026100219
Enlatados,70.40772977449276,0.0
Enlatados,91.24225468872085,2.518763734282098
Enlatados,64.265144062292,0.0
Enlatados,85.90173692085611,0.0
Enlatados,53.3939135715382,3.3358166277139842
Enlatados,95.25884147640127,0.0
Enlatados,85.52169168873047,0.0
Enlatados,97.42912997046835,2.040054193926755
Enlatados,54.44902412187814,1.7215886430032148
Enlatados,103.2729282574744,0.0
Enlatados,133.50009041668952,5.5508522359217665
Enlatados,53.15604532821724,1.1664154620499083
Enlatados,57.93333706617572,21.441740020522715
Enlatados,52.854787084102156,6.44718509709472
Enlatados,140.08167634169666,0.0
Enlatados,55.91633784984487,8.643260039866203
Enlatados,64.89681419947435,0.0
Enlatados,83.13421167118165,1.3981295140614936
Enlatados,144.2991732998536,3.261549562049925
Enlatados,62.24910888973416,1.662915635840756
Enlatados,85.45924213932496,0.0
Enlatados,48.844290566168056,1.5832060026908543
Enlatados,113.3884538599919,0.0
Enlatados,95.87399174197736,17.855302191595317
Enlatados,88.68559596791457,1.2823808983327636
Enlatados,119.02883602449396,5.175522740388282
Enlatados,78.99019322384468,0.0
Enlatados,57.83238963836387,0.0
Enlatados,65.78271438923723,6.524630445913128
Enlatados,101.42358534910322,10.539745136413636
Enlatados,94.46402063431171,0.0
Enlatados,124.23787976659173,0.0
Enlatados,144.59070471266853,5.096824436910216
Enlatados,128.90706733356473,0.0
Enlatados,70.20281234424401,0.0
Enlatados,143.20594605625493,0.0
Enlatados,65.96293163469288,0.0
Enlatados,119.24332820698737,10.879980449423202
Enlatados,89.12813158244548,12.186930643415149
Enlatados,126.34396712479187,2.919789633708216
Enlatados,132.37531369863046,1.6797521742497503
Enlatados,62.00021397269094,0.0
Enlatados,88.72197990553593,0.0
Enlatados,98.77717025085002,11.185761212932054
Enlatados,144.9793460560932,4.0538077644133965
Enlatados,86.80210525433156,0.0
Enlatados,61.324245456371145,14.04400063311032
Enlatados,95.30807981038537,0.0
Enlatados,88.97104794692149,11.604383321716423
Enlatados,104.20052824307163,0.0
Enlatados,64.08021273164124,26.03263952024944
Enlatados,103.68645011942476,0.0
Enlatados,68.7932285940283,12.33773120984419
Enlatados,103.06701530168338,0.0
Enlatados,73.73931955561724,6.4030071699171325
Enlatados,125.57650989727145,17.877944377817638
Enlatados,119.64583770020425,0.0
Enlatados,61.340939998160415,24.77786913605376
Enlatados,73.75584539676,18.34963261840446
Enlatados,98.20522437659088,0.0
Enlatados,76.35714552648153,0.22069751390985617
Enlatados,76.1092814718787,0.0
Enlatados,119.60545098343746,0.7420468910081068
Enlatados,139.64605305074994,0.0
Enlatados,65.3349118857031,0.0
Enlatados,109.05296254887597,0.0
Enlatados,101.77261513452245,5.9311409346934925
Enlatados,135.29630552628987,0.0
Enlatados,67.45507380533886,9.664287187576164
Enlatados,106.26903129920008,1.9741214041737296
Enlatados,126.9247970675377,15.677514714978091
Enlatados,136.89156456213115,0.0
Enlatados,103.86431916251884,0.0
Enlatados,67.68276193255473,0.0
Enlatados,72.35345133701723,5.489679683464639
Enlatados,105.40163178340464,0.0
Enlatados,89.75674312340871,0.0
Enlatados,56.94330512409536,2.4188170166220218
Enlatados,65.08498731443163,0.0
Enlatados,75.88243516109958,1.1821796595215952
Enlatados,87.21982732067804,13.553505885224709
Enlatados,125.81019436886248,11.916723987556027
Enlatados,138.80115768339738,0.0
Enlatados,103.13460828758562,10.127682310122443
Enlatados,112.67087150414966,4.909399180907405
Enlatados,145.02033565291492,2.058775802996487
Enlatados,118.20549343582246,6.597649481613488
Enlatados,53.20700916669548,0.0
Enlatados,70.82509899138577,0.0
Enlatados,69.81468935381815,4.791763081520581
Enlatados,61.81982044511798,0.3593031011406836
Enlatados,113.82041683001333,11.616499038565646
Enlatados,71.59871525496705,8.187407215596673
Enlatados,78.7222580485429,8.08261040067802
Enlatados,88.22442467079851,5.777288978411966
Enlatados,77.82977824143558,2.10485821519111
Enlatados,124.18606020413506,7.694556243104006
Enlatados,141.98706627421996,10.616276148244681
Enlatados,86.56517933027449,4.0066576085749706
Enlatados,119.09214687752919,0.0
Enlatados,104.14890670105893,0.3530407737507314
Enlatados,78.68270419902667,0.0
Enlatados,89.85040219604711,13.076669781556838
Enlatados,70.9359108682979,7.9153617693872595
Enlatados,87.70542688284556,0.0
Enlatados,124.33101830405707,0.0
Enlatados,136.52451872448566,13.492133144390412
Enlatados,135.3370550886515,0.0
Enlatados,130.40880511457118,0.0
Enlatados,54.486797559645,0.0
Enlatados,95.5377868262477,0.0
Enlatados,79.14315062342727,0.0
Enlatados,126.79548856922852,0.0
Enlatados,131.6269309450462,7.256316548972773
Enlatados,131.4847942131629,0.0
Enlatados,115.31519821915614,4.339809287332318
Enlatados,139.98995051840413,0.0
Enlatados,96.9333678034888,12.448153646839145
Enlatados,110.99468587256023,0.0
Enlatados,78.67052751236247,0.5158015452058791
Enlatados,126.17253950403219,0.0
Enlatados,112.60175298118892,3.5192761976495497
Enlatados,121.27337152065743,8.26641561262586
Enlatados,61.19608698753823,0.0
Enlatados,116.74104327256109,8.560429812239436
Enlatados,72.88217910502091,11.772582833501374
Enlatados,133.01663752297685,0.0
Enlatados,130.6968995795308,18.149789766335648
Enlatados,85.58108137855871,3.580068859323565
Enlatados,101.61547550018956,0.0
Enlatados,66.76738971971545,1.2192239562351244
Enlatados,106.98279947713229,18.189752127592534
Enlatados,93.08918385231229,3.950697557373259
Enlatados,117.1622573454155,3.8827346362303676
Enlatados,58.64961763810068,5.126053434382712
Enlatados,115.96440355262521,9.479801339074454
Enlatados,83.60340016997274,3.814104871267682
Enlatados,59.34607678825033,6.468948757699701
Enlatados,87.94303515983239,0.9086422489310644
Enlatados,109.60458791665795,1.9916976481842075
Enlatados,74.64965797546256,10.213898584147023
Enlatados,86.52317937293844,0.0
Enlatados,61.9291733136736,0.5951738435234071
Enlatados,142.96938635740977,0.0
Enlatados,84.19952009617262,0.0
Enlatados,98.86747548916253,0.0
Enlatados,91.1290224936078,0.32165948912480613
Enlatados,97.6288031185835,10.626867692888846
Enlatados,61.84368146368872,2.5054361747471288
Enlatados,106.11607634527037,0.0
Enlatados,88.65678984852234,14.171429536395319
Enlatados,67.39872397270236,0.0
Enlatados,127.90250440881081,0.0
Enlatados,92.8111731272232,18.43614584948482
Enlatados,73.3018969650276,1.1007631619867018
Enlatados,79.52212675137137,16.732531018272702
Enlatados,106.18231573576092,0.09871409075458298
Enlatados,137.63266908267622,0.2872142120269472
Enlatados,81.86290353759202,0.0
Enlatados,48.460617400491074,0.0
Enlatados,137.08145082707554,4.8653936455862254
Enlatados,64.69603828161239,7.123242702847095
Enlatados,60.09911424019338,1.871585302121509
Enlatados,138.418979046592,0.0
Enlatados,90.14774682180078,0.511963200395275
Enlatados,82.23249677026459,0.0
Enlatados,84.75062863923299,14.75058186126451
Enlatados,59.153594523302374,8.463702988437042
Enlatados,51.886506077324114,0.0
Enlatados,126.17309692578928,0.0
Enlatados,81.49744477068484,19.25434634454934
Enlatados,97.73887813307013,0.0
Enlatados,131.89310745142504,0.0
Enlatados,144.23477007449725,15.112149604578079
Enlatados,95.252814831054,2.638299107422824
Enlatados,144.5539901081056,0.0
Enlatados,131.51382545423,2.9677304413399086
Enlatados,81.91742081457065,0.0
Enlatados,49.115044859089544,0.0
Enlatados,127.76842161033119,0.0
Enlatados,81.11828264527031,0.0
Enlatados,71.06598505521667,0.0
Enlatados,55.04435444075026,2.8007885361677283
Enlatados,76.66488063705894,0.0
Enlatados,88.87467920568946,9.377869082033813
Enlatados,136.1414956034984,0.0
Enlatados,96.1949359434062,0.0
Enlatados,140.8016670138031,0.0
Cereais,12.306520032919039,11.045245470734217
Cereais,19.786894661095523,4.758888343496963
Cereais,9.599181618645966,20.878139651704743
Cereais,8.797902032736602,37.30649160148529
Cereais,21.734002012199625,13.219919284067657
Cereais,16.108652043450086,8.6509712204103
Cereais,8.910793145095647,31.412004261904883
Cereais,20.878374723900187,11.112308917270965
Cereais,7.914206438301239,55.905700261021735
Cereais,22.125156726698677,8.827524747936142
Cereais,21.730495909026928,1.9796987931953707
Cereais,12.166229998274645,11.706108769265597
Cereais,13.524544399949562,26.816765804205332
Cereais,10.175626427082692,4.877239066738461
Cereais,18.369529884285065,5.745023609708708
Cereais,15.472008376791413,5.211024600452008
Cereais,19.991664499119437,17.43392280327109
Cereais,10.11230240868623,40.4804612453728
Cereais,16.145884266620982,11.075045401222813
Cereais,14.086813179075175,8.99441949961059
Cereais,8.324121838262009,35.831787217703365
Cereais,8.374834519811104,40.94532628840852
Cereais,10.471932607650846,31.596394579819012
Cereais,9.887562095651722,27.109999742146936
Cereais,19.483951355435366,23.066504281047358
Cereais,12.993112632726639,12.958006363409124
Cereais,17.389133391326233,8.031730516335262
Cereais,22.17556026839903,4.802643747065959
Cereais,21.86072358354096,11.084570793851036
Cereais,20.174051884618798,18.01479076545496
Cereais,8.774791431217336,21.75587946384494
Cereais,17.512133560362987,0.6270775199549696
Cereais,13.199232684088184,21.139571699839255
Cereais,20.268358723808447,0.0
Cereais,13.60271922324861,14.552239412215052
Cereais,11.372306026373156,19.521679043501642
Cereais,12.334760873269985,32.012328228422646
Cereais,18.444059848376206,27.539936462730697
Cereais,13.300147200205028,13.075978838024131
Cereais,14.943020208804242,20.315420562359016
Cereais,20.061028038498826,6.199576156502799
Cereais,18.255780519470726,18.98527721545655
Cereais,8.1010987724601,27.675727611584193
Cereais,8.56976017498138,47.00184345429588
Cereais,17.113784499027656,6.091278699772621
Cereais,8.952802896122618,19.363094664938558
Cereais,9.97953240281679,22.683427481214217
Cereais,21.755540660507116,5.716659053666614
Cereais,7.803460496651777,30.48403842391054
Cereais,12.45475485649946,19.423221086621243
Cereais,21.990444546217194,14.84602151225673
Cereais,16.140208305495918,5.217329734873999
Cereais,21.349250439801946,24.05797839955479
Cereais,10.724257963863279,49.220533777875886
Cereais,10.273539937648689,24.345795877132716
Cereais,13.447879042264933,23.601491147839585
Cereais,19.427016289707076,13.776344568725957
Cereais,19.089372368051503,8.879754043589651
Cereais,16.922825372934206,9.943028027879858
Cereais,11.210318074355712,6.7108554872993125
Cereais,19.181546698937197,8.731534380901552
Cereais,12.986042634630447,26.499172705866094
Cereais,22.537733508585134,2.151987953506554
Cereais,13.13280301764837,0.0
Cereais,21.735836569777426,23.502171705352772
Cereais,20.228617168645158,13.337555666176327
Cereais,12.981670046745283,30.149907237396285
Cereais,13.311764441782035,15.73522486436591
Cereais,19.953029733345243,11.155297901197613
Cereais,19.14642051504525,15.905755112353166
Cereais,20.125155271575842,6.105542176961271
Cereais,8.500716850080602,46.917539260593
Cereais,13.907315436886869,11.203867122728749
Cereais,19.259542646847386,29.4987102671479
Cereais,13.215033315098543,6.77512808899643
Cereais,19.2658077463334,14.972779387669508
Cereais,16.125076302785132,6.764088614654384
Cereais,19.254076996259386,0.7966380917564635
Cereais,15.15212869973876,5.817442836514063
Cereais,21.557063621893462,0.0
Cereais,15.8066965146079,3.5887896618876596
Cereais,14.598924544985046,24.010303672655688
Cereais,9.61386192256678,37.246492936215276
Cereais,20.649486527800935,0.0
Cereais,16.201630855228203,17.949887161999097
Cereais,16.966344395724626,5.090886909137285
Cereais,18.98640741975123,0.0
Cereais,17.70981161195613,20.14696814576274
Cereais,8.76559734714401,44.38569664341508
Cereais,16.921023276639552,6.852307325664126
Cereais,13.780239554437255,28.633613803290118
Cereais,12.953224669370279,17.82967826824958
Cereais,21.120580297112028,9.720283013662296
Cereais,20.77975726473361,7.5316799921365725
Cereais,10.513918007226996,13.780300480936514
Cereais,18.60634852534873,8.139111561678389
Cereais,15.965502648789148,1.8399755239584437
Cereais,10.975423714040316,29.39798547786889
Cereais,8.350118917941984,43.2951897222191
Cereais,20.93993355188894,0.0
Cereais,17.99451723185329,17.109523719815705
Cereais,18.801279222111262,9.6445231968197
Cereais,22.053755307026798,0.0
Cereais,8.524822477766412,37.7558308672199
Cereais,18.90674954624516,6.722376811079816
Cereais,15.921140242064496,6.525645032255648
Cereais,16.41375620428309,1.4445455507933307
Cereais,13.565924706839658,20.872884382952478
Cereais,17.227609835525023,12.778477037076316
Cereais,16.834739684822217,13.687541402590801
Cereais,10.6712944904058,36.43445442208631
Cereais,17.000543203079243,27.339214775652074
Cereais,15.262918783980286,0.0
Cereais,15.718234970257795,17.409219027864914
Cereais,10.756608555440515,19.7422186489564
Cereais,9.020428824768054,37.88065244717467
Cereais,14.437311669399719,8.19899669871683
Cereais,11.977878867062971,40.445391315113994
Cereais,16.317449421757097,18.57304175661055
Cereais,21.93779273523795,6.302660938188984
Cereais,15.456999513117278,26.044585254188
Cereais,8.276341713529467,28.919143239293437
Cereais,15.031352390012295,20.811037290627347
Cereais,7.895304302837187,38.03363166752757
Cereais,16.234852873092716,12.107377972145088
Cereais,9.027163545414183,49.82036656915172
Cereais,22.70598049073135,31.72758986777589
Cereais,11.358835938728134,26.70667145866871
Cereais,15.165958499382835,7.0340840921491115
Cereais,9.347250294721004,29.779575307409836
Cereais,20.62439473321452,1.9291718128054143
Cereais,15.4961617068722,8.057546012477692
Cereais,19.564620035193375,11.037364414751671
Cereais,9.548488218444053,23.294466975377464
Cereais,8.272457421686902,49.31008099444688
Cereais,11.756661220304197,19.615612838131142
Cereais,14.21320032792697,15.579651246284296
Cereais,16.617251733194855,7.1802258699106964
Cereais,16.513841948291777,0.47177061196970094
Cereais,9.354394043928195,19.788577197346378
Cereais,13.366398529213669,19.986012062744905
Cereais,22.61057289801007,4.605014769462327
Cereais,22.66917296375711,10.644985707691086
Cereais,18.5178594686896,20.895057912295748
Cereais,12.108207222012583,13.482152986423612
Cereais,15.143124777018704,36.157399006705454
Cereais,19.395449167625607,0.3532719684881691
Cereais,21.96858195041326,0.0
Cereais,8.57721504474739,44.21955044908796
Cereais,17.122269530388913,11.819587704586947
Cereais,16.136041850288322,5.590231099558239
Cereais,20.849161247755262,0.0
Cereais,16.333593803031924,3.6405050686304783
Cereais,7.957373505675461,40.21494594534261
Cereais,22.570647735809764,21.593327255393856
Cereais,8.939452831237876,16.94599239253623
Cereais,18.24412515796017,12.226927329219517
Cereais,9.65496439572833,36.62119154840637
Cereais,16.68060572966973,7.613483682682714
Cereais,21.277684560910593,22.916342985985658
Cereais,17.71317937815249,14.004087207668952
Cereais,9.734728851602199,37.23955177566376
Cereais,12.48579033743827,27.43814163210263
Cereais,12.35124109226651,31.411017197444025
Cereais,10.548261132106562,24.099132448060953
Cereais,11.191983384499167,39.66738203676558
Cereais,17.218785513460656,11.088379791726048
Cereais,14.935560533054762,12.5317771067295
Cereais,9.991792920842673,25.091331393235727
Cereais,19.56946207637002,6.2351313045839944
Cereais,14.271690643847514,12.450672161426485
Cereais,8.241157933432644,38.253039011828456
Cereais,14.585031992995432,16.34901752529894
Cereais,9.047264646686676,33.31430975128099
Cereais,16.01200038131685,11.393149610544686
Cereais,20.50247024065159,16.76704475808612
Cereais,9.771856337490913,30.64689350164537
Cereais,13.314055613524939,22.09470231265139
Cereais,22.17736496633347,0.0
Cereais,18.516976198429777,0.0
Cereais,19.511715150020596,16.390435650661395
Cereais,8.693951693247557,42.85788644723913
Cereais,13.681357943696305,7.374825804197652
Cereais,22.86767119599782,0.0
Cereais,17.622113443145683,23.71518590650242
Cereais,14.41086466815551,10.915532485944624
Cereais,21.118791327385054,1.9893207569722975
Cereais,19.37101818316356,0.0
Cereais,13.782084165541622,6.1421462294420905
Cereais,19.157872488118123,31.349676539872753
Cereais,11.231177482187315,21.889509820166545
Cereais,15.024253733426502,11.647715545734782
Cereais,10.301153140739991,15.11380071530523
Cereais,8.595219144074733,18.552094849190837
Cereais,16.70505821702551,29.440730281540525
Cereais,14.176531527021936,26.25599343508005
Cereais,18.521435312908828,12.092280767635447
Cereais,7.8235995928882565,14.726034442998031
Cereais,18.376830689897837,8.044344410806385
Cereais,13.388785697950093,18.75058274236605
Cereais,22.807299634219746,8.431952059756322
Cereais,21.74172231698496,0.0
Cereais,18.770695512087528,23.89059840898375
Cereais,21.039107740389895,12.490661035461383
Cereais,14.75562078287717,0.0
Cereais,22.617232089368386,2.7181643046018538
Cereais,18.460812485931143,3.1275977069397287
Cereais,16.18708624751821,12.883773237299403
Cereais,14.143063014252178,13.817477540711872
Cereais,20.45464808024905,12.385098187065525
Cereais,16.310009179166986,0.0
Cereais,14.948665541153837,16.093365257396812
Cereais,20.938744167106194,0.0
Cereais,9.700546008762899,23.269213075830308
Cereais,12.303331046154968,18.731118303838567
Cereais,11.218075538482177,38.466862488207724
Cereais,10.272855849938587,31.408796350845225
Cereais,12.999830229077691,16.849975578569907
Cereais,22.94750576500568,0.0
Cereais,21.45197150706891,7.929592207346242
Cereais,14.809088044172892,5.468396017749711
Cereais,10.552218397138908,35.5396020361694
Cereais,8.317189437747428,36.24318115816361
Cereais,17.053398941585456,1.1203465689448429
Cereais,14.315579352374126,14.411985684729519
Cereais,15.968505083204079,22.876411263334774
Cereais,15.065499172188556,23.722632203969937
Cereais,21.495047213461877,5.960497558449477
Cereais,12.88864359901828,25.619839698021813
Cereais,22.54556348852123,9.731830155158624
Cereais,15.558577252294484,0.0
Cereais,22.49642436499503,4.220636296904775
Cereais,9.912469797423611,11.871825926467256
Cereais,12.012638947646616,27.07185114718331
Cereais,13.9550002661184,8.720563591693578
Cereais,10.092989396659425,29.0504729020869
Cereais,14.488459914935584,0.0
Cereais,12.590115985860718,20.286177412262408
Cereais,9.051280937411459,31.041440295117095
Cereais,16.5130228542751,17.12622069831869
Cereais,21.73656006680313,5.163750687512032
Cereais,11.683007445616289,22.202340152200016
Cereais,14.6485352222605,26.368805995074254
Cereais,23.06003534480584,16.668588648114127
Cereais,12.143757419066343,40.55764059537062
Cereais,13.965434837067367,39.44408964344129
Cereais,10.318760824308555,51.741319987688556
Cereais,11.214674561674927,22.989900169160386
Cereais,16.095640277768865,14.848822897753898
Cereais,22.980830762758877,26.994518539503076
Cereais,17.1373607051386,24.973291982267412
Cereais,10.338816902663254,20.445879590068166
Cereais,13.639609802860281,8.7490238618822
Cereais,19.765589724834264,0.0
Cereais,15.176366469875854,18.17699255061716
Cereais,12.985068596476623,32.29342516394082
Cereais,20.200429022309407,1.7825015126312067
Cereais,15.489862043879802,6.9536533603989445
Cereais,11.732618764880133,0.0
Cereais,22.621278017218117,13.779618741586402
Cereais,16.518346720309154,23.389305453127683
Cereais,16.701951141639203,14.588831835773364
Cereais,18.782296332715255,2.928992657268492
Cereais,14.771229697784426,12.873333413470334
Cereais,13.793252397173891,13.15292377622336
Cereais,22.617665210813435,13.330151648846101
Cereais,22.485109575908943,0.4359759480037626
Cereais,21.520062692720323,0.0
Cereais,22.61593802083263,0.0
Cereais,15.822805816391734,7.740968802024162
Cereais,18.31590601280267,20.314345598123868
Cereais,8.506790923717258,26.94011670126534
Cereais,8.470354551122506,20.44662766798195
Cereais,12.577410858540816,7.366758341607309
Cereais,15.281945964412067,4.400125145602384
Cereais,12.48236450471451,13.946000892901376
Cereais,22.743650781560326,0.0
Cereais,16.60078132083447,0.0
Cereais,22.87374512963063,15.5213066581499
Cereais,18.751000817796065,0.0
Cereais,17.07541316525616,14.797484920134526
Cereais,8.698580207573,28.617770477562907
Cereais,16.902985561656664,4.12599493348953
Cereais,20.6883816007052,15.868817915964502
Cereais,8.17828110344498,36.817742124800716
Cereais,11.065511038060745,35.9381236455292
Cereais,9.773128377520479,23.305554644045387
Cereais,17.274497516750905,0.7562125789721925
Cereais,16.111276818283493,9.50354728902691
Cereais,11.391866309957802,16.027562287768816
Cereais,11.003134101228582,40.59570696604459
Cereais,11.063429161720748,16.70934537206353
Cereais,13.364556699100882,20.752147675292623
Cereais,22.431573515957176,7.2967476675663265
Cereais,20.048674137850128,0.0
Cereais,15.511803397992342,5.206087149777975
Cereais,19.7031074600282,10.764695900584124
Cereais,13.256562551442936,19.098176224308148
Cereais,18.307658199468094,6.962238911462929
Cereais,18.528647110131594,9.034763350769198
Congelados,9.027361846263013,57.82292041427867
Congelados,8.75215176726114,57.0350022569995
Congelados,14.276377653725497,20.429447008192454
Congelados,13.355458287191496,9.63515981513617
Congelados,12.984316056032185,39.451287151862694
Congelados,15.402610445663669,38.62100515238302
Congelados,7.14416042711377,69.71946383710907
Congelados,8.43183495822155,67.62383682761335
Congelados,10.606217072487368,46.481251819184294
Congelados,15.11854899514903,5.131441757525469
Congelados,11.638828429392259,36.53986617796257
Congelados,5.999149783486959,106.22578000386449
Congelados,7.976784108213623,36.557066767316186
Congelados,7.420642061356868,61.3113977851476
Congelados,10.929463565374737,24.792818816425587
Congelados,10.49247973738019,29.993022895857028
Congelados,6.892969671234681,62.80057691731377
Congelados,13.887260115877705,29.245124398937246
Congelados,14.23643502718295,21.08275787520055
Congelados,12.450842973155035,33.170180118364684
Congelados,14.523431194279866,43.0865725930166
Congelados,10.431287867015477,48.579076324853055
Congelados,11.196943972698275,36.09940762290861
Congelados,6.328750403523597,74.24111941807232
Congelados,10.177147400548002,44.06735512092548
Congelados,6.894407265464574,50.72676699656551
Congelados,12.97041845569321,23.65072345608095
Congelados,6.57763355062935,77.83140694467
Congelados,7.02610018862702,67.81673542315912
Congelados,10.528132705902244,48.80316395261869
Congelados,6.603742497748144,81.93189290494061
Congelados,14.456612174024837,28.265888690027996
Congelados,12.256519656214952,26.931531183122857
Congelados,9.633396468479926,37.10890104391318
Congelados,15.70611686580957,33.199528930769745
Congelados,13.174046377228809,31.74018835498446
Congelados,6.666777909563227,63.06152812439121
Congelados,12.398596272356915,39.971996888544666
Congelados,9.153433556895097,49.66319102844809
Congelados,5.710481388393993,87.70150073113005
Congelados,13.025337033152876,36.12058406544716
Congelados,16.04850479164828,26.443475199479494
Congelados,16.061159180499793,34.610732509761334
Congelados,6.839262040389491,82.79125064234941
Congelados,12.519188900357133,24.68107883339082
Congelados,9.385616014322705,44.15256224973301
Congelados,14.43706846238361,20.97076260853
Congelados,6.0419914082392125,101.10779565499027
Congelados,10.088766878023872,48.359673034314
Congelados,12.420128566086321,29.868088396129945
Congelados,8.834419720162558,41.32550354683974
Congelados,16.028139113857648,21.80364428282338
Congelados,9.361304570252432,23.119902077502143
Congelados,12.871024958451699,25.610788132252328
Congelados,12.650292370381319,19.75175885071818
Congelados,8.878127050674959,57.669191431382266
Congelados,6.80553435182511,66.8392674319519
Congelados,11.94770113239018,33.19803640220586
Congelados,14.908427096686477,22.362939164481908
Congelados,10.441521550498221,48.37775181421772
Congelados,6.280009378024469,88.27310960851425
Congelados,8.105182848640876,60.27869746744503
Congelados,10.027880772549588,44.043856655565314
Congelados,7.537427662146516,45.02259606180128
Congelados,6.551137208965405,71.73348502236986
Congelados,9.169032645243664,58.13438973683827
Congelados,11.39035074084531,36.31293204333987
Congelados,11.781742654818148,29.546996124270226
Congelados,7.473175993114186,56.617913116215476
Congelados,6.062681197584098,77.37833601855321
Congelados,11.840120173904904,33.47250558037897
Congelados,14.362024043097097,18.94601012695064
Congelados,8.998622697455957,58.5126743208215
Congelados,8.42690449936821,35.010700538804045
Congelados,5.7318580868955085,96.3562592108532
Congelados,11.763466766181569,46.795134499974935
Congelados,13.515085734664687,16.49235542692999
Congelados,9.278812676756033,51.88636150060758
Congelados,6.814883146650411,73.75673984640429
Congelados,14.787655327367077,15.844544120235705
Congelados,15.92108316132072,10.103217147880438
Congelados,6.592188909282166,77.87941755965755
Congelados,14.289699789884288,43.72622653191452
Congelados,13.94804813145553,38.34104077049612
Congelados,13.09704659636575,34.648450216370726
Congelados,8.556670935687178,55.50423027442758
Congelados,12.413175238374125,32.44791536136455
Congelados,5.806038062361694,86.50569935044687
Congelados,11.75298332268197,38.05467810149661
Congelados,7.356714090440136,54.71051380448604
Congelados,8.004264208855911,64.58845753324385
Congelados,7.746640658105905,58.42748954679913
Congelados,7.012217451939981,67.25179158824108
Congelados,15.366546440643528,38.87533619306788
Congelados,7.038063041357483,54.50587172511085
Congelados,7.1484955739661284,72.19842209990064
Congelados,12.88101348268093,43.59938822345233
Congelados,8.810579006558894,54.371831027151536
Congelados,10.318178279720737,41.63895613320115
Congelados,8.623217711758311,50.01294627892236
Congelados,8.65117212085805,58.919615022301834
Congelados,8.188641661320364,34.65335689681495
Congelados,15.404694669943972,27.547406033857744
Congelados,6.568512098594706,70.64476145743224
Congelados,12.588583292224488,29.37438332536522
Congelados,15.735856795032909,26.81077436957301
Congelados,12.809073912256359,19.87692474865746
Congelados,8.748237819957218,43.55678235538183
Congelados,6.4546859714163,88.97864353084992
Congelados,6.981126295844664,64.08650716395684
Congelados,6.860709979076491,57.843684968154655
Congelados,6.504674347007329,80.00729551336386
Congelados,7.258299833312101,77.54136888350047
Congelados,11.290206045790509,22.118872480594945
Congelados,12.812385187074934,39.484600653353446
Congelados,8.3386148179509,67.53417327582535
Congelados,5.866804461823162,95.79019357878688
Congelados,11.640921233005937,32.183624334867716
Congelados,14.50238328754467,35.450941494258814
Congelados,16.10854506996995,33.21883436207905
Congelados,16.169991077485296,10.199415492535008
Congelados,14.134104700068995,33.38013685262257
Congelados,6.607196307617041,74.26216469995227
Congelados,9.609182191454948,44.29815997287734
Congelados,12.30637695171415,13.5965941462924
Congelados,8.82046551731742,29.570040331760314
Congelados,13.737624272040822,27.78231141281832
Congelados,13.468797443063227,26.048193677939157
Congelados,8.194243428763656,52.88431039946093
Congelados,15.371151929596465,20.26682784521001
Congelados,12.33406031882279,21.134415398147688
Congelados,13.272405663918143,36.48396856851732
Congelados,5.748327830735604,103.03123234801444
Congelados,7.032424972084706,52.684181533257814
Congelados,14.400205590479853,31.780167438860605
Congelados,9.85259995117457,29.781659292832817
Congelados,11.929864299576701,29.733760427418677
Congelados,14.363997588601446,29.217481382147366
Congelados,16.3196479555796,13.977155507253782
Congelados,12.65712378883114,21.208454792397973
Congelados,15.950645960543742,21.571210807716685
Congelados,14.096601619935626,34.11787000320651
Congelados,6.919762852311762,63.39503223515028
Congelados,6.532374905989348,65.65943606135811
Congelados,8.399744563480006,47.842863935521784
Congelados,6.40439486285605,87.86801776470612
Congelados,9.167186653623412,46.63863087343077
Congelados,9.971935251748958,42.29625804715338
Congelados,7.254924940279141,60.7294139954502
Congelados,6.0585795971889675,80.58941692085217
Congelados,6.752493394022539,78.07841200138489
Congelados,10.84903363941859,38.070759196412084
Congelados,14.617262884009737,42.03995391731681
Congelados,13.40829384051245,22.757875560960425
Congelados,7.335744296523856,76.77996005562065
Congelados,6.211735664493495,65.72301320922188
Congelados,9.377416711389849,46.35193483708565
Congelados,10.607290809816929,37.9688698064318
Congelados,14.324593098026135,38.71726522253183
Congelados,11.923020205579167,29.051173048714332
Congelados,15.092369978519358,40.52491939082928
Congelados,12.29966542516442,16.073194379623935
Congelados,9.985236035850104,33.84517120550906
Congelados,13.45360226308319,20.539919699248845
Congelados,8.925448762223468,35.572812132486604
Congelados,15.88857271807683,21.852922412032196
Congelados,14.711260353663892,21.408081976219254
Congelados,13.74014504415089,36.81887343493317
Congelados,7.008256962795138,55.55348279111595
Congelados,11.080567431327644,58.38459525767179
Congelados,5.523472266243381,110.1152736171828
Congelados,10.26073049187072,33.78647373450796
Congelados,13.41206497560043,34.071941763954584
Congelados,11.847007775608539,26.76212908483858
Congelados,7.736286549487211,65.05240470737297
Congelados,14.475700546148815,11.449979324568282
Congelados,9.966132034894033,47.28847174278646
Congelados,12.726877021991413,25.465347184833504
Congelados,10.31941726985423,24.871618411360025
Congelados,12.264660388094812,30.37345558730058
Congelados,9.346965450393352,45.055197234703506
Congelados,10.730851897932435,39.047326570272965
Congelados,11.601242176620985,50.93267429326416
Congelados,11.823108269877007,28.672700754142515
Congelados,10.801399027579798,35.31771095490235
Congelados,8.117847293659779,41.123044341590614
Congelados,15.39982070302224,26.256721562499717
Congelados,11.244269366328403,33.591856901613916
Congelados,12.316271854745516,20.036062646520964
Congelados,9.53285830651767,45.15666848057171
Congelados,6.521393715161552,65.22146938889817
Congelados,13.91020151994547,47.07765171219236
Congelados,7.841946347423847,54.325933347282174
Congelados,15.527639688582077,10.744315488934111
Congelados,13.174811711802844,33.62646116475817
Congelados,6.358854678907713,50.75023635492596
Congelados,16.158836253653988,8.780126495738006
Congelados,11.818459458890496,42.173333488099146
Congelados,6.633898460051095,60.00403724824365
Congelados,13.252522191028344,35.128538063601795
Congelados,13.897536292193216,36.364894563109004
Congelados,15.156301629555763,38.72936737271645
Congelados,6.298050707745757,66.26374054723615
Congelados,16.196257809964077,13.174222122512596
Congelados,9.680545029992476,51.960732882985695
Congelados,7.750633796347945,69.80511464722967
Congelados,8.04360527172624,49.04788098783026
Congelados,7.9927462932446804,40.00983719628043
Congelados,5.656136031288135,77.82523037237782
Congelados,5.519430558041133,81.18979672051952
Congelados,12.846414694962295,26.09773855268799
Congelados,7.180125009094822,67.75239684864995
Congelados,14.041884985979117,20.829127372126003
Congelados,12.218339965097087,32.364906840209684
Congelados,8.804648558566878,61.878617204320896
Congelados,14.268847533667863,18.848946987634612
Congelados,9.799913455762585,41.03068566594946
Congelados,13.843273546974803,32.06337825433715
Congelados,10.708992144217781,42.27187163876333
Congelados,7.629055270232016,65.27584139373282
Congelados,14.205543574595527,20.627577925061118
Congelados,15.807095387483137,29.47556929469529
Congelados,5.984941618520855,84.98220553688218
Congelados,11.70944134699538,21.243142971005398
Congelados,12.464362870963326,30.65609877433616
Congelados,15.589479867822686,19.470750373478392
Congelados,12.690728296947228,9.203710930645887
Congelados,10.873246341070578,57.71428578512641
Congelados,6.228242817752538,79.56774003758184
Congelados,13.770487013368282,46.341453459205084
Congelados,10.724375935865655,41.36405828622313
Congelados,7.318575729923387,53.72570926439947
Congelados,14.937800808155593,12.719179566806337
Congelados,15.91678894693489,25.152514298374214
Congelados,11.084378244709788,37.56172583234793
Congelados,8.198178237003866,47.61188061963989
Congelados,14.19002495276214,0.0
Congelados,13.643429821137282,28.000553765106297
Congelados,6.884114039583632,88.94171337693727
Congelados,6.41610825736452,96.29932989319734
Congelados,9.99177917233844,46.987279574855656
Congelados,6.845277440182666,65.79363076107829
Congelados,13.279030470425953,30.24251651763167
Congelados,9.31784716587472,37.20229556320986
Congelados,14.029157905266931,32.31231004232239
Congelados,8.007521636248585,43.26977054608413
Congelados,13.210060752194886,30.548298553092394
Congelados,6.825771427115743,80.00335062101966
Congelados,10.095810524577473,45.522083693127605
Congelados,13.702124693427582,18.14571151826176
Congelados,6.593779946189783,86.80395413955264
Congelados,15.631887516576562,22.38782865509158
Congelados,11.031614677841858,36.368358421780826
Congelados,9.732798314376748,49.02101970115275
Congelados,14.674489626383497,0.0
Congelados,10.779036218615616,28.855590970056465
Congelados,14.659054055244361,20.791881272614845
Congelados,9.07003543483995,58.71544354785495
Congelados,10.796620472543424,21.898253233605928
Congelados,14.084027892774717,29.74906703030381
Congelados,10.737351668872488,29.901631458906976
Congelados,8.04194517296805,52.49091074229636
Congelados,15.77467153890505,13.000173437498175
Congelados,10.45642352916182,33.42225460543538
Congelados,8.784730183969874,48.660233430560424
Congelados,11.364579154524744,33.05300638025456
Congelados,11.447341996388696,26.5628738136432
Congelados,15.951400076855307,1.071052401213155
Congelados,9.549481717683495,35.200433460846725
Congelados,10.424769514316257,30.6811279507738
Congelados,13.709221529849493,33.15897286514742
Congelados,5.672444689207347,80.87564178068895
Congelados,10.002107373271865,34.327836832845975
Congelados,11.578224920093954,45.092127214289285
Congelados,7.67333217066759,55.77027554106367
Congelados,14.9596075188417,27.66053494246603
Congelados,9.279337247259772,36.185954772858175
Congelados,15.302617089524787,34.3604161542575
Congelados,6.820619091572875,69.55638658599727
Congelados,6.334097144563951,64.10477080932901
Congelados,7.57538221375947,67.18957021120615
Congelados,11.372373005109615,32.39512533635646
Congelados,8.378246268109203,62.58309278520889
Congelados,16.208354353176222,33.86051313304494
Congelados,8.327141693277783,49.180931012782324
Congelados,6.679217870375261,73.3556520414345
Congelados,5.484889338375186,94.9867357542038
Congelados,8.708313947549302,64.676185439094
Congelados,7.088672903941159,57.862961673098205
Congelados,13.674281786785563,12.139004463934995
Congelados,11.316177668703613,32.63569838584704
Congelados,15.599559256635398,13.366907062181012
Congelados,12.380034253030386,29.00249723280529
Congelados,9.378787017668651,58.94967961354726
Congelados,6.622121525337829,75.72316647982379
Congelados,7.272117891404398,67.83585895862795
Congelados,11.01792959028614,59.3065198936957
Congelados,15.740991935291973,19.550324325568965
Congelados,11.752750372279673,26.485648621208433
Congelados,6.126955013304674,81.60952811913114
Papelaria,33.39796474817237,0.0
Papelaria,35.888697560060514,5.079823731017879
Papelaria,17.588345985522025,0.0
Papelaria,23.431225222962205,0.0
Papelaria,20.2711828152064,0.0
Papelaria,39.93105708415574,0.0
Papelaria,14.932855113230502,0.0
Papelaria,35.898390067674214,2.4329390425258195
Papelaria,27.1818972998288,27.53274162596207
Papelaria,18.01886865396706,14.921127980438726
Papelaria,18.740806597693133,11.970728124332988
Papelaria,19.07462357018848,0.0
Papelaria,16.555416703750915,10.024332105583607
Papelaria,21.41413669908869,8.670363045270904
Papelaria,17.073700789251895,8.389866887319094
Papelaria,30.697169226100762,0.0
Papelaria,34.456102496852274,2.715883336110275
Papelaria,17.616966651883576,7.61469640242801
Papelaria,19.96976915844732,0.0
Papelaria,15.378642883540897,9.82996788868309
Papelaria,32.32155968773317,8.62961873400322
Papelaria,30.89724442084546,0.0
Papelaria,15.859368870410531,0.0
Papelaria,14.806552254987473,0.0
Papelaria,26.767611239936812,0.0
Papelaria,22.851095301675727,0.0
Papelaria,34.190026329452024,0.0
Papelaria,23.276614476624793,5.930315011078399
Papelaria,23.4593237276163,5.928435013599197
Papelaria,32.427615117474254,0.0
Papelaria,18.544490983758916,0.0
Papelaria,30.304995703649176,0.0
Papelaria,16.690802511112388,17.437826996369616
Papelaria,37.9103506281761,0.0
Papelaria,28.314383416941425,0.0
Papelaria,36.07849791783127,0.0
Papelaria,30.734947502496418,10.156033405795224
Papelaria,37.44380473066848,4.509983241258739
Papelaria,38.13734815831819,1.8000945893309819
Papelaria,33.32158826913567,0.0
Papelaria,33.762577474304614,0.0
Papelaria,34.850287539832266,4.623615881587047
Papelaria,32.773668240742175,0.3535859163381334
Papelaria,18.10384928566452,0.0
Papelaria,22.49564781630446,1.789026253996445
Papelaria,28.200965733561876,0.0
Papelaria,30.073344503504202,11.00054852610808
Papelaria,19.21820027198725,7.8403190100440785
Papelaria,16.666893290324758,2.289904409964478
Papelaria,39.613842042727285,2.6446417406661142
Papelaria,36.06220295001084,4.807356591105288
Papelaria,16.046262498130968,4.453003226357081
Papelaria,21.571319034001476,0.0
Papelaria,38.367816818765164,13.645153857615828
Papelaria,15.193401825753549,27.00117856196228
Papelaria,30.96367361133536,13.226213535541259
Papelaria,20.29811003629047,13.048174643513002
Papelaria,18.6670045027098,0.0
Papelaria,35.64127750316883,16.226168195758007
Papelaria,32.59896380263619,4.768760272251953
Papelaria,19.004615717694566,13.78353708819732
Papelaria,25.037771117779144,3.847390635352504
Papelaria,39.394404451407176,0.0
Papelaria,23.89129280743563,0.5274559143751287
Papelaria,38.99448496578344,8.793767803979133
Papelaria,37.10206630761267,0.0
Papelaria,22.837039805977717,4.451554906220952
Papelaria,21.798203270964493,0.0
Papelaria,34.46088218094281,0.0
Papelaria,34.32619449394465,0.0
Papelaria,23.70134780790946,0.0
Papelaria,23.29781678001579,0.0
Papelaria,27.55816770198179,0.0
Papelaria,27.51272239084293,12.961187235862806
Papelaria,31.447153969049822,0.0
Papelaria,38.50321276965342,0.0
Papelaria,32.86562060849829,19.676753391514378
Papelaria,14.217624139517536,15.337884178026659
Papelaria,30.033599923002562,31.455557043402994
Papelaria,23.08516493949708,8.45238388823811
Papelaria,15.61909318504152,0.0
Papelaria,14.846454408289492,0.0
Papelaria,14.43968003620324,8.588645213471196
Papelaria,27.095064500316994,19.424137751009305
Papelaria,19.961224974008918,0.0
Papelaria,18.532482877088842,8.57154308917618
Papelaria,25.805892555645,0.0
Papelaria,30.762470266767778,0.0
Papelaria,30.91649515588942,0.0
Papelaria,15.3937596767488,17.099083869241667
Papelaria,20.781616178733408,3.255412927929226
Papelaria,32.49500335479472,3.970275385925734
Papelaria,13.6282458253902,0.5602399539829284
Papelaria,28.720818569164003,1.6463330201223818
Papelaria,38.16362588645664,1.2476835808300673
Papelaria,25.738541665334353,6.710021948534291
Papelaria,38.814909384268326,0.0
Papelaria,25.940558721714353,3.6334823864762544
Papelaria,19.883877795086462,0.0
Papelaria,29.06772011839465,0.0
Papelaria,23.01389310782957,2.3394860779865523
Papelaria,35.73086064108126,0.0
Papelaria,31.266778320101075,6.294488169655822
Papelaria,37.93360585697569,0.0
Papelaria,19.053957184007388,5.504468393673287
Papelaria,27.66845345063215,10.550514664656298
Papelaria,14.17844996824028,3.088297242657538
Papelaria,30.3129816220738,0.0
Papelaria,28.399064806875337,0.0
Papelaria,28.605916932815614,11.065689130135073
Papelaria,15.798213026778301,19.66326836646342
Papelaria,32.0561923933829,0.0
Papelaria,40.04046941586285,0.5996761543918341
Papelaria,22.28219165730873,0.0
Papelaria,25.265738920379228,6.12514197879545
Papelaria,37.134044839201565,9.181170370308575
Papelaria,18.897160476104737,0.0
Papelaria,21.880810477855377,9.832860269373528
Papelaria,27.18592503145586,10.988988436205277
Papelaria,24.06910858249302,0.0
Papelaria,18.78020110186292,0.0
Papelaria,38.01979355097351,0.0
Papelaria,33.897085811870895,4.097634035236777
Papelaria,25.928523652954183,1.7751256412927834
Papelaria,14.994944284329236,0.7023412365148038
Papelaria,17.64520013777429,0.0
Papelaria,38.88335261204348,0.0
Papelaria,29.30033097391582,10.268507584771404
Papelaria,32.80960380289174,16.538102578978204
Papelaria,28.53049457815206,2.3002045420932906
Papelaria,28.276901542008865,0.0
Papelaria,13.995682290098294,8.020288544454754
Papelaria,32.846942143339994,1.9629857661388237
Papelaria,27.9140040019549,0.0
Papelaria,39.45414164578421,0.0
Papelaria,28.249612640162482,1.2084607380903478
Papelaria,36.02346750446235,7.187128183516097
Papelaria,18.567600832869058,0.5736104350890692
Papelaria,29.961771686937887,0.0
Papelaria,22.759194672097834,1.2212715175012878
Papelaria,20.554964974062145,5.873409374865666
Papelaria,20.630677726652127,4.021007377247944
Papelaria,35.227563598616534,1.5344899839045028
Papelaria,15.325665772559882,0.0
Papelaria,38.51986307036384,7.866410174189745
Papelaria,35.561460339434056,12.848446986778775
Papelaria,30.823771607265485,1.5687865907957075
Papelaria,16.57509753308767,12.22926938838227
Papelaria,27.618098946236383,4.008230955078345
Papelaria,26.39095362043911,0.0
Papelaria,30.153734870900678,7.748665820308672
Papelaria,23.734809068360967,1.9470498364002427
Papelaria,24.82975223714157,9.386840985953667
Papelaria,21.460124066502182,18.014533416134636
Papelaria,24.465631583439276,0.0
Papelaria,14.124671700199714,0.0
Papelaria,19.38787138666615,0.0
Papelaria,15.58120557598077,10.812262204278033
Papelaria,26.174992687230432,7.596152295113301
Papelaria,38.01234275968404,7.494956922699025
Papelaria,36.3839252239512,0.0
Papelaria,34.458867690269095,2.379796362029616
Papelaria,36.142050087989254,1.317856182670743
Papelaria,19.686631091058405,17.30912259025196
Papelaria,36.13719263677995,0.0
Papelaria,19.119760449553013,0.0
Papelaria,34.719183707565136,0.0
Papelaria,36.03741623978187,11.497111685930424
Papelaria,28.328383770741546,9.44712062097432
Papelaria,37.29067270053122,0.0
Papelaria,25.785203512080678,0.0
Papelaria,35.05298975922197,5.1649123768029686
Papelaria,39.41421032724497,0.3774965094661058
Papelaria,15.743788643411346,0.0
Papelaria,28.44969343947254,0.0
Papelaria,25.30503953323527,1.9192156340315623
Papelaria,22.405061238790502,27.829552891980903
Papelaria,13.658807141104864,12.590243611928301
Papelaria,33.87214805694899,0.0
Papelaria,14.85252895611666,19.211451515565685
Papelaria,33.70900801727814,0.0
Papelaria,28.927808678979396,0.0
Papelaria,17.589833016838963,17.402747810419484
Papelaria,28.47599933668763,0.0
Papelaria,23.811458178513377,17.596197418737212
Papelaria,13.58813930422691,0.0
Papelaria,15.539475769046087,9.333772886311486
Papelaria,20.701495078485767,4.9695969730507965
Papelaria,23.382454355544226,12.050023814037726
Papelaria,38.731330537851,2.5872746522499623
Papelaria,33.296170227335935,3.614209465384959
Papelaria,24.45186054703754,0.0
Papelaria,26.074204578222776,0.0
Papelaria,21.533618799080784,16.892624992692987
Papelaria,23.745823067760856,6.425953552299072
Papelaria,20.745327011684363,8.894204331596487
Papelaria,16.58684735831954,6.806595519221162
Papelaria,29.05278622603955,0.0
Papelaria,27.760530178174584,0.0
Papelaria,35.11047775917738,13.262265807655512
Papelaria,27.48670808037287,8.798968691643928
Papelaria,21.713317080003392,3.0756425741629214
Papelaria,36.78753461040649,0.0
Papelaria,14.406762126099544,13.595145840692018
Papelaria,16.1663465108144,0.0
Papelaria,23.403392225026032,8.552525061642505
Papelaria,26.90685287640642,0.0
Papelaria,24.346099454336162,5.319301352346435
Papelaria,26.4602514790016,14.882834308832312
Papelaria,18.04208986852859,5.230588947223242
Papelaria,35.12993686690384,6.278568939876431
Papelaria,32.22077149045375,19.488933477402533
Papelaria,24.497901121830083,5.932799474080457
Papelaria,27.523939260563584,0.0
Papelaria,30.604987175453772,8.025983386659114
Papelaria,29.20807171343175,0.0
Papelaria,15.724619778905092,20.439730720374897
Papelaria,34.76202180903045,0.0
Papelaria,26.716081512490987,0.0
Papelaria,24.459783942637564,7.0558472763417965
Papelaria,37.56800702560878,3.9437852462264615
Papelaria,36.503863519320674,7.505193169656478
Papelaria,15.815163084054024,0.564413762325791
Papelaria,18.220806032116837,11.627114436081344
Papelaria,19.86036934324505,0.0
Papelaria,22.041439247791384,0.0
Papelaria,17.056291234152205,10.066599456127184
Papelaria,25.29933139081954,0.0
Papelaria,22.74389148899584,6.863214881654676
Papelaria,33.758880774660696,3.9301651895359706
Papelaria,22.34854659428123,0.0
Papelaria,16.931104613514353,8.628354408627295
Papelaria,22.714566454672955,0.0
Papelaria,15.129668786480703,12.326622030433729
Papelaria,16.968483254493854,7.596874180363674
Papelaria,20.231895539987036,12.50941391543471
Papelaria,28.346524063102933,22.608839503999683
Papelaria,19.694305762762433,6.732683498668488
Papelaria,36.64951682742404,12.019027294089055
Papelaria,13.863733141747874,0.0
Papelaria,23.440627488211668,8.220496448026449
Papelaria,15.384389700613147,0.0
Papelaria,34.654491330445865,7.761724011514026
Papelaria,35.00585610615666,0.0
Papelaria,28.523301210628535,9.674204007330427
Papelaria,22.980566585799924,14.449713478688205
Papelaria,35.15752567331029,6.945498754383059
Papelaria,33.452891723257814,0.0
Papelaria,23.609820346023334,0.0
Papelaria,35.40209580118561,0.0
Papelaria,38.40943050708829,20.94663698138104
Papelaria,37.69362916558743,6.46242307413507
Papelaria,16.077693400516456,12.073755263784074
Papelaria,35.557379591951836,0.0
Papelaria,36.45144336085973,0.0
Papelaria,25.18994633939637,0.14594323896607153
Papelaria,19.628416172881412,12.739013193195376
Papelaria,15.459354620233473,0.0
Papelaria,35.66043949367195,20.008874527641332
Papelaria,15.83877312921855,0.0
Papelaria,22.492479070246212,0.4984568000193008
Papelaria,19.436840889426186,16.773277128431022
Papelaria,38.5043403556593,0.0
Papelaria,28.557883199217606,0.0
Papelaria,38.78152159970142,2.546308440532236
Papelaria,36.58077458537265,0.0
Papelaria,26.246353197636722,0.0
Papelaria,28.415916194703648,0.0
Papelaria,21.604676109276042,14.743019399435624
Papelaria,28.8036846949914,0.0
Papelaria,40.270523918602414,0.0
Papelaria,17.72166960323637,0.0
Papelaria,17.837552307515146,12.734724050308708
Papelaria,37.76033007640695,0.0
Papelaria,39.62262803256118,5.112762591952723
Papelaria,22.247934896630664,0.0
Papelaria,16.46163931008688,7.595025393221944
Papelaria,17.855477003701743,12.758659519183135
Papelaria,24.9763938064673,11.872180691848756
Papelaria,25.609914750813132,0.0
Papelaria,40.00386317033542,0.0
Papelaria,26.37502778511606,0.0
Papelaria,26.945382295373204,12.981685264307602
Papelaria,36.92737151425448,0.0
Papelaria,38.64574305587093,4.879584409809575
Papelaria,28.218919215513324,5.027899093616387
Papelaria,35.6149637033809,0.0
Papelaria,21.943273012065536,0.0
Papelaria,25.985195548449926,0.0
Papelaria,27.58155278099717,0.0
Papelaria,14.9643560162551,2.73363504440211
Papelaria,25.903615751575984,0.0
Papelaria,25.068250413465037,8.288216769031846
Papelaria,24.88203135128868,9.93149579686853
Papelaria,22.394304814200666,13.03963689488847
Papelaria,14.829333511917998,0.0
Papelaria,13.775010645391141,4.873300517758983
Papelaria,16.9462315170301,18.414896933653196
Papelaria,19.758191934946353,1.391847347842483
Papelaria,27.407128435282164,20.098356445423207
