chuva_mm,temperatura_C,fertilizante_kg_ha,qualidade_solo,horas_sol_ano,uso_pesticidas_L_ha,produtividade_sacos_ha
143.63502971184062,28.45405988417796,147.23854311167332,9.222202102624253,1981.4594823010839,4.996702437290534,217.07854358826052
287.67857660247904,30.933627943827446,75.85795431577493,5.728244336375482,1120.048854648905,7.4674677251259425,225.3629460627556
232.99848545285127,20.00935797584998,180.85918450322222,7.52419244652476,1363.4947171806084,5.626667806563331,282.60707889332144
199.66462104925915,27.497481992139978,141.96743586038622,4.92443468175329,2160.519019718876,0.8330258311179639,231.13415644554834
89.00466011060914,26.434919662874975,73.58058253354314,6.670311197881944,1793.0287805182297,1.855802367835554,142.51004317505047
88.99863008405066,31.65660753576542,194.35070862218103,4.065183436790068,2391.9535926805675,2.1932818403091914,252.6068168945486
64.52090304204987,33.12174120962521,127.7548195002981,3.7104311780690082,1643.1271125120315,2.5786425364484487,191.16866199206413
266.54403644373383,15.243135429547737,60.93476778074825,6.2040680755256234,2304.7185487208844,5.654033919505043,168.7468239032507
200.2787529358022,28.480398381175853,144.02493566226008,5.483167067655823,1673.4331562173563,5.039657798253935,222.31728697505588
227.01814444901137,16.03671598239458,87.97983605192152,6.2158273223498295,2468.872418052978,2.0316003836420893,186.95499734631485
55.14612357395061,25.97717330154712,170.55401778159535,3.5799452315832068,2439.751572098315,0.6755484345568707,214.16879602162223
292.4774630404986,20.752654580873564,172.6733110349286,4.302620486352957,1493.7050583341206,1.7143220447471808,280.00457115879135
258.11066020010543,21.135531990442825,196.84210337819928,1.7550816456601837,2328.885505625205,9.843813126186033,278.3491342112752
103.08477766956904,22.05917006904713,125.28042965367555,1.4704873504498515,2271.4170613234737,4.685469497914722,171.66845471835208
95.45624180177515,27.425848980992203,118.24353195916056,3.2811141670571464,1316.0205959913442,8.673455047021125,184.1680339769985
95.85112746335845,21.680999313375384,163.0213408169721,1.668221733974912,1936.4356011749046,8.487524666688433,200.3179471752629
126.06056073988444,29.65398101180561,69.87059845128898,1.9339723777126663,1109.0234733847224,5.115195574628737,142.07478227193815
181.18910790805947,23.09054771147739,132.03732706896864,8.316355648545434,2255.0660808751927,7.066877084605435,215.42528669089018
157.98625466052894,16.367064006199172,131.93714001962763,1.3498632731502038,1261.8188252552447,1.9275201041271228,169.29609824315708
122.80728504951048,30.675196849682145,63.42096842155809,6.930485145412685,1106.2220520786468,6.883967049269083,149.40076815518557
202.96322368059487,20.71516649185412,112.69761282603704,3.453019739338605,1600.3286433082167,2.723845792632895,202.7489461705131
84.87346516301045,23.65533759198525,177.99271978508028,8.843911126373138,1865.383207899465,8.320620967541508,228.99533017111202
123.03616213380454,28.70887766443803,178.42304329919904,5.364930561197496,2282.3754378396566,0.8372413310890992,257.79523283849926
141.59046082342292,21.64912314297424,64.88564973795215,3.7501881339504317,2461.3637882826047,7.731386728852775,137.78700409173263
164.01749605425897,16.13171312293431,63.608132412174626,5.6587504212049105,1659.2387688547956,0.9993690656861953,148.29874990822833
246.2939903482534,22.47842094025627,89.40432155029029,4.437622171407419,1090.6703844779054,8.81189236894309,198.7073264454495
99.91844553958992,33.88897165388607,181.214909383099,6.078709582028472,2123.6733685388062,3.042045181350037,269.0932320425189
178.5586096034029,27.83468794597116,69.33538776102483,2.030795814937134,1847.759884335906,6.543933648305748,161.7207244943671
198.1036422155106,28.42958297334414,157.99952039411693,9.97291452531296,1671.8370172666946,4.875022786202798,243.8852033433806
61.61260317999943,27.645643072752797,65.17484294196548,4.830002899270458,1463.9033181882846,3.6630314526233896,136.32770415886003
201.8862129753596,18.979842779188736,143.47067806217382,4.134075757366318,1753.5977917653036,6.454418331834964,236.01758200316036
92.63103092182288,23.3666772820456,103.41009486787172,7.391888634846384,1508.0194066855465,9.47522980551238,160.4041151719541
66.26289824631988,30.018795967266364,168.33709444488005,4.275094658457992,2135.5178016210402,0.41269747374621857,225.6024305500486
287.2213843133333,17.027457951063184,85.05356732380454,8.499468745258818,1815.8405447389616,9.188528558831043,213.07409093250766
291.40800826863983,20.557055521794247,145.88027440849396,5.088436519243827,2315.271661231168,6.0908165502101355,261.89486881562493
252.09933702911528,20.526382169317074,85.35238018638275,7.476025719388915,1815.3158719741632,8.073143007690524,195.50297541543304
126.15344229334268,23.64037855189012,157.04904246682307,1.967078947976979,1357.3936200098951,3.8387495343427758,201.69066727596734
74.41802850159597,34.6073748188437,181.0517051841123,8.615072669996007,2276.6378233482164,4.7184297483761375,242.6892455583987
221.05825662803923,16.35005093367644,69.020269869014,7.621461881002989,1835.8285673950659,8.68850751801164,170.21510096070423
160.03812343490034,25.3740198876119,179.98935328932552,2.905451006157691,1310.2615572153418,4.148479698098231,250.50336001196263
80.5095587111947,18.58729364024421,139.03628816214467,2.30757408771208,1935.2617149343332,5.34659566749085,177.41466285497825
173.79422752781755,34.413530908194886,69.0665736300536,3.8466311385306193,1536.5751474136414,0.20194923084332905,170.87818181574158
58.5971302788046,17.266070094549285,114.1312783039568,9.784635274287139,2266.608418438099,1.5859800583804229,168.64656078638868
277.3301005196955,23.072020047231824,74.12904402276469,3.311484171103528,1679.9496079698142,6.416865079747998,197.48558114066904
114.69499540000423,29.75769969669212,155.05218332998544,5.105144880519699,2089.662037161125,7.169769010638771,222.68762472321487
215.6305710884955,29.091088560548904,163.83022016269246,1.2701820314560268,1143.3043114543557,5.8260093678449945,237.94207715404102
127.92776902235273,23.454572737878646,65.86947804091984,4.575047766096093,1594.0365194535193,1.4331003627561067,141.06333028880894
180.0170052944527,21.930483359054364,125.92097790419665,6.141880138897925,2474.862154708598,4.454054285778348,217.12227415872326
186.67756983581992,22.952247571057413,172.19375840388756,9.578121512571686,2212.6904342157222,3.550947663631898,241.16262100475626
96.21361388138176,20.285525263172786,190.42445623264948,5.650624404460579,1239.9112035503929,4.956613440350884,207.00292131722819
292.3961569411397,19.106658774135994,127.0276800112655,8.37196593559919,1416.6460742158827,8.703290345540942,253.30738660085817
243.78320584027864,24.6607939511778,192.54188354171106,5.924148783120105,1494.7237132845416,7.758614386586519,285.232249861954
284.87473539104724,20.370675121352146,130.35334556840448,1.367065120919663,1975.5483407431684,0.8398950138915895,237.63368919564692
273.70683760691225,20.749233297945004,109.1285741899862,3.835074476707966,2135.492139234483,8.903091977745643,202.26017808772167
199.47499470277128,28.13512126949114,177.23046928293434,6.179945570479929,2124.2899132118646,4.717671511498236,270.45447158771543
280.4685587557792,34.37074663399784,123.94740656871336,9.555345693380119,1764.8110844596042,7.438621448859984,261.52810253963435
72.12312551297987,27.072744011187503,120.78537658467846,8.7321732377611,2216.2308067572267,1.4003923126435214,169.2276910926489
98.9957156047863,16.539589341299326,123.54687341147425,3.055200527609629,1655.6171241362126,6.707195257070481,178.6564692402593
61.30682222763451,16.511672277081338,177.01775028046183,2.9809884701724716,1185.8208479433429,2.3632601760945793,198.51257709265346
131.33258269081608,34.02846441691132,174.7912312532078,2.8105567040251067,1846.66276248072,4.383808971409316,238.43715122169232
147.1693224223705,20.945815806146673,110.52799886603168,9.302490066722529,2428.45207690166,0.1686287008210441,188.5895920057422
117.83725794347397,16.841339721649508,99.99497898057875,8.673995377915485,2189.490477088767,1.5161063793047602,146.42586961601182
257.18437728798233,26.980891743007632,123.78920360586939,7.973950890276539,1868.0509715383637,0.9208049312361977,246.81498093992698
139.18833167339733,27.47297556580532,135.91587646056635,4.534616028018048,1970.2084905236454,2.3974417293825843,211.12816426402964
120.23362742184518,27.970096402373763,85.75058159419955,5.5394263386889016,2395.843040553359,1.0001809002432227,165.05534509050577
185.67402078956212,20.348040557150824,169.0932627073386,5.178985703156376,1642.5141916524408,6.919100266195619,249.46717896950227
85.23105624369066,15.302213684289502,122.97241485986343,3.280582968034354,1497.091208413956,0.2903990220921937,147.47212793932428
250.54924518850993,34.30030738908944,100.10683226299395,5.5452524153389025,2465.8623475006734,6.1774050062499795,218.66650270946033
68.6376609199427,20.017860913822048,66.02314894459859,1.2744689306747903,2295.1647002655,1.4070783082557425,106.37225436254363
296.72173415012935,28.520525761050948,85.82677406054104,2.1862933614771327,1484.5653769279036,9.451614571778968,205.28668852825308
243.06119232416435,29.13259739757419,192.39217576339755,8.979306365520518,1695.6708960413844,9.330940731098543,292.8901788144754
99.6789203835431,27.200148341589713,95.76495302292899,7.7651179032828095,1622.6171935116986,2.255031025209626,174.26395096488847
51.3805292809006,21.258147884272965,75.3288934050553,4.805815681531784,1223.6435180071508,6.144212982230295,118.08157271163542
253.86535711370854,20.421925075281315,119.10091874824899,5.654353260554895,2436.7289857198884,0.28005319472458434,214.3418102892721
226.71433596190428,26.95336565405406,96.06316150403731,4.329989973639797,1606.4686468296381,9.31788543051174,214.36892249626965
232.25179201024682,32.32191267223383,55.27388754067913,7.667018804446052,2312.993623956862,5.229873081917097,208.83900687770105
242.81758667148642,33.93467457846791,98.47178259191259,8.057684613088716,1284.0343415209977,0.43223151417778993,227.42490281362865
68.5111629335226,17.11811608807515,131.6162935909203,7.869566711828432,1821.8062159558297,3.424999930081374,166.62600010522493
139.61643213606817,18.0965722519544,132.75685580299503,7.5035055235100465,1035.9420776864047,0.768494618612342,211.68446186465775
78.96726488128243,33.89472517566159,103.48383817653331,2.8405390482351622,2146.330725763463,3.9294443937335988,155.86078405694954
265.7758564688984,29.730704566695852,117.0954134378901,4.041729813164309,1871.3708473694176,6.699263421613231,228.13398090423797
205.82453170688947,32.65987649659546,194.82768773521497,5.2286089148530746,1938.3843752046291,4.698899080414396,276.62269097157724
132.7245062131623,19.052652682706864,106.60227158454674,3.9771369228489006,1077.5813238319802,3.837221747194545,155.27361827090598
65.88958757150591,26.751717422188037,88.73402198899745,7.79446180142496,1316.557495312923,1.191570455404648,150.70768103248753
127.74558042891555,29.022791888349474,86.52005661001402,3.964181718249592,1111.4963085303702,2.4493904569365634,156.3588472825621
131.29583050668674,28.602237708939455,118.66469190562012,2.2440887810680343,1433.3714737057176,1.0014328773835113,189.20460795225355
232.40154458451602,23.16303381733396,163.9280223075416,4.5913640684347365,1941.1585115232265,8.074987316566608,249.9067551257463
209.38936783880328,15.30789783382617,80.89822762827097,9.819229895041422,1849.2789764760628,1.3523982798472256,171.94474057288855
271.8031856440816,26.658521136085263,156.3944190711152,3.032932716402183,1918.2247324200853,5.953733665488935,254.8645871532059
168.05373129048732,20.062030783592174,53.172473502412444,6.509427930489061,1823.8769070668413,3.427404135888459,140.6915622925949
79.89856148457542,24.005084922857804,112.8399466975919,4.896757448557357,1409.543193513789,2.259783846551835,174.8303231597935
228.31119680574875,34.151620301676346,166.37975978041803,1.6392211088439397,1366.7612460166379,6.394684394921038,259.1549258201924
240.19626215422437,22.980706352848692,100.8099433661647,5.390889453982536,1205.5895253048718,4.570023093769406,211.33285668802318
190.31929939237406,31.796032133288534,134.56056521680992,7.3194789578348125,2273.606312355238,4.0014546728455915,240.48186323059684
242.74179498864024,18.770812114985024,80.74688492388663,5.618979782450369,1924.7190378118667,5.928520048922215,188.4147091932497
173.4488990910977,28.449209960500575,161.29930866892585,8.84895457371923,1279.7665187560897,4.912676284900007,260.42749534918124
180.68320734549852,34.54013908877887,57.84186549031394,3.600433149918244,1265.8140697318593,3.0348420855156077,154.30982782815232
156.8852545896374,17.037862017458735,177.88139673132505,1.7762425417356842,2309.553402289205,5.590612877652516,220.57194117429177
56.3547816860238,15.16639884454384,79.72945796325023,9.429090504922055,2114.096295644979,6.694985765506946,145.81146786459936
76.97285674832611,23.671655852652286,181.15970475624962,4.403767145753971,1989.0986198580572,0.2669315858685428,218.6062053408731
57.857296421683564,16.852509661027344,102.8793861950776,6.1876499630827,1610.2961613089496,4.658717289076754,115.05475907929463
209.1026028159451,29.967686993524627,158.40253617117298,8.128028135171764,1392.9633464177764,0.5768328458354377,256.1282233807914
128.58899526908166,33.29097327697118,97.88379466792827,3.918822974880225,2469.1761446692353,1.8640541406811106,185.01356070091475
177.1426727911757,23.680419454175176,185.88675068519714,7.4454808435985,2195.8593625342,5.605087340779731,232.6818371343366
276.89161848152327,20.17423284310882,68.99556882775616,2.2187696483604524,1452.6688347044146,8.661889152655807,189.87657866000643
112.32305728721875,23.688066380132195,76.77796839088981,3.621643724849547,2271.347194417742,8.828056791884848,135.88622027301187
152.59573075890745,29.46895635700002,123.95451877382034,2.302395725228679,2138.397922922022,0.6994401013863127,205.96326717971195
238.88778463576216,15.18108323160742,62.290765855721915,8.30107502561222,1445.6208248169976,4.191050862867066,164.4086237387016
107.19954137290561,26.789079789693943,79.39702770526429,3.003843117041068,1639.8292813624594,5.8300648300455125,134.34990245036792
69.24497745719825,27.26583369774758,191.56495733180216,7.456631998646893,1278.93016808654,1.470699045503434,225.95490311358355
122.43786322844201,27.75376493791871,196.47344917218308,9.489685575210872,1166.578666567164,7.654322167447717,248.67530474871393
90.30532181350111,19.840441599617545,106.4388993995633,5.749949881619893,2084.143049259545,7.442352584372388,169.80710712453634
282.42441308564327,29.281054467562534,188.49290315209035,5.860262730346189,1401.2677860308,9.033410137067946,292.97420223192756
252.03009489110423,16.827829726635528,131.72370135101477,5.149302112880308,2230.0890486193803,0.08486012083443017,220.72743123516105
208.35093912760587,18.985406729336017,90.46136988106505,3.933011290542785,2493.413067271639,2.1668424398900266,170.77582610691934
267.8651475469294,32.54940093308964,155.3598081620898,5.280895278324254,1114.9297208944731,8.271867142453218,279.0887108358573
250.91801922477862,29.774463014531328,148.83527098622858,6.425267790400834,1709.5526876255503,6.705800508269354,271.5640705053674
96.64251472150896,15.274911080226905,198.36879786631,9.873924149535934,2203.0938389662047,8.943898536984907,247.1296850254197
273.13974962249443,19.967525207396005,89.75709311139249,9.439881033864019,2183.42634481185,0.5717965453026652,216.5839770631984
184.83556047891267,19.28812965986329,150.80892539926032,8.759376624638096,2139.9957374964524,5.969639657164429,231.742228267271
251.86003879101563,20.41612656073945,57.803563254417035,9.002174821343726,1523.4924029528665,5.690465748936742,163.4717754763133
274.02282498087334,19.95119540559773,67.04690580450792,5.210642649628387,1680.7798835275785,0.3567441636053237,181.91744696366362
129.50086874296596,16.250525914856915,50.58775624266399,6.916998944597183,1892.4525360122052,5.135220769124835,116.90894503249835
77.51298113191919,24.178810331936408,199.91910215895098,9.055600506425927,2460.9108753598857,6.095203113099243,226.1876916818161
106.98379063548542,29.654669495723304,170.34105457212166,4.536556884922177,1491.3209064077394,1.9129317420210723,239.51970899523087
156.77694715656406,27.134634494348727,168.00845221003112,9.655862305109219,2384.7158315752868,2.7332958312466293,242.8980065503402
254.50369148062327,28.457433371961596,126.45891129322696,4.742074558622647,1404.0353772707413,6.40347346297737,246.2542887513621
265.18264581408584,16.622983570724784,95.010062435816,6.409743988538941,2483.611698210557,4.683009475999583,209.759989692065
51.738032632797676,34.02981420353574,72.6896426694014,7.388242419451347,2005.3955302413876,8.580136575683268,149.78223260854205
177.68682564439143,31.769836676860496,92.70121082696954,9.555328117683445,1695.2672205378265,3.4238176600918835,207.03989393421227
154.35275078719474,31.101806369913255,106.39568328937087,3.2015464664703943,1920.0856420954074,2.6665965838820114,185.8319085269785
105.52695261768255,31.45967610083535,163.4465145470441,7.71517880414778,1408.7967535603102,9.848659403448428,246.50693450079171
79.9663418334207,33.654210162655225,130.94926833547288,5.68734027529674,1411.2607862671998,9.111357701300834,194.3034100443953
134.403792850907,25.885079322273953,61.6225439833224,3.4170142655857694,1170.3318157652407,0.2899274499897986,145.49583731423508
285.72742597812976,19.00564035735252,52.704351343836834,7.989461558167515,1171.075446558098,7.707286153065659,169.36683700178918
130.80073300518882,27.335672157050823,65.34982693010947,5.970000521564619,1521.507612203367,1.1033477382520296,142.64327947186084
179.6976554358415,29.857629873358782,111.57480705460691,6.948764385847082,2144.2832168445575,0.2748519482937095,215.77721640380685
225.75473972379447,29.75834786708051,189.97893755735274,3.906109617201109,1911.9567513972438,2.7369551596634887,281.7898838803941
140.9074005948235,25.428980483337604,145.61037218138324,5.331465566448445,1153.8768404965313,2.693458790611043,205.63442040811873
292.9455206802402,16.36917438667156,170.27388498132729,6.556188258892604,2278.354787463866,8.193187623469647,252.84475086236532
290.6118237355278,22.422258768602557,119.95618917568228,4.6441973284285964,1902.0514404850996,7.106672459428351,218.62181704894576
112.94557395634104,33.415332169267145,104.24991247925641,2.7853528586293117,2441.28336517717,9.816094273320143,189.9131629060721
174.31212647309636,26.688978195148522,66.26005590749341,9.654764430837735,2005.2782011168115,7.115129003118184,163.9651325764957
125.21957745419242,25.766638865114267,181.38995332793075,5.603207860383557,1262.7622955562715,4.182555532560479,234.57937128511486
121.2101235943669,20.37707028764387,167.4740043541854,7.605283332589305,1710.6750434617334,6.989276609452169,235.5485270280908
59.2217368386332,22.368978398331578,75.21771463965877,4.699424742004523,1972.746396320806,9.994590671864021,113.61970168666883
202.39108349497423,32.90692178306338,126.83908458143908,4.196185876231447,1042.3970515749666,7.101418825625281,216.20548357386824
175.66975580721538,28.329260950536714,123.10622118818674,4.664478686204125,1022.3653962322119,7.616813559803183,198.55740821788325
62.86968781249734,30.747740535046656,143.76373290297929,4.682769794070849,1194.104500897852,9.383650151902593,208.2361117943491
119.66161605915286,24.086908461353104,191.92803409868918,5.897621043477582,1377.4966525682062,1.1365126131168335,264.4870888800842
277.06647149166344,27.60494438912316,136.96571626437196,5.891228829832269,1644.3236852810132,7.047842934477268,258.16274685969097
109.89047266674311,19.96767217486415,131.03259001679277,5.474384342945845,1731.1607106396825,8.50805957967449,190.7356296346296
86.22371802280577,29.109216605669726,57.54843994019959,2.213072064256943,1207.041413406845,9.54378600220893,116.8344761932018
172.36319006939075,23.552026674066745,59.43612140270359,5.46467930650478,2010.0873686737464,2.109692897116994,172.95386592492162
296.41261352765014,23.850910296294913,78.10201869901833,2.5219351037858635,1894.2070925448022,5.039290077242442,201.1713663595788
110.51381787787511,27.986446491537635,54.870615753762245,2.1352220766618863,1441.6961482617403,6.805548476444818,136.31247255980102
218.03388685146965,33.72561242937853,161.50293433550186,9.393811456070509,1020.489825152938,2.4746772950133744,268.73694669514083
240.4049038321794,16.28012693217242,158.49954559909446,6.444550118329338,1116.4718730299362,6.00472863250274,237.7806518203791
109.4093859980999,31.494864746940152,70.40843516474644,6.935410523121258,1587.5421632662592,2.5757878249799937,173.78029510788357
232.05408715296488,20.84766220824386,175.41183511929214,4.616143033000274,1230.9615267485258,3.3345702053164725,261.6413483679114
141.9457831798133,23.878389090127556,73.2179052269168,9.180828027233778,1565.2294092219563,4.415186965108651,175.77391877172968
208.07645764839486,15.43826657550018,95.17633804960383,6.741374406216989,1942.2739067655327,5.29190098746567,183.99603544713443
208.38242769022366,21.02092155668626,87.34653487420475,7.922528825712287,1820.8561418189252,4.493658716251506,177.67961375416604
183.94367101868963,25.05262485260261,105.84606478595717,4.317062221249424,1346.7638247060913,4.931955197879292,185.46713557746304
72.57244251360208,16.12352154694878,88.19956488349428,9.640106927372129,1515.7337368881285,2.985887562882926,143.36505695302438
258.82562389730947,24.8219145876633,123.3426389657678,8.384151611424835,1921.046797672976,1.589650940226306,232.10523941095124
130.19501624293395,33.54221257716854,111.11118220320282,8.685536167130893,2291.2825420651734,0.4734997732683943,193.9030429466763
96.62962759996356,17.107864362156104,197.98542361689897,2.5497484068317884,2129.820158108316,1.959787224916677,238.43243755203451
60.19378538869098,30.288814561510087,58.388952519233854,3.4386688708409756,1830.1000402501224,5.81943641505783,117.38163838067767
197.72323579706045,23.193421067519854,71.32720645810275,3.5706393971521937,1543.4394974747293,7.861154478031324,163.8483755350315
219.3910904605706,28.10347429048676,57.92388408629037,3.4381830092218406,1547.5769163127081,1.6924759744289453,171.3982636056443
54.14695723196404,20.20473195970459,143.87617924735636,8.698673458938591,2319.1259653965944,1.0855535777264846,182.26341931363262
178.02326457482025,18.189845250827165,58.17639161205794,1.286963156877329,1058.8653640608195,7.4929036054925025,147.68606044055062
106.6239437994845,18.20925228542453,175.4659606064185,1.6848999008269687,2481.9739666303913,3.0515833053728967,200.31036852329908
211.29319760236245,16.40983891286289,126.79079460228917,3.4652338356691335,1996.5631162773434,9.514994392273525,203.21770267539833
93.59160725124786,18.71293409802486,129.05114368723005,2.798856771844993,2021.7065486085858,7.14317970610373,172.9185121238168
222.73443452561648,28.284387699779366,134.23917615682913,3.0867365249456356,1056.9967559571132,3.2675604724303087,227.74939312976616
146.68383657513436,32.633812236870156,75.6220559459316,8.181488703279701,1908.2939123369083,2.8954274779370492,164.21623944413568
284.1824971841836,31.282513711823235,79.65354546717313,6.068139345028422,1727.1670901356706,5.236983862713091,222.58165255433474
84.3802360364983,28.702686197489683,97.8225984309507,1.051935951636712,1158.6683603411004,0.7914466827820943,163.0867708378551
135.26658776256463,17.208637268222052,139.02446237327771,4.863904891337757,1416.8830161540386,1.17676512645299,187.83001009556958
78.36838031014727,20.783748925918996,81.51766639103218,4.67096434165323,2335.471684320477,1.758578813161925,145.10872531216847
281.1734045696407,21.19613750644938,67.44975906998918,2.0255074250008915,1824.9826237989294,7.7472359330456015,182.68247388064222
269.33483834524526,19.999138927952423,195.51753296276482,7.085276097413114,1620.124862760863,5.138573592691225,274.2485799361053
114.4854069287889,25.300113194194463,53.297272221443436,7.31887469541542,1109.0232337612165,0.10567122774442939,128.1972807458506
214.99601150854477,25.71107629759345,170.40461080040325,7.488038971468879,2071.1822911034587,6.73516527472109,271.52278087595613
254.30555005030396,22.137719503422204,168.20527243625332,7.556238510027328,2054.276235094049,4.236901786604971,269.2592026675879
188.80020289986558,22.07578317472872,94.5821170767644,1.0004754423906712,1921.0654104588452,5.108523649637979,168.06521971623806
182.41264458900162,31.571111958121627,70.34399240109701,9.5852872346205,1765.393969330974,2.1411624341293556,176.4016775138724
110.46307272511292,30.785856966393712,71.84429700581352,8.327878903491968,1650.676603311059,5.517822283941037,153.8374067622566
73.2756919514748,21.155916633614915,154.61474258557888,9.135835269303568,1889.9066394819883,9.791532397514885,195.11929892436453
274.3039394883317,33.27576887746518,146.42098866292605,1.1407896577669072,1350.0931775926101,0.7344469100576145,250.49653798243585
275.10451429083264,34.05630034005012,167.41185113770803,9.404729162071654,2411.8885962664717,2.8391739966443064,277.3412931020125
208.27536431831697,21.534850840600818,190.6221758598657,8.288096758192943,1883.1917937703442,2.4299759286082976,282.81034824791914
134.75744776217516,22.088498975861096,153.7891044899888,8.534972286628287,1466.7886665315648,2.485493107511796,230.0583784631135
137.3023936531652,25.112683068439175,73.37773048271652,1.8395864624977167,1674.519776327736,3.787063575653773,134.964053256537
231.48891971755984,33.82241625067347,86.5163925148116,7.649002260267379,2208.5271833153383,8.181097847441675,211.3810372222087
274.27756498814426,32.52638866284623,176.32905963096718,9.639250206778819,1242.424091095446,9.128586899643874,285.3127733142653
271.77160606627933,17.051359251671798,81.39591137513128,7.106926072763446,1439.2534336903905,2.022150874589733,190.690861140844
244.96888646440595,22.854614865428324,60.87834754317221,6.135052641621458,2019.2620341048332,5.429499379481127,171.6214801349775
210.50791153857193,26.067423794995435,155.49200810633755,9.510667099740973,1473.233809723336,6.368989721654803,246.1520804400573
71.03499124876221,25.0626494510308,110.3789533235213,4.9864340956099245,2188.7525227921988,5.21827474363845,183.97834091573978
90.40717852365344,18.877261358737854,188.00600788188555,6.393642096794308,1195.6802307660412,4.340763941969196,219.44785773808545
274.63854713176977,32.17633542336309,147.53826066404923,5.287044641449295,2144.0292556819127,1.9197550585923784,259.50630782011194
201.60726491489748,28.538815659936745,63.56284666874911,9.395615992242693,1102.5275722758493,4.882193591992385,170.07005633744404
52.29926290415741,31.758167497036073,192.17848508804911,1.6847625408895652,1018.8889190012421,4.012148277113289,235.90881653248314
75.36788571650803,32.175285586989446,88.7835895460369,5.5100773074281335,2347.3352782482434,7.955633625022696,142.11615077417812
215.87544227701395,29.967117073314796,100.58187356094287,7.182571972468945,1872.008825398448,7.636043591629952,201.84371777739528
51.265395961554674,23.784212024994346,110.3390620525313,8.127158845800132,1527.7403456302172,1.339986812056707,177.43521984593067
90.20201285437466,27.21093510030849,57.68364446064699,6.247167826997227,1348.8919554457757,0.8851905256306758,136.21330825733986
187.18344734164654,18.207308122394863,124.47731333459073,9.180259697093085,1925.3286748912242,9.08153943227503,207.63747413195108
222.97379942317332,28.472908349498155,68.49777366129383,9.477923021954846,1763.5032753051073,5.355083889644977,210.52649653136876
212.99031487565014,18.585065114785614,110.14554900325277,1.5788730087422516,2487.3966632949778,8.578009372825907,191.19814552462216
106.06732736513995,28.878991810203136,102.60646819881265,4.6213348558723695,2474.823979980619,0.5815112056640115,169.04356093917494
228.04480533688397,19.591963215079375,165.9260125139755,1.21113119549039,1952.5368492124144,5.265156165216302,236.4161838728986
109.31227187420001,17.3510260030044,170.4755767449097,3.9647499163699864,1664.3057591588358,5.394265145762364,197.40733765056515
131.34992453981693,18.30568980285915,73.0119323583632,5.831813961735419,1736.7114537019932,8.6070203254215,153.66596902124542
236.62285127950602,15.039842704381405,104.98267810688392,9.19715437458954,2023.718599355293,0.9760999822970751,210.23207505803936
212.40822476180367,29.374792357070604,106.00297415477476,8.618988902188626,1152.361816353072,2.404455636759093,227.17165040637957
262.3058526235445,29.648020981167583,72.71156659041276,2.1474975400478717,1492.5281107160772,4.065383138870131,203.7102395487315
214.40322307508583,25.29866699826519,169.76802575767857,1.8372733726680615,1112.9083615054058,8.658414754199422,240.5124363080383
192.0771508338679,18.227256021107674,156.0842492503135,6.303406048810003,1110.0411392753792,9.38883315070567,215.5163779628017
73.41869195702311,16.671086750213796,78.5572679445552,5.789061752129044,1293.7588628413505,9.927246195936279,123.562939086964
141.92895076485837,15.38257932874574,105.00828628906986,3.397398772870215,1727.8798818898404,9.591934864585216,151.38616242317414
116.30059192043136,18.314963539304415,65.87075372847713,9.095077760984516,2177.161481744184,0.05941755844354413,144.22356432819356
110.9974108447709,32.81711069966293,144.2309895639566,9.346297685153981,1728.243836748809,0.4770834145387204,236.14119109897408
293.2526386881114,19.830736834033637,68.20578868229295,4.623502945061464,1503.2149158413047,1.4760681915758866,187.12053296884412
148.2744311666901,22.085426544344315,197.89012529373767,9.012723014021683,1123.5294855051372,3.4886209677027313,260.95071481579333
273.0116387942783,17.106909689626665,167.10231120317934,4.455540048366753,1825.4432847746943,8.299180309869588,253.7196254843814
207.78465649931573,19.447226094963405,108.53578243759927,7.6313514864673015,1406.9028797247652,8.926561953354804,204.97536552240294
248.7028258854121,25.384491415604103,136.78458984190317,5.283479957929517,1922.4012668757211,1.8683440629458303,233.915023237807
175.65927327629802,27.15505366191305,186.7012724324613,2.103248408564647,2465.7816086986277,6.1966415161970865,231.86665708172507
194.22597115658976,19.90704628332422,133.11489205937391,9.351407811133194,1166.9714822163253,9.173619850652766,220.77891167458887
173.12942345471598,16.154643184502344,76.17477295969327,5.086869340397829,1318.1880980829098,4.637317359313208,162.48041059130773
98.81074694951113,22.82065738254797,106.80550333717389,7.610383362901633,1709.641807149062,1.0354357195278396,176.90468775633727
230.61302881537634,19.68406741852668,176.47172975446182,4.30456432988163,2452.920723018894,4.57813650084625,249.71099047667016
120.19309061021394,19.39107846459604,146.63195239844268,1.169927907186112,2157.7146644049935,3.757949022880572,180.87629644859362
56.07899160786346,34.197256054269104,147.60865765007003,1.904773228226523,2347.3437897442454,5.77657996066007,201.76742705723345
211.36807397679195,27.32600971851448,180.02322285327338,5.465975315409319,1500.5722727136895,4.3865868440710365,266.57260633698525
94.27766985176223,26.137568863441917,184.0959586193757,7.209679214137261,2488.057710667892,0.1734592685371794,237.81723908495053
285.1146460882286,23.315502070466437,187.96888576691543,4.012617939213511,1154.249224096236,9.939977334136712,299.47113463518957
288.48214425064685,23.578886668602884,64.22737898797342,7.259396132598853,1079.4593590691513,5.435402377305709,182.78688532134694
278.7160975551121,25.818100076761617,131.61890029446513,7.287720304887604,2283.403940581042,4.736307554846095,267.161564542037
142.5396750638611,28.928596140722146,161.0764281827478,7.335423165950478,2390.897305310479,9.54617371504054,235.0133324101478
53.864154132216854,29.04292192363659,163.53902676905207,5.432696686184576,1135.8780363191527,1.558603675870771,189.55699337872494
282.07964064693135,18.433878154108992,141.00743029550057,9.233975351093536,1170.1411401187622,1.8923760254524824,248.15067208815026
157.04603707932858,25.00225504153254,75.01810027755113,5.40276866182554,1049.7612366336607,8.080147490627835,168.0916207257372
291.6637047609174,23.23916190068204,169.61308309124965,5.052386741469744,1156.761343964086,2.608310800250088,270.51191119499094
290.9049942723132,32.41053932538769,158.01670002724185,2.794427371095643,1314.1297252004213,7.992271062915269,256.7738605403195
263.25236386684,27.628378424367526,62.92036573235544,3.7688957862070285,2455.1149283650016,2.7153348290850254,185.19977807912753
123.61222301739642,25.650081328319636,119.57147370115644,1.3810104326647301,2001.7903333595207,0.33187630225001485,174.24390750062994
146.27443215048132,17.307892843578347,76.09660992827054,6.701817642545532,2167.8295382778133,5.17014723886716,155.7938216062211
262.78416787921424,27.11275778646823,100.62155685694577,3.236821695343836,2164.209105537283,1.9668643412686138,222.5542601208273
129.23050128906942,17.344078113604667,52.712163830852816,3.737397290369186,1802.6106246688219,7.5784629293247106,108.68307890974269
92.37318667152311,21.74413151131504,110.04948026161374,7.937330694978891,2196.2334665695257,6.411996332321481,163.37082708350007
189.20031561458754,17.856839296286637,132.48153817343157,3.944990648453085,1893.7112985849544,9.236026679779178,209.15639937280739
284.03869354019525,28.841472940487378,142.93738892406304,3.1797630281182796,1471.8191464050365,7.829883572657359,244.6235083917684
224.00744916874325,19.12504227672305,149.5235517693065,2.5215197422033517,1841.665163152601,1.8077595484072684,217.50954825938106
192.51529252234124,22.83718746376052,175.44369696536899,7.973725619637603,1800.2628792017701,8.001582366647963,241.1256010210306
74.29412344269213,32.91349555237557,82.3194360913595,2.167356321910242,2235.179580638981,6.4173704481402325,151.63080194506819
203.75180667479245,19.086327667979404,68.07227336577019,5.083783842253181,2472.590826072488,6.689516417606249,164.07242052004585
297.51346252606584,25.15610127917558,177.73057578468885,5.56237104469475,1616.5638481313958,8.322628859701487,277.5287463563453
85.021003809131,23.38543322332044,73.49192223389748,7.186509214171432,2145.0860176620395,5.738240691889402,140.22291284384255
179.58241309093418,15.362480820914595,196.2140122004293,6.699551340996959,1149.6445060572003,4.660035143530129,267.5293528828901
269.3432679819889,30.855162271456255,176.38073440979554,8.296486056506573,2165.247054172433,6.36641035358728,281.18997080499963
235.1921544385511,16.380918126291995,125.13149088343987,1.4027629053361435,1557.1253679898482,2.979574289583591,185.14677953951093
224.253935248817,24.485100419539073,197.21321373830378,3.6679665230145746,1059.08524433453,1.825971310870993,279.8662758310632
225.6210209967773,26.213565898779,64.60650936620063,3.5212070689784176,1544.8692678432658,6.1658783807124635,169.63706448443344
139.8727878049388,27.568529132291744,95.45986417626526,2.314152150328974,1915.9641263824672,2.338483690854777,164.87326122077593
123.39796106612334,28.772632586157513,145.73366225609172,3.602604284707988,1178.8752515222,0.7991510934660673,217.44945290322306
252.3402888696284,20.0654476704543,102.50103027097681,3.7878878272861307,2386.051738645382,0.00554184585253914,213.5384420389761
252.52834866979518,15.199575533168987,189.25588279711877,5.696960157347305,1116.508619909258,6.0831940140006715,243.46513448709894
266.7680796450259,29.468873247098237,59.84391322667263,6.9733403103363045,2395.0100797497494,3.6214878348023682,187.50884211494932
278.31013813911784,25.713131986951574,132.41177480914467,4.429904622506326,2060.7062769035297,7.52310970673456,265.3869885268995
177.83559971523445,31.722354064144977,138.62994010926718,7.4752320818204305,1494.5682631213053,3.7517639831310245,238.73593095450144
175.37907367179992,31.427767258013887,147.9092185665836,4.02548804721622,1586.1255215636397,4.860034482382267,238.63699412116776
249.5737947416938,31.866523355757664,88.34993349977216,3.612553095832843,2111.214047099116,4.070849728153849,219.4929224640641
212.4909826944413,24.701893199590803,104.68496412797967,5.870692502713219,1902.206651321811,6.5057479110934615,202.01171851462288
225.49171931442584,21.672567916737314,176.55207944974666,1.2134472427521155,2007.464382182418,3.5613916201496822,259.02600026994145
248.94816735902526,30.8311640518274,79.24141534552398,1.7181021127060032,1583.74692477022,9.637676499423089,198.28980882548078
272.50133545439155,24.0258822605851,174.0301770760043,4.7617258922787435,1731.7202227113985,9.3614698659853,275.70993795251377
134.49878921288393,18.66884392806869,134.39831343541135,9.486214402525809,2484.8012260568403,8.480279026572813,197.35332544200213
143.89573815998602,32.09948039122949,164.3281266791123,7.493606018590812,1320.8843057495765,9.203002705727481,242.52851189760952
73.49548496021725,32.65119753544695,157.04110493952072,1.7931391255050197,1626.7842797831972,4.49139688459391,200.3688584680639
194.57003524904349,24.3261951228034,81.12672430773185,8.616862115027864,1437.7347813609508,5.364303967894921,182.31686755959873
58.98556844918552,16.51399454619575,135.32191046508092,7.590706935473629,2147.667265659775,7.420925925582445,159.80556724459694
166.39950453311502,22.756521798338625,180.15847292076387,6.498518731323879,2146.018938498581,6.9614592493854115,239.08351819627626
185.66115867689416,31.070753189252066,114.81743552028941,8.382636645482595,1438.6681914960939,8.906785956054708,211.5245220798586
121.6353130320711,33.03548057092458,194.98861553349752,4.6369886296866145,1122.0854749494742,7.163310272566953,245.5341459514942
197.7083151422527,19.069454849951917,117.8322650152577,2.9935094576846746,1017.149015008306,9.978847082284606,185.16420952660175
57.62506248476236,16.33947224050543,71.41784550018271,5.608210501978834,1641.1757998637281,3.4850579983159102,115.04798734330502
59.337047187303604,32.54700906265677,108.41520201165099,5.939575800341264,1615.5063915036562,8.32997742239418,173.32158847863354
255.65014016491457,22.788098779577506,192.75536095858058,5.844937348089209,2482.5848179597942,6.976348228326642,292.7409222221689
140.04766035281574,25.835219285351265,97.95812740097813,6.085664123320948,1704.7031135465195,6.913864452150186,171.6195874885329
81.7651281629712,34.361316241015174,180.21472398005943,9.538344264152627,1384.627554363131,3.258355948449989,258.81110382995445
180.5608150137011,16.33129455828446,182.18760225228348,9.120210607866083,2336.844161547201,7.856017924230225,257.7874795063302
242.4983882746527,27.96636014904191,102.52797864979416,8.881453329030455,1736.6019244803679,9.003760223475991,223.49660834051707
103.95525687421079,16.482108451497343,62.48864870759482,8.212751298177643,1898.7634528158667,2.1854846152056293,131.56743719293553
205.72261895475006,22.509378569330007,158.68368637382275,9.490852965387568,1143.5030656423191,6.254968371167041,248.76023893463991
71.33686624844199,31.076290903868934,96.72684485209791,1.8864517751146292,1574.374610994661,3.921348291027752,167.22846224538287
62.92043029215192,23.669444655112688,167.43854213863585,3.3861093530116557,2416.3355117106803,9.89548119294877,212.22407551178634
182.838657892037,34.94364707805901,116.39822723906497,5.455503510891264,1884.2580762631383,4.788328158316816,231.02047615493842
185.15878040252662,26.181185698932044,122.79001135139323,8.618810438110646,1516.7527827136926,2.283201737969427,217.59421564170466
209.35747537455163,21.42324305271907,166.68641101228053,5.546491403704592,1938.5007709473898,3.8185762522183255,251.90160387444942
231.5228334306654,19.402226518095063,107.35449965924418,7.732312654074298,2365.616634367174,6.538383898166263,219.80592122775786
293.96301986563367,22.010410685723237,116.46910179843718,2.250639147240246,1410.985900708885,0.7608937134957627,220.08544631701116
179.07508707529882,22.450665475191016,106.42857031544332,3.2717243167890415,1757.6750777060115,6.036019202212376,181.3980012384317
130.73911823531148,16.37427355447922,105.10107729159199,7.585984855339051,2438.035980867633,9.31224759178898,168.41629214223954
248.79654869217592,22.391483988535462,128.8919865352189,2.4826060799895164,1258.5942149476791,8.503627876578504,228.5663538500103
117.70806281551856,24.2847703947845,171.3199166751726,4.162203411894341,2079.4958883950676,0.6767353665798337,235.09226020144555
159.74285517640902,29.454755044776093,104.26524678838487,3.383796320322143,1921.7215123044734,9.933898787390682,183.85263171037332
69.61409533556649,28.134589694432158,128.6382080806605,4.148755248002306,2019.5126967109522,6.987269237038792,164.7534863339566
56.33768585386438,29.175313104583083,150.60909881639014,7.374916441701733,1526.8294460013544,1.6228082431402369,205.60548156294178
290.66210366948127,15.167273637537143,90.41591694554825,4.31062463028521,1470.8190602256473,0.12416089169423494,189.59992067547927
258.99503012805144,19.353347991610722,91.62842073535889,5.997369903471462,2026.3145058825557,1.7128263629215135,185.3228612049637
223.9935515234245,28.23368576799713,190.01196905351821,1.899386893489687,1323.314927656818,8.381759206857385,256.1739777833647
152.2382361035675,24.679787363594944,158.53018599966327,8.24515923911165,1629.4821172885077,0.2163932494516374,237.42019684272339
93.32358001771144,15.106269513366918,136.57800143349633,4.328997630833124,1282.261969079377,2.3314730361808653,188.5860357132235
89.10926066777151,31.089892848636445,147.15800816309178,6.836807431300082,1012.4572616849946,7.573055953348754,208.3949705754178
112.56072454114883,30.456191465806747,54.39491646551276,7.528506414956494,2455.086040057104,5.8611053589813515,147.11887651046115
187.30666617653011,25.968383259871253,142.71544483425453,2.8869482990053035,1647.5544679846284,7.827357103601918,231.3012069811277
228.6489806750156,16.329266515525443,126.42633098363028,8.96207486458015,2454.024421629738,7.461505038267879,202.88655572514733
215.0493441794328,30.330300990651693,131.86245196691533,6.546018264462576,1210.4852796517391,0.5060138712180473,240.96198068196196
119.9834742364857,26.674271754627277,103.91357402462256,4.858526275763333,1881.0501691862291,8.925114190941516,173.03800707382482
288.7163201657985,30.639199543159183,62.22108465694129,2.6410166522039757,1301.4610491868593,2.270318342822687,199.76093390972235
234.47422917394212,30.03493984791681,79.00088504180783,9.48070844111086,2185.111190444912,5.533924402297638,199.3252245354287
188.58851312785018,31.06004143915674,192.61170698190077,7.795613837184626,2175.5544831414627,6.442881565277788,270.79750463635924
202.93018655858805,25.360161328092495,111.3049343406401,2.87222106459924,1168.9107235589677,1.6862821088509539,201.60745699697426
154.90001560694748,17.8064903638703,120.00247337462963,4.039396972518021,2368.0966793145835,9.762312567009744,198.60746318109835
111.93274737528937,28.423149467593774,57.90646847801585,8.28706832279266,1291.944470804837,4.8815595608730895,152.86607004856324
138.99316966281538,27.409475701039412,55.63493443159709,7.26109896893805,1919.4660123840404,0.5764269559739343,145.31610077853767
239.46152761609227,29.845063743981743,157.57721705701366,7.892058634441519,2478.450430131556,9.372620447778404,250.31281509185533
53.598372157438966,18.397620121014707,130.71419961816667,4.970809919916391,2323.594802149546,5.862678431932681,148.08409891447477
79.01816012672906,18.899503998005784,126.30589763244001,7.448286363779502,2434.8458928417535,6.991931979813764,187.53071518281985
61.50066050543819,32.808190344386574,86.4686795634003,4.478443505775223,1513.8981568271793,5.251757899342241,141.64540881310697
60.182200579742535,29.999555969041417,161.71260974448833,2.901366252443768,1158.363463329195,8.347379547769675,198.11471745078728
263.86514600275177,33.16456977400646,75.23548686627379,6.69409331357224,1282.5203099341752,0.33133462193210894,223.0944591516768
225.9144648450059,30.174306423278416,78.490211549153,9.784125330389148,1750.7423426149207,2.683783652771478,186.4167972925743
168.5434572718313,26.94310611980604,119.10682570224132,3.7954087425579663,2189.8445174099834,4.696483564026922,215.8080667557245
74.45854016275037,28.082654740557473,92.94197931679113,5.148726329912857,1225.230466275813,0.7660361631371004,153.64361858497801
172.90396877920807,32.7825584788002,87.11944718497196,7.066012339628682,1989.5972983911356,7.059066693266582,178.83643887695925
168.36794269514144,26.57613509023881,146.78564668299975,5.873556539102391,1485.3664060592678,3.9366341405564076,223.07912233885648
93.30046747750379,27.647826486567748,147.64576178278168,8.590850161381443,1511.8031085882303,2.7266799026814406,204.19448817391194
158.46291230949328,18.12953432007201,173.67756046998937,7.855684358225643,1992.8765952368894,0.033788468084122725,242.76364921088765
149.62618359934336,24.478424402322055,112.65628504594639,1.5246748347612133,1700.4991292998302,7.198303117499537,173.10039175053774
203.96252451305412,29.327942239161978,60.962763653922536,9.985791105313966,2218.0499395389907,8.338093088728618,160.0730950719484
208.77341271691094,20.41885396632731,91.04995773821865,7.771622083475205,1233.8777644942406,3.9504053568149846,184.93044262858066
61.32600244301113,19.0450836104907,197.00081947952253,8.775129846647019,2184.922404650558,5.642179770333655,215.0996458268204
143.6531536566178,21.276536164488313,139.43878628490532,6.860779408858117,1096.3528720861314,2.2768662592959843,208.38080964376576
206.4649789285591,19.83001255985667,156.46056272015304,8.70656615242086,1291.0808203684076,6.221976462801331,226.86596508581982
175.78406464502194,19.298252740727918,51.10367444381218,2.011446774358385,1984.224571754748,0.12137458315200522,130.6160654285776
264.1224602970806,23.49701685736174,127.73085982737813,4.12964052003384,2282.388484766607,4.886438970987585,233.87366780331976
214.67340790473625,33.15677027767068,55.62929862977047,8.887788492440436,1379.0194416090235,6.442054818406922,178.82861790029602
90.73360677035743,25.141192934774367,135.38453181371722,2.81489690140203,1490.7874087433693,9.18191773229734,184.76420946839517
67.64218685010746,18.75840761630646,188.1156274454113,1.7041788872202046,1805.68112243011,3.8133581712228426,215.8386820266878
210.6048195515789,16.539433387617482,195.2628695750612,8.093070459506972,1317.3592097339535,7.651902029810298,252.6164629332125
56.62782763540545,28.923122902758504,131.08290130833862,8.519375400789666,2216.7343923812587,5.976870299435007,188.07916272180756
196.44389531836583,22.655975288727756,118.7307207878324,2.4638699637091053,2160.454967508641,9.270121129250805,164.22025948159606
285.0575603562394,31.436618931707187,191.7525641372741,8.689113845044439,1217.9375679486725,3.983776756594306,311.3697952787661
193.86854446896973,28.190215372815402,151.04147479950427,7.180910160374527,1695.744597724948,3.1909533987298797,239.428757752603
147.0424815516305,30.92482901082737,59.73489193076142,5.680744148949255,2162.241649981932,8.871419986941438,144.7036654959513
210.82205461058828,20.438920788368975,119.85883665012463,8.472251735032465,1505.994296655122,0.4924440140828912,217.6595311651286
164.56322262287915,28.84717844922116,86.03675276964559,4.7732432438706915,1949.6602340765976,1.363853929336768,190.95999243948884
186.40419732898374,20.281239693874376,120.47064821730224,2.745945606010575,1075.3196821863592,0.8240443458404445,190.1899682408327
285.3662021941313,33.781369589005834,118.31983580095427,3.563674089495523,1913.033140793977,8.431099565764026,233.22750345779133
146.52565945019356,27.727485630667488,137.32172042221129,5.5464761646398335,1228.9794700009106,0.10607423370319391,215.55442939564534
290.2976409559785,21.490236003506844,103.51557355238768,5.7819771340585815,2245.874987671677,8.61657155497048,205.5284569334756
276.33766048901595,20.390237245845455,74.64056741838921,8.250227437971102,1533.1741953707178,4.512677953712668,188.90575853465626
98.94778369732411,18.81853170143287,125.55791518849344,8.122174512871009,1422.3307940922937,0.040252788539707485,194.65137064830307
67.34032521879136,28.892819177874557,174.53043265186432,6.232299014841174,2261.3334650672277,4.016451772120418,223.76650382582017
75.19450034435667,19.374312259958547,149.60183421014034,8.027069350289288,1075.2160346077153,1.8680084104503558,174.77718278646427
54.55545641288743,26.906065318549782,100.75517988878238,2.725961124643039,1594.9131990015171,6.244004874721631,129.87970854985107
73.6107401889821,20.292700538507148,190.32845341382858,1.450580743839649,1555.005310862547,6.793587899216465,214.02027068178214
220.7516933540892,28.239378895877373,186.83113568737733,8.8627044037123,1427.2005613743263,4.875275704049998,289.81556273726983
67.79716211505725,31.298794570810784,81.40225990761482,1.6799904438649262,2367.6314980022153,0.4051952543966997,129.12558008709965
129.7439075734403,30.560504862893062,55.912637768054445,3.220195867695976,2126.3925902750834,6.561288043672019,146.40369874988644
261.2188277423636,30.217026618615634,161.19630625261433,7.257870546619461,1095.8847462879082,8.420387836055212,283.4489849954084
55.81798393395647,18.75444811384504,174.141539202373,4.685031438645782,2072.031174152431,7.203242773264015,217.98139243140366
253.61712064723395,16.767698939690373,195.17968489270328,8.886825729239579,1790.948699693191,8.299579189553185,282.89841937955606
120.46369369334998,28.97897656974771,183.47545911324661,3.681818151960426,2351.3018416023688,2.0050952355088745,247.51965856811975
79.54120690541407,22.366944275887025,140.0802152309622,1.1068421200242335,1469.4184260225377,8.888879396564827,153.85318778775425
224.18429134103766,23.646924528066947,129.5078508818571,3.705900765046697,1861.2429994143745,3.221934506479628,241.85280065553962
207.235711694971,15.62298185586782,54.17615768938794,6.202675442663485,1751.132912111479,0.13404814251991026,144.03180295113214
269.36800338176323,20.191528985500984,86.99846702671667,4.38344537862964,1734.3413593414086,8.433916463290707,184.38037177420014
233.76776095097145,15.67352807748928,118.94221275993897,5.813854801828797,1684.158099275819,9.418212689647268,201.5292487224659
250.87023259621213,32.583715452024954,144.27558501253517,8.88938306951517,1308.4442132984218,6.555581974173488,276.791708687324
120.50864314282663,19.86793366437061,133.58777499776158,9.212365488073317,2133.564883738589,2.3143663046342464,221.43985150435535
94.35988594493071,26.146743391460163,161.39539845225357,3.393766581887009,1677.004049108933,2.517444642825304,211.78130536780998
237.6536879102146,15.779586413222608,91.96503963305614,5.159264259429106,2437.7744125039085,4.665928734356195,196.37947240206768
251.708684816816,28.33694782611316,134.74289114787098,5.94229613717306,1391.2126407891644,8.978310796014195,241.42224274728372
297.62628550016836,21.460546915081878,63.22133650861882,9.542012111994223,2024.1157594405618,1.4959765614755838,189.06208796151833
153.15441922785664,32.95838373915332,112.04982853748105,9.987555872479462,2411.075619458663,8.259736695834869,225.45859555091351
143.0045214481958,32.762363778680715,162.52412494319015,3.1186652395737395,1995.1874845241387,2.9130280870515035,229.61411865813807
244.1032401854992,21.505812367234956,154.0101280143566,7.5428188421123386,2306.909361426092,8.08586169429098,264.7096263116377
135.20088506325447,33.019217913809356,198.59641057582684,4.402279560098757,2241.2214396355093,9.202711976015387,275.6372801595035
282.6893314008912,34.923153469975574,91.6836688981634,1.072973771975919,1540.1765732335057,4.2749387199432025,224.7676587137808
264.60318796075296,31.508313282478962,124.72839487609687,1.0832727019231212,1900.1859099092449,3.650506541055308,253.85755372850244
157.24850684375457,31.897426955104578,99.4295620660995,5.145094068060302,1234.3920097170335,8.022213189713018,210.63566803121836
237.71776694787434,19.9801747221818,116.09046710887621,5.395014217039011,1803.2888240433992,5.2948288237939405,209.15472389536072
238.6357185211706,26.534047977155126,178.54251948040823,1.203127269160984,1345.6329577215058,6.8444904846319705,252.81313713369514
75.78096720898316,16.345118279347357,152.631361278273,7.182346750968723,2115.6052224286686,6.228292369611795,171.19611599375855
275.63822666989165,16.898358736433394,182.36617870213726,3.646030497354578,1792.087632838187,1.5288884564479632,291.4905636537916
176.3130931119643,34.97785224066581,80.52666624978298,6.039037913823544,1616.8410439474906,8.447903602895616,181.47302531932417
256.61436652693544,21.53278498851822,181.0041676762157,3.708271658488769,1403.1956442504663,1.957751114131362,279.6812492012607
130.01240025765293,29.963678240976925,58.96434112675766,2.504208833823765,2498.0477227619303,9.322821440707807,134.05125905789004
273.8808071240501,31.13330106053633,183.28989206557287,4.664563647389878,1107.565781327399,2.5057129142214785,306.170166189922
147.30041968354078,32.16046542014458,99.36106691910919,3.0904602831145067,1065.3410208586301,7.338809732737419,174.5606993939899
52.70941287007459,34.95256594804313,97.18814501210997,5.813208792272513,1325.8861007407968,2.8465539349359203,151.9299102751603
276.3454941048159,19.829929705137356,126.81328650479959,2.7894567725783195,2456.6086879417294,3.177854085868639,225.91731156155873
72.82166919653339,15.807016537193995,191.10352815848478,5.575653789801644,2468.8572524799765,3.100018527823053,212.66110390257418
129.8284093976037,23.22383035989172,57.1672047022108,2.416406633819808,1982.391602158204,7.478922540260832,135.53916517732506
287.51549176270123,17.60161339657894,102.8346462606118,7.038772385372065,2320.160000809607,5.568151179693931,215.3446245427594
287.651786734389,15.448517783241103,178.48579830250037,7.7854391599728165,1320.942596261193,8.829524558474972,277.3319765159284
193.35947203082154,22.208536542829723,109.40817161532001,1.993548108249404,2458.0631412649354,3.0737271920404483,188.30332788790255
207.95930304244982,30.67476502150473,79.87353463956005,5.210221708336053,1214.177275209347,6.9199252205674435,180.0365278032591
162.11138049457995,26.323613824501418,113.71912719971176,1.6378453058938622,1151.6877822724873,7.529485996631107,180.07285434395195
123.30269292451614,21.25555978420708,107.83287522375039,6.383642009878022,1168.3173088709093,1.5148211302995818,194.9363437853241
132.16613634247898,28.086840109854393,187.31243022000552,3.3796386813668082,1859.691884908847,4.005893573198112,247.3574689117513
218.1296140192596,19.640363606176216,164.29015636146457,5.74862011154837,2171.4616010770787,4.828174943504111,224.92000856318228
238.09363235942,15.287628921441701,125.76733336160095,5.657149084458621,1550.0007668119497,3.556873898943743,207.40717239779778
247.89476093146214,30.287067728728548,198.25558500823567,9.319189115744203,2466.8439816791897,3.2211259596913813,306.3336614188798
247.40453569863848,27.474861697280183,119.7916296913885,5.941749003118506,1651.6302071774942,6.864198939976419,246.4756127717302
72.80152576217259,30.2460524900192,58.735674623041284,6.246986317464841,1225.6728261598244,2.1586639765948856,143.3510496199645
173.60507617564537,15.778760333753311,89.34114827224774,4.614878131879422,1698.950122279205,7.093907452511288,152.08610638836421
64.38969000416107,31.742392556613044,115.4105720328969,9.541716428645351,2018.5557481336598,9.350441963907306,206.88783436981427
187.38222058093388,27.390524000726067,73.53539362191802,7.994673184956486,2248.338670756568,5.651975211777511,178.47719953042625
160.38262534334427,26.267907014252803,192.13476894860645,3.568647612725574,1688.1524349348892,6.114342367394741,266.1441903056406
271.92604568957495,27.492280962290632,165.02733467266597,8.597886271986088,1890.4102390737512,0.6893270212408908,268.9199474259414
137.72875313801967,32.28866493736729,90.2430800641659,4.891567241665809,1401.01706823828,8.644769036178282,151.2272405479996
79.26675410690146,26.73873013117814,138.62068002768737,8.458004291802347,1968.874789608271,2.854477871998655,185.12686977412582
85.74792051320897,26.619007597763584,158.2173735664358,8.40599261464152,2478.9579159255154,6.150511655285649,183.4180968752909
240.37765792936807,34.81358314131532,191.1918393360197,2.6998316808656897,1073.5803588816907,9.791121697448023,306.05930006289896
204.55451582906525,30.13460334137136,182.2453023763116,7.310270182452192,2329.7960060577516,5.955026005728078,275.8124502248459
75.28066903069757,23.845876109022704,127.27883392073205,3.61578672375878,1843.4237541512841,7.247094874643776,163.2245153433469
71.02670152874936,29.147940000658554,166.19789296895266,3.677434029934014,1378.1479893434498,4.453196182237519,215.39904108201216
225.24228286478,22.78460943383577,134.32171307413773,3.6671326919252265,2432.334565013887,0.6036584351505736,227.99741512760247
68.19075159104838,19.57750924966998,132.90558350683102,7.530114228039534,1725.0314545883484,7.975993494897885,181.87958473123106
255.46501482258904,26.937037537755188,67.21129375072879,3.0684343761328248,1497.5353775100784,0.3499884126398567,196.86635506632112
226.56055678912406,33.56364196227903,68.92064870242281,1.008152517214812,1272.2464424062618,7.006578288878541,176.60844618664674
70.33719516047495,33.58279040030925,129.4300422533686,7.437131681343698,1366.678315384993,0.22921573149636942,188.71399701800055
71.20942852129798,21.838105562109806,90.329231746851,2.5406626945161275,2249.273562387164,8.623052365766705,144.9294707716773
296.6598946252939,25.5535493244339,53.15553536907029,1.9403415577705119,1921.6150139757488,1.5763603583298058,189.8117814126675
143.5676989390301,19.232717971397225,158.42588058503185,3.1376450853465414,2369.868429232474,5.142714954425511,213.11111873998908
142.66053676672271,34.91262218997767,54.87298950352474,4.419104700904336,1347.9526782366788,5.9715070448314735,174.38938904047717
253.19989181437563,34.62235815735872,139.29152616560816,5.2831569472588065,1181.7078607733522,4.575454073734121,250.59050706341802
286.81214434596467,27.990178594148947,130.87906911909715,1.4011303664136774,1009.131296463385,3.407634893488872,231.85029265294756
296.50026595571774,31.088281193549467,195.32220358667067,9.735159993646244,1761.7930564239907,4.6781429618097174,321.6760133406777
238.3445463147354,29.302003225674,122.63197090214625,7.444567480776023,2497.460395572982,3.114157538811587,230.13954386880587
144.06489638272893,26.863164380789364,59.5402154566696,3.9087465879190253,2042.4479032279585,4.3812234708086315,150.813330339677
70.8751791746672,16.066959939777952,132.75319517096926,3.868275315568576,1462.591887947719,3.5891299099803065,157.10263669249053
244.2867289818592,24.09528685105322,176.16442559241523,5.036882944316135,2315.2878745392572,5.6620482350714525,263.231384135926
189.60106243395126,28.49572604334821,199.527392642216,6.636203404867296,2172.5833989819394,2.3792416224498347,299.5821789058457
156.05550231174408,28.550632277673692,114.55147605336087,2.31735759930071,1023.1227491148089,9.886565549140125,183.96558430750662
276.588596273684,22.46245236844767,98.04481137451137,2.700368323884571,2225.290720811534,5.008699533821655,199.46455941669424
77.79937057653784,33.833839733160616,185.99799454279983,8.734911245501959,1450.790135857744,1.9416207741450964,258.99634666965403
173.15627607271477,18.34714064473562,78.68631936141821,3.306294315001653,1224.5101968754016,4.770667495672725,143.58250505110323
52.83841119185477,25.00718892431121,142.314337254939,4.421754981776598,1339.4962596056118,8.664151295248242,172.47477108164406
167.16516049853158,28.817679531016456,110.85716362714216,8.841446658551053,1702.8697065627084,0.21806793124395596,213.80700831749337
64.07581892045934,28.942716117836184,56.162354743333296,6.968330464598402,1637.3018906020166,6.795541191072888,135.76431200115601
79.70447906701799,27.97277913537631,102.09327114585466,4.075406914075195,1433.33094906134,5.47967796793928,173.02752999296777
79.38156169427623,20.505764269037204,89.78427837540119,7.153295911521587,1258.327483310549,1.6955799437013552,139.90377610776835
212.30257552901588,18.12413137373244,152.91367309152304,1.1771489384327234,2143.346184463254,8.174764393049207,226.7216029716504
236.51121981635583,27.718806536534217,192.31857465378772,7.620783940102287,2485.1646756023756,3.6888462237400566,285.0928275968358
195.84219127428992,26.986042322788755,90.20707810679566,5.383144364646156,2166.6873706295355,2.9380202881550743,183.97148034327412
290.5431371186355,18.58712020578482,171.71989087275227,8.318639325560152,1443.9054515073117,8.28125191856901,284.83612556024303
143.717644880926,29.102782911411268,58.30397254076143,9.591738868058215,1367.2134421182,6.385250461916646,151.64238129480248
121.42802157046518,24.10343983467313,130.71815150597197,9.332096945451115,1326.4988140989074,8.982590836748244,201.76602948886253
267.1497820473651,28.35521183206306,60.58250955648418,9.183385391098067,1205.0426117335544,6.298837036711994,195.3269921871051
105.89895962986316,31.747341595403014,190.1049486695959,5.609529603404984,1826.9958245384519,7.408176579321153,236.93607802058145
290.80563486015285,18.394568571538464,164.95269208360853,4.241279027250442,1908.1005579300163,8.364458962596128,269.57315522486647
53.038618672454085,15.382897359936734,148.69248668068883,5.185317922576055,2058.253990994706,0.5473963590993691,182.7561755705738
292.46970667690977,30.582051727915736,173.58445724369966,7.209064029820247,2020.320056400502,7.760489588693803,272.19717264929665
60.78997798764403,27.19394850305232,147.12796933552448,8.955979991840682,1438.4999669250737,6.137064818495768,202.22493023994832
272.78577842451773,28.992791392442435,195.34165957614368,2.862876727001076,1495.4665080952698,0.6950779651519323,287.23766142288446
181.92527727157497,31.76309949977285,157.09369217971573,9.263738426155328,2022.2718031635068,5.085779218687151,263.8970700883247
298.2411990298251,31.05621869649001,188.698791437337,8.336622087729001,1524.1714611754423,0.8245807798395388,296.8710192436338
68.44914118384972,34.21840293857649,127.5697838015957,9.809704136604111,1318.9347844289696,7.359472017232224,193.9309459514508
188.4635711003302,25.718701577042363,67.5596619472794,8.922265959535185,1561.5042305451093,5.465017138978831,176.02013057404193
292.32563390477475,24.769912653198105,129.22665821345257,3.51943596722716,1408.1262363669666,9.535735374122973,238.86454538353712
180.7744610425372,23.0377439978146,69.03092420946399,1.9536032020964291,1132.4690818278668,1.8313537157176984,161.89974395418375
207.34965953381564,18.07382085688409,138.87402187646074,2.0101696479242976,2245.2083534149806,6.060334525203785,195.71121552662322
223.9371722461543,26.45214465764045,122.37395907914944,3.621009867204485,2279.6670837355546,2.1158213457049135,237.02112252132792
163.6352661919433,20.540250486519575,143.38630967491724,6.5276535158608535,1329.6254502503193,6.140649847273983,217.5056829237642
206.88952002101587,33.42615024425951,51.50704715822474,8.238882934874553,1097.1582992878027,7.226497023608564,187.0677351858032
196.07857798077507,26.663816085541953,79.22607374830461,9.093252762834082,2108.241156026769,7.223043293295386,194.73402440459554
275.28950262274725,26.856803610162203,123.69956478681964,6.613780459323095,1317.2929387951206,8.150739906826098,238.50238372979612
61.36159508536447,22.098493217540202,192.57553423837024,1.0506818147324837,1590.1532341552902,8.535502279583167,198.78858259148822
120.24079739805758,16.03978703955415,107.54135605327376,2.6768509886668017,1096.202878356075,0.7727172626717704,152.68922191159038
287.6028710191397,15.634875307459772,113.6558039080452,1.8975358346803115,1339.4043771376528,3.4326715707240405,226.3109953602674
272.5659459727291,23.466702883063952,157.20441335099332,4.26992028012109,2189.3534174944534,6.8712252035980566,271.0706814072052
163.91418819642823,16.691307561944758,140.5689135929177,5.512158942703714,2206.5946703728027,4.985862873912121,198.41492466433985
205.03314945038417,27.136939110802782,94.83892251474998,1.3905746072070477,1310.6272373315655,1.906759467547915,159.35247260640085
119.34529574528317,32.61946011279315,111.62245933511417,4.136301782160897,1503.8707676600343,5.52709570166698,185.4206462666232
97.03028993094033,32.65829633037444,82.65496982858487,2.6126170716279034,1201.3576286406153,4.074356527661438,151.93424959312682
165.92460123499552,28.18090820264465,194.9032188695313,6.823631496329865,1111.2589454273837,3.9003827765430508,264.3931811449297
138.33805700651322,19.224636629458622,69.59515723360396,5.17845132391906,2488.257571672614,8.097537174356638,147.58453905534412
195.91402796271802,32.25993662717744,105.77551768496292,5.457858822405179,1983.3909268672587,4.075983338321812,218.39116110015252
69.4336592412462,32.72186870626416,53.87584583300168,4.84922609230115,1813.1447637974782,0.2645450548042416,141.10904215396184
293.5987019165416,18.933071699059173,83.26692379003197,9.604177394379104,2148.2477506079495,0.5806333889109128,215.76438215244912
296.5526861199007,29.748521715413546,167.07067075702324,2.932616126094069,2260.115739531586,8.562440416916203,260.341661518276
224.54042850493627,20.73039097854246,80.17628484333191,5.6499783385948685,2210.0721520670913,9.606008100125212,175.10384249828843
184.0240915860301,31.052806247058594,62.00951037934484,7.624156315288023,1024.809173934815,6.884093364557076,193.29082728153182
127.38190407158194,34.94475799807205,121.16797697667849,6.011599718211063,1280.2118472857478,3.643682941000802,209.07003880844343
253.44875492673717,15.600520106587856,51.49538521017777,9.36118797145121,1982.3579531767466,9.386003157947275,167.3040007607661
221.1827931384698,32.94731731581864,62.714923163949976,4.401715200771557,1563.6390217059443,6.628030863757358,183.15930485724377
90.65423483622283,27.45261067197316,171.14388043444626,5.173082251958602,2473.72397659166,8.443335491993377,225.51603174254734
277.73179612346064,34.467652383296425,165.72100172894096,1.7967008369325557,1998.107188957381,7.658523040370094,252.5270515158712
255.63431073079224,24.300190350528553,187.27082306073441,6.480991999467356,2434.82336309381,3.791393157725924,281.4979281707667
287.449978322981,31.947758611427474,178.17731538661243,3.5939077160329544,1302.1697224686907,4.787022008507855,288.718199278128
231.42987709708999,16.247881371965544,152.4763344859727,2.4427813556401197,2295.9355421725345,1.861321543680995,242.1435797921724
203.35379898394746,21.705581001565914,57.84992859509943,5.9007816361405725,1482.028458722838,2.9201410044073404,158.62673270735877
154.56075907265472,16.340330755024198,167.4272926979986,5.7907923704191955,2484.34721235671,7.781256612865217,206.01509500583143
283.18212083850335,34.50686266958141,176.82662162608406,1.6828447710164278,1236.5330081097209,8.939783918831083,288.84598271734467
266.5159723751021,31.339478145436736,169.86232186579315,7.283939081450255,1774.5097282574898,7.244604232514118,274.31021544405127
61.30466752654735,32.05094842491941,126.27185529620391,6.613949715857676,2189.266800755683,4.651736966566383,175.5980152714358
56.591743624313004,33.75930462867788,84.93527579742225,2.7011555447184747,1648.9637209060538,0.8650926893974753,140.490802387633
144.1158417195124,16.702069722395706,176.799496353309,5.224913759386395,1702.1260902814702,0.5694794869844821,233.7218364345831
252.63833269545822,22.711951850266665,159.0744214610208,7.48290624830704,2479.5336932586115,3.7432556461285382,272.75982921052184
296.8190323287361,16.420697780880044,197.11417615832772,5.764921664871489,1637.9622254517299,4.638217187676631,293.684055935187
87.60422277588205,19.215862031000572,73.35388966338994,4.559401685652132,1906.1081508985953,6.091206222132969,134.99382040818261
198.53267883803377,19.587315540753448,83.84968745780826,3.9010461227284927,1081.809491012726,0.0648952138699721,175.68424327771436
145.22271415775538,24.382144220951574,81.7697224822254,6.493544799796482,2263.3151203153902,9.897228904663063,164.1341857210312
292.47859945365076,20.371243349072852,168.8809651432005,9.451978284792165,1972.2520734693153,3.639388834040429,286.40328962339527
260.52973078392716,17.019562136355223,78.03609446751773,7.045703564297351,1606.0301542942202,8.480946638011215,159.9923774612085
259.5821761777845,18.349821781882156,59.99897447349591,1.6727131327268396,1024.2543099317795,5.349667056654043,162.22854997499385
167.17328994874256,17.94551127104182,199.7841209878443,5.146164761339204,1887.503230890256,1.3043945453334649,244.86343904703062
153.7048755844163,34.46153595824597,53.722581716772375,9.017417183595647,1018.9867427262433,7.975655525345219,173.4958378015243
118.35176798267656,30.185850138369474,175.28660902382984,1.850161832209782,1001.8054208635268,7.098270749198761,226.6968389007997
64.09387416273178,34.35522930539124,104.80502623259792,9.89988140923789,1924.147843224032,5.27436084929228,180.92538615594074
266.1805940637633,23.79480973015817,176.2423189636723,9.541624542808792,1283.5256010018313,5.1455309133378,265.56706407371837
253.2252522825194,20.567369633253133,133.19307368167176,1.7044703265688828,1287.8313245771428,0.8747960575092806,234.08860324363886
299.92941832153264,30.965863944183734,185.244684422954,9.400719884045994,1979.9073487491155,6.5584894857387415,315.37865987655755
299.15920926847633,21.525078360822935,188.928947962194,4.26819331233516,1080.5457819090614,9.112451557542997,289.88926992465446
188.85792640065685,20.987667474106964,51.3647271921164,8.602382503682762,1470.1083422118345,0.9324491922135836,145.77918945904477
242.24685379512763,19.650119844156624,61.31182639891824,4.765450039419443,1224.1478532130286,2.635114506489049,159.12393710654695
286.19143247060697,17.593579564484706,87.55380943562832,4.967696014322643,1870.2645546948008,9.023079734420987,198.69122245169524
262.4118476693528,20.12926122033532,150.39731245452526,6.708187818797883,1992.6477320910938,2.843439098197933,243.27026354512753
111.8370254357994,22.106394969477755,183.2408294767259,7.970296773483851,2081.703780398565,6.539436721799263,239.48657603997577
162.63603382752336,28.47988416291461,118.99129269409441,1.3041023585342377,1382.846825377848,5.348181649431441,172.79435206334568
82.28985378787374,16.25129684438903,141.0459674411398,6.338403959744208,1133.874627454876,5.963276050038621,173.98814894117044
288.5127568146806,19.21013879330686,78.27497791933416,2.6805969468763386,1118.0254854128468,4.157889015772531,206.4748525807888
201.54365861272,31.180472805833528,170.7450250822528,4.1135456607688266,1639.2273226760858,2.999914705537111,263.23027375244743
107.16070137586567,17.938438471675415,195.09921670302046,4.131717995396949,2418.7666135940726,0.4853345072966897,234.66148009233288
217.92517110146417,21.85290293045043,90.28983993718961,5.221543061990382,1326.593551370537,7.4428093929416415,204.6159115628312
204.53206011447395,32.2931784371628,124.22389274008195,4.00722770688556,1385.1124020123239,7.460934621942268,197.87317660096227
139.54067950821013,18.098506222868853,62.91741657595607,1.9662500660560098,1151.3332031587884,6.707257400787232,119.07232313768608
78.38939804990726,16.6547367123638,133.87049846944527,2.310658646729063,1908.3554108408953,6.436337881196206,161.80345071614204
217.8932988981999,24.690759901600217,125.41751627700208,1.3009418700498792,2019.8093109207623,2.437171321675262,221.74457157461953
180.07692522594832,21.048390225570728,71.66547262326164,5.232241767958789,1964.39681224114,0.22344933766291208,170.96615712860066
243.07959793390984,26.26816728967708,116.30993196771125,9.590029253676896,2291.695364567172,8.087153968854397,221.43388105109227
180.04087527799834,31.076097809669502,100.11569781298448,2.041077012833049,1729.6387525391076,4.911385356958268,200.784249621982
263.04537507963505,17.742969763054862,128.27463129577842,9.516380437027738,1201.6855611505966,3.0683813070261836,229.01656587472203
187.9767096936214,26.613981691085698,137.84815031431987,7.600253632588842,1434.107696056619,1.0193190678057007,241.2679650760506
190.23449288384657,25.110175207797276,51.274336791081424,6.737489226407469,1993.6449601320278,0.627215909013884,147.5773135470665
269.1634006645862,17.881575720263992,164.1508974424333,6.807499797912066,1919.6829606123397,3.488667217951773,258.3690176511298
150.87071655309927,27.47996971057965,156.95214377926112,8.440548835566538,1796.5046946144437,8.047370647669405,228.5916331379698
83.50380711266018,20.472808357215435,104.94295793097834,1.9622787794183925,2024.4466280330307,9.187237493338305,158.65485679829473
57.195669078334745,24.75668637088025,57.94039033532274,5.5427889120898755,1956.0862755599492,8.967513646130648,110.9322239346516
238.78431391840476,16.64544648554124,163.23988096775756,7.273820244346827,2321.9873341974276,9.20000834749655,246.36249437126202
205.07738783836618,24.19168114427246,193.27627407171985,6.281384005662073,1879.0245662174448,9.077253431293427,274.2820617300373
226.01994202480589,21.129269360856405,86.02273940330213,8.49501163920965,2167.9020380508346,5.272247516003958,197.46036659814828
103.24104037722768,31.447624223707088,98.52869206055568,1.6504453811021635,1373.060733949702,2.1941563855690385,175.7861622092244
84.09286889669244,16.139574539947365,77.57193342227225,7.216309355492493,2017.273876883602,7.980465828368204,133.08295053576134
53.63616641697048,23.3721454983666,136.54041850172595,5.80624957346246,2353.2911775740135,2.13712974852579,176.44943044903354
137.64688970164923,24.168628482628762,73.22620919711824,4.412447775819491,1578.5984918497497,2.672072767565691,148.27704569010064
197.47942171365827,29.500121525982372,103.42909151920692,4.062474840106278,2168.65628100797,2.3325432182254846,202.78999580362844
148.0610112749331,26.48575150180422,154.55195209013942,6.587493694967736,2087.183951793153,5.149824036958059,230.05886034308438
159.36873050593226,28.344246743883623,134.01739745140225,9.018958371798384,1089.2892953077337,3.2182750816907992,219.67654854360939
276.0396736234371,30.540985713035123,107.96938464919029,5.465583334910037,1872.2624644361085,1.5415604962534146,234.0958339361571
137.06386675582507,32.24405947316377,113.03744027113129,8.42250847669228,1195.2840238012036,4.531734118938823,186.71238078919475
178.4973722899527,21.277509934449412,134.31663239348444,4.619407436595708,2450.9787583458865,8.73907238785167,214.36357154395162
245.91325318528578,25.760454107278058,50.8797091830742,1.921550165138589,2217.1112540509844,5.705528549499722,165.35410591548575
149.13569558031753,31.802161568783998,61.77648026804148,1.5535516281277468,1164.5857018706802,8.78335605887587,157.92843600767424
205.52167505696838,34.78902261930113,182.18871016445175,1.4620093419130982,1182.6279964715177,1.958721850791374,268.902523403048
265.59092718668626,32.79038622087526,61.68184836369362,4.42135127761903,1891.7107823689284,1.66973873672554,177.61561514466894
287.3801559144105,22.429345252487536,156.02053943157577,4.035139757522579,1517.333761259775,5.755771256984202,254.31709571432094
86.76837023225949,18.903330344373007,188.0057246163579,7.461433212603126,1052.3587886096639,4.63328901546273,222.50172654283375
281.64690629037364,24.787850748131774,90.60254064525967,7.685393514263792,1812.4622617495797,6.601726416469569,222.28176192364543
173.02907326988455,29.832829036720845,105.57371555892715,1.4576857195036586,1581.7676495287703,7.9462679102678155,167.51997532098534
114.56109707473959,24.85138141506595,135.33821087670745,2.9901093660011346,1151.614738557614,7.513072956521764,189.85467684673273
164.78393905956534,24.66361726627337,182.2563454457877,3.4683566514300974,2202.880588383974,9.422611736585612,249.00360474317824
295.00814382136923,31.764608421636012,191.28583808906302,5.928507857285285,2372.615147918209,3.9825640915701155,302.1741113619219
173.1545234982174,22.228075581343727,160.93448721669023,2.300637015162552,2134.890901021195,2.063867422481808,227.62146241412808
132.18790257187703,32.19589349623291,62.99296412820411,2.2054709746000034,2233.633465024416,5.509126399478857,143.19786290648673
208.35021357918146,23.136096019034472,150.3731233302276,9.494100002871622,1324.735850899176,1.107431201911856,236.29593354086998
110.03640469454827,21.56466211356679,111.54555828089931,8.23782616568003,1395.3594263779014,2.888511233316314,173.33227826957867
68.96583202716599,24.07979822399398,120.60514992365924,2.6258941188205327,1312.7913104487816,2.0788805526314444,158.02457754062098
82.2199304776623,30.24893917349737,57.372258551776554,4.659110271149419,2147.595147048346,3.965637167970809,139.40397011673946
82.01145973944311,17.520040557279884,78.65932090195372,4.20059799331809,2421.8756184017457,1.1121657500221538,124.15030105939057
87.9756733780736,18.928384317440347,168.57704113004718,8.119036666588666,2075.255810100854,0.3184174454809785,205.84718755377963
84.70679316235254,34.02889651326184,118.09382495717897,5.591916248303098,2322.200147319334,6.567940046300318,206.15399212083173
210.21868620080366,18.50983254762715,95.24933624467232,2.150647632941203,1958.048642324759,6.102489782898049,186.80337145474292
95.47002109978621,26.354546358621093,107.60286109474373,7.650928568406195,1581.4898508381984,7.083589360386612,155.56302329536598
136.4168208309658,26.586289333238756,178.15992699885203,4.57199180402427,1638.6424223954577,6.603864402713439,229.8040752011869
274.19710247650295,24.792489241004894,162.34985261074354,3.3663182286893236,1112.9821482511072,1.142946811423835,265.13950375844917
168.4904100657181,27.89490497153637,90.8473095771624,4.379487598186481,1047.1857928690392,2.9107888137564633,182.7028311862977
216.8894346302568,19.59653451595237,67.625276031856,5.479809072462067,2043.213406283616,1.2952660990035236,153.05533623911103
93.07996780040746,26.053245355534962,87.79973324661076,4.088039647753085,1657.643338016771,8.429724020485631,161.1058038602334
98.0722547021677,22.443465104937943,188.11346765821006,3.1771519533258203,1828.3226020819443,7.469036553555233,233.10632322047945
60.21715406661971,28.23334519258378,137.2383256774633,4.586518259235823,1836.4918714336245,2.0152700291824246,191.8632261179833
92.23376576804114,17.82447086746299,130.02203131171743,1.1725561967490843,1416.0637199999521,3.413092404898934,180.4624396191506
119.64758475798966,26.417548336789523,139.45903995386922,7.9524806148668254,1713.838766244236,9.666149922642141,211.1102936222868
94.2526210691867,18.705407107666474,104.90423986197729,2.538504042108272,1706.1403325015535,5.941593578796515,155.2615896241774
72.1756334392639,20.572861262300727,171.0660530479269,1.3951415226757353,1582.6408318417855,8.011555973011573,211.89140380432346
80.1589677751502,19.374196006471664,128.49293739503747,6.883288236145713,2231.013075101606,2.645910347687291,188.82117751421063
165.19469200818145,18.656755597376343,67.51218541531932,7.9654251594130505,1676.7460055313938,2.1005292017930524,146.37229247065147
101.58342960144813,31.51421903121334,69.35976872435944,8.324462184335589,1905.4667867589817,7.839169288465484,161.10639749141754
141.06746526201886,20.714151353217808,130.52887197539275,5.4415826439454,2343.280180571239,6.858724552314401,188.3122489120368
175.85431771371424,33.54247563728899,190.48553271062588,2.8483136622098675,2299.3504342883834,6.809779292117637,272.390418994989
222.59870715734132,34.39853050690382,96.2528182514298,7.635049095248441,2335.6333056687477,5.526345818291939,222.32398947158853
59.828034960274735,26.42520939874195,180.43117532888274,7.2974176943890345,1405.007494697521,5.635783427765489,207.68345038903203
249.85259972726067,17.860022453314528,164.6143379868319,3.2164366069285593,1052.4737324620942,7.356975053062538,242.0781610267552
206.97509737272694,22.490964867591625,87.17186643603603,9.130669802765137,1391.6001998429938,2.7000248112119527,192.91356749744864
70.43975798721797,30.95464526696428,55.45111224743637,1.939343122745461,1418.061018431063,3.527684658569558,117.51284913768761
268.3946560266943,22.34781457394141,65.27708977135741,9.844194156321931,2364.040490087452,8.71636770520055,194.46717535013244
280.2181001329533,16.740344366055776,159.27409007711603,8.742230298797182,1973.8640992569558,3.0886520101215775,269.5420592117207
65.26948996371594,26.13569821856376,79.950460706097,7.191087809311677,1122.5559394033432,5.46309571379299,141.33457188006403
119.21941203680093,31.902417029920695,105.69063807580906,9.448748994518496,1203.0678940166517,7.026394640066841,193.20839084068808
251.55031994826533,30.918527742870047,125.25487490096373,7.5008005149133705,1233.5141883129631,9.999248268331765,253.3500335774022
237.0649225959146,18.502462802607063,158.82022526752442,2.7141129732704132,1945.6326222533849,4.3529133149533195,242.80435156252773
96.13025483909433,28.455292288249332,66.98468348886881,4.9794052430153055,2103.1210382605045,4.2809287662494375,144.14259275136902
102.33733083417758,19.41008526871294,110.95496079161921,1.643527218984718,2289.465865848094,8.425883794336675,147.65254626270172
142.6180256978455,19.364150691043445,122.76093637140431,4.5069168005930385,2410.954826209365,8.055031112598632,191.55887065423624
171.13074629775534,32.481435466103704,131.12405959573096,7.674427177634878,1302.5568360796626,7.310758817345485,227.56071287774265
204.563692882574,19.993379054804603,172.75409620928252,4.477990158377357,1464.6587270860737,4.632296374090289,256.9689973353009
142.2284098924431,20.264946930360225,75.75172925648253,3.972647579213207,1360.484321117246,3.239391201607158,148.18268040134973
165.63367903328697,15.013067815225991,171.17471777399334,6.358201502592807,1538.1423511992066,6.087304825848486,208.7358499453396
236.86773453343915,32.41338068251035,153.93176415449784,8.849840760990055,2371.997661135624,8.76223293131641,248.8871543977061
59.170800722649474,30.851896264182695,133.3806221298439,1.4282487329150118,1862.6688504090423,8.837774582085865,185.25333783014653
113.10923608600518,27.54657870181356,154.9291805603858,4.469233912297619,2107.287845986749,1.0849834507043843,211.10459914106553
228.3373964711381,30.005315278776845,111.80266084274845,2.4241666763373644,1735.1788541901728,4.283502838131507,218.49593768679978
273.80170942179984,18.040971348489837,70.75963789521869,7.258188256586827,1043.2868700041868,4.6472195619874945,186.23134708266153
177.9193605289165,24.16647189175151,149.8647860398051,1.9515210438802137,1096.2932289967216,9.776153675237532,214.0564998593422
183.0283713163289,22.02438774697562,128.70084600284332,6.983269827222201,1806.8845469018288,6.779980152425845,209.13247563378965
76.79300283494402,16.87553052514033,145.90622008141634,3.575627837181166,2078.1835522300385,4.072464172620705,170.6936683453866
161.85309170586368,24.72260970429848,100.6998171542735,2.7902513236350224,1322.9957912930972,0.26057885985593,179.1381237025572
183.15431661375578,33.414793006852705,186.02998660097538,9.427173020424869,2082.864360988456,5.65385160099196,273.2406884095728
110.61762590868241,15.80118238101389,138.10548028633656,1.1667211907136028,2215.9986602252684,0.9607597563835613,174.93394019562373
117.31080773734524,20.829218269875877,62.81037264363107,4.939995447006121,1617.8462175431669,8.34449957347763,127.39231093619038
144.32104077615566,19.150818724114067,117.4705986056643,1.194642932156144,2119.6288492661574,7.525186605703621,171.59803676455485
55.01779944443159,19.762933073313924,163.45340821154514,5.3523374329389615,1606.0449254926898,4.605091599081788,202.74841949492978
130.51979139579458,33.16869103758751,169.12018425984087,5.5094264001497635,2017.52594418253,4.292107795416998,240.81506388190147
102.86200174913617,24.361381084685803,124.18955791456382,3.8949622425527233,2145.9955739793145,8.973389655687686,189.58456265454186
131.87433804447866,24.325988258796375,184.21213562469515,2.1894559977252133,2487.8899274621663,2.884583504181284,251.71194191284323
79.9405329548128,30.211512849105645,90.15026557914464,4.387487839610278,1518.094993095394,2.490199621067708,165.53515398885702
272.6318201849738,18.089844080098516,111.58980458573998,7.050366459393095,1616.5611708619172,9.391974328257621,221.17870929129822
198.39811338851217,24.745307082001016,184.7895365853455,8.041562277800132,1248.430089115257,8.092458367534826,267.2711015527301
219.7755797861224,23.599704282421193,184.43850747073682,5.776755421493281,1306.1095876027102,8.206255930671947,272.59922547941466
247.29280965183457,26.93821381093312,152.85691532370214,6.3085095499578,2040.0925038975665,1.9519381427592553,258.4955382932053
174.6105497322643,34.99115406500877,178.84708206833304,2.8055473401218745,2375.5683852317143,1.432959914309344,272.4390116249833
71.73007202185592,30.38897788164094,63.3159900434349,3.585972999048845,1591.9074274918607,0.260295498171349,139.1219516206587
184.27663545463693,22.957314060348544,179.74924643116645,2.4570604904712257,1269.766670253312,2.3704150891868006,241.18840104089887
196.71027950521977,31.55106104548094,98.09298598253402,3.243658150041502,1427.649249074491,7.7419049171432475,204.24423534650296
236.3598685460825,18.414167266249603,76.74972686423246,3.023981022029786,1682.577557212208,2.4003841876414977,174.05671807902402
157.91488655741983,15.609273726179202,85.90547545130696,5.675039077521138,1435.9754940480525,7.291032835948762,154.02794956658113
81.89507569889093,19.088967449285462,112.69527620208306,6.0641988021165645,1350.3686246827995,2.5190826536742152,157.1657967680337
120.94397644968112,21.808231122285193,87.67880069067007,9.50452678739354,2103.9767331356193,3.952924979506717,167.03931320091888
140.77057409965877,25.211615149191196,98.08513790247486,2.7601358239137075,1011.7673818609347,9.831622899114084,176.1093263917864
211.4793103329003,27.302582810823996,70.24677291074632,6.7750813914534636,1808.8457910047246,2.448117312841356,190.4282814091292
192.69457616722798,33.21211434428844,94.42651483384978,8.355333420887707,2190.6502105446307,3.7637062729826765,210.91180833464378
139.02418147446156,25.197080191009153,135.84257218130017,6.0421731740474725,1399.3424294762024,3.0108718046521368,212.550964185864
296.62881219824493,25.025512892514588,116.2780562136596,3.2950328725096814,1904.937265918026,1.0962498633000228,247.11814122960402
201.4437048392218,16.004860196459642,102.00781418538668,3.362952070180002,2003.3501584279265,4.898941421308249,177.83012392961845
109.30669793399862,15.698231053124477,161.9678193285671,1.3532774776389993,1982.537044607635,3.7869066333300228,184.53758711526615
75.44561815510093,26.023199238327443,184.0264957089977,3.7489980389363353,1668.7744512980767,6.948870858072801,234.26208894443775
88.21478479608301,23.76357226496689,163.51838343535957,7.701433111030421,1519.8669818136686,8.175945469515462,206.98134551518618
111.48943209612703,31.783607899605972,99.80010531765188,1.4276598148639934,2253.88610954172,5.442497144956385,163.7007877752628
90.17034331488892,18.213591694236904,161.66632517563306,2.973657542543476,2137.668935499796,0.3219642208733686,180.80424396863282
96.64175601282645,15.499433242340992,72.79702737110767,7.3560924867860376,1481.8827601208689,6.189223562347216,135.77346780852875
121.27379217346177,23.980775358602518,69.54769821369364,8.04386406540589,1154.5287916633092,0.5539073002093919,134.89676507940868
93.34339882368872,19.74957113504515,101.84405555542384,5.097865690557356,1107.711318168204,6.1635632359902495,145.92940511655203
274.1913561566063,15.992287466776748,171.15535535660854,7.28266904630784,1141.413966848404,6.850299492691885,267.47550655755094
70.05843641541055,29.49196573695258,86.95223708634528,4.491569517894028,1874.3040417880643,1.9776762761751843,158.77939070448855
181.12784739256367,17.231859999144948,59.48801133480194,2.4392192052171477,1077.4932637434845,8.19346148721771,129.19620599645816
152.5992067474154,27.166390000155435,69.75643028095327,4.583345441706159,1505.3903124460576,9.110851315740486,153.6150038297305
295.59465422715164,20.620995003337782,178.81174527943702,6.2197103818282855,2129.799552871344,8.130869641138197,271.5669247814704
78.00972554201309,18.46992100710044,145.06749271209316,9.532479536676012,1441.5222497730672,3.0510919021208216,187.10028308665503
149.4638997614354,22.595030458386347,87.9801745054965,1.6187585687980959,2144.962115770195,5.866430124456344,161.37223412884484
292.3676083188422,31.028915524459073,133.2943737992272,5.5665468446046455,2118.200557310583,9.148151491912277,251.6681070916328
266.37678147349504,22.841871538091453,129.13694336380257,3.9602780038965193,1368.7406989498245,3.206647262228499,229.0979598130495
254.26801773731998,30.015392984221116,148.31539676609918,5.574805248490251,2093.2332701391183,8.20027822265425,241.544683320163
114.47570676123496,17.509725935983013,84.97813316324245,1.215779026388785,2121.664957408151,0.09475131261696523,151.54688142228574
92.72189684751646,30.45542839330158,179.66044807915966,3.817228192314232,1596.1808885005403,0.0364670278467627,238.13732068695188
217.16080498110776,19.73866649813297,96.40528431200192,8.378813327743046,1315.6307256122773,7.597116603389674,200.39985221452116
282.34399728189646,28.547862597777456,154.11974809643553,5.985475604691738,1781.9062103378037,7.614475821271212,280.4525705239756
189.19072325348245,26.315631096819928,52.41869695583223,5.055242435345057,2382.0963820002944,7.889771878522938,145.84328412591248
192.90317236747495,33.58289434423375,105.89856948412208,3.5697256454380564,1959.425098648093,9.300268378881624,200.788371282342
119.99477341507104,22.74645035950628,102.75647269382125,3.682382705122203,1259.3837464408919,1.1790631182028422,147.66894338704037
242.37323329798423,16.32330377668881,131.5226642874522,4.44791290231526,2024.1353871002798,2.3198498498368836,250.60345783932524
96.76093713938084,15.383109711025059,60.91043926657947,8.520136389681044,1640.8045409227518,9.037249203738076,120.13870122778022
130.91980910106093,31.53717121945506,168.51970605891626,9.704918861274415,1887.2931960330595,1.7723619777235344,259.08298653153616
156.3591096541042,25.494712753228644,82.66712026513528,4.947898432153371,2101.096052534662,6.82229267576584,154.588729426321
176.90259467111377,30.504881036698986,151.55567223230153,4.540175548729857,1772.4210272716673,5.304630000408154,245.0094001504529
110.60243310377007,19.688512000230293,170.48181848661397,8.618956982378766,2220.975961859963,0.8319367685150725,243.93875899148424
78.70920618480088,21.901674910264674,134.28154343622697,4.842147885726733,2083.2333689749416,2.8526366194153283,180.71214567923474
202.65501061040814,15.602077444226378,161.13248100829782,5.968163550660861,1922.6100100277658,5.203722164409679,221.17647522937668
122.15763831006394,34.22984649148224,149.27904683225083,3.0784749813887,1226.1892237485272,8.52350116683834,215.37491251344312
195.30955535565306,28.357358134016266,103.32946957280114,7.691522822011677,2253.923666367353,7.075384896146737,182.8780647450737
88.59067881855057,33.664101755186124,171.32878085503478,5.787894864437037,2403.858377979724,6.21883161454933,232.03160462971263
170.28502546370436,20.30992814858145,94.2052054828292,8.281310952163075,1205.4476857139423,4.960328899414148,186.61758846742376
183.14735813789648,27.229272224513217,135.6819376627276,8.026594570258027,1732.361694150146,2.986839838141343,227.00058207433136
62.95588420560673,28.569999365852755,161.80966087123093,2.935042914430257,1388.3331129557569,1.1924491131926118,201.39862495873194
134.15106954848017,21.35099400515177,106.84338647187613,7.440719955019862,2131.784961138347,4.090760345660955,185.1218318703789
83.60366923474356,31.9621847003126,95.41514114261375,8.200489671562343,2082.44445400705,0.28518493911292575,180.8200149860608
65.84374261819194,33.943229258004955,118.9019015259234,4.1149651670415555,1211.3276808555981,2.110558892668506,163.78773851761198
297.4900580974863,32.69710235392009,172.69452415237305,2.553482016120471,2315.5409068924555,4.324833758726598,289.9121488714749
130.58846124368074,29.78133951878745,189.4882644718497,1.0236894002162935,1271.4595959670035,4.186051856719151,267.2962825350646
252.4686114636587,20.54929359449908,131.76251192898354,5.058132877838333,2195.888538472161,0.442954309969924,217.91093659518884
113.66016369094096,20.632320842112634,149.21993079854778,4.171894583849574,1685.4705394420073,5.890601535252912,197.33771615991552
220.3756805559823,34.26720640892076,185.49104333583713,5.9941885044286805,1492.408440337227,5.496842558532363,302.54858227962814
240.05696497242164,15.20568991871384,64.78202771194135,2.6923698332990718,1237.3588940113202,0.7810430402091284,170.1619340393033
198.90968515196107,29.32099946484289,84.81178667992475,8.736989928998277,1251.421384219944,9.431630524604394,186.63087464316612
167.8940471375396,29.124923251105244,156.33500093773736,3.319796940652987,1992.8358320513505,0.9938277895086012,236.31330521499007
152.9602285368171,27.453790818995948,173.56166928684496,3.0378664457888496,1825.6455819206808,8.54834151237336,236.34982671839916
137.21706663574884,34.80217692173731,178.55435424958668,5.326426508359203,1183.128132476849,0.0030973191500593966,246.74871135188036
282.38228606195645,21.237588715274505,112.26607652823989,5.489659213698468,1169.0467906574877,8.822810950453832,219.54741557264478
257.6548519469323,21.799437275864964,63.40098534378002,2.9357670590658356,1108.4658621591873,0.19719732204312557,170.90660562626434
291.25672766662814,16.57878805893111,115.66722159494299,3.446746540533242,2115.6510210603165,7.57812031892116,218.24220200883352
81.07430587138619,23.85596273087475,84.61018853105807,2.5273471523972044,2067.823127843934,3.6169081130025296,132.69244137964512
232.71686880091107,20.220970524696963,93.67946824949362,7.4661416049085005,1087.6464862818627,7.3821680013631985,180.74040120616618
284.58511420525946,21.867734043552886,165.84013352562587,7.930801281286737,1840.4051133954595,4.017452054249785,272.97012117572365
95.30826654141504,31.691435805112555,61.32906290388303,5.160956477133544,1127.014232864035,0.7090792233184173,159.5654679833235
66.62406684169437,33.70969027054991,174.1371826221053,7.426783204165157,2355.6186559134126,7.675066953953641,231.41080106182577
235.28016232251477,18.71466144010371,114.15036287362535,7.62341852743701,2360.6761287701984,0.7125268532136497,211.2723192523024
193.61827829497798,22.450178631069317,139.40958966508924,2.2444797491002775,2047.349484719695,9.22120435961218,219.80233750538764
260.457194189568,33.572611242307886,63.44783468535185,9.69560222351083,2389.283382159175,0.5097403579166138,206.58604777504166
84.94309415657237,16.236169213784454,100.60386175359194,8.389287523867878,2217.179545620536,4.793252777715154,172.8169084702323
248.81682796497256,16.84721056222757,63.45513785222687,2.8403511507624115,2242.807863890574,7.230344308507957,162.19199529671585
100.40683001193614,18.255819784124586,194.23155843216642,2.675485321714632,1854.5617758548997,3.9324646479203773,231.98985792826142
90.91398571642613,26.904256682537493,171.08924739893757,2.1309503102162446,1459.0887973242639,2.172334745924347,208.04984567607028
91.06644948274823,18.00944542011995,118.94491315346903,2.2454070628772653,1326.6986726746322,7.590909613960271,162.86968269526992
253.64368005784553,34.361527629014674,83.54038224855066,7.7334561912582656,1490.8000330583936,7.8429470478872645,216.74567495384343
216.29930517405003,23.934290545170406,190.01826578747784,5.226888312564612,1942.743145133593,9.226949839543671,266.96656674898543
180.76635619227983,25.03035920700333,101.68948935904577,8.046407554658805,1258.9848037485983,3.761651104310777,189.8394187083878
139.70762103087563,19.93317231610813,74.14766475310621,7.716294049151848,1387.9603549559824,5.062517344973268,145.42712506511512
269.3001352032771,24.41920504869467,134.47465826809324,6.441514421546994,1702.0912941931965,3.63128442846072,247.29367060554625
148.11127685565884,28.23827265274023,191.5661180517224,7.177299459208116,1349.5751477869233,2.570818218513682,267.10141767888393
254.14985986789426,30.023542739080856,50.57454357504839,1.165201519412276,1882.9655045740924,7.510329615376086,167.80944820637166
159.7837271425546,30.07736165419826,85.7187264880998,3.805998821245198,2384.7640426844946,3.3965184501695544,180.18208760852616
144.2361073562269,26.557822253881767,190.76714606156114,6.7403996133346915,2122.13404855469,4.28149441992352,255.92645576942888
165.6699464174016,33.08719549987714,75.6628950285743,1.0841045813761978,1999.6399212233696,4.036736576240278,169.99647416402848
125.34446854103552,31.348156946122188,66.98651774597298,1.2967924931433408,1874.0822139756683,7.1266122564674586,143.98878363750435
236.90234504406277,30.140962293972507,135.52808236997066,8.666991842233449,1731.9218638855973,9.177956261106798,246.0931879255219
175.6800975231198,16.112110433609214,179.2765734942245,7.156223755228646,1279.8457894519895,6.667560613073773,265.812217053728
108.05317378670432,15.137559244392985,121.56647265408893,3.3883275980830954,2342.0656831402985,4.715825960942325,169.5946856959218
274.89364331864215,19.248945543909457,199.18463850267872,7.1916655610683815,1372.8040030192544,7.792051147388834,295.3751052523911
145.97280534330287,28.270471878269046,151.87575493069892,8.13211002225337,1136.963316367241,6.409713241221375,232.41167947486508
185.88821527849714,23.223949777650915,61.11123608156716,3.7611485479909113,2125.0227688430427,0.6061035711781348,153.3325007303875
276.61802774113676,23.048125185986237,198.92481975229632,1.324336397492687,1263.4233014967494,0.9566358641884165,299.33454550195876
206.05949897849803,32.691737764592276,111.18413551702857,9.39501212218961,1557.843999311764,0.3791694407363333,223.60725457243183
79.22451017709102,32.91125696263677,93.11038007682238,4.106618544660675,1042.4273924364695,4.568163262063198,171.18709829112856
284.9580309033688,33.18350528107172,133.68187753668283,1.9583358695623574,1205.6019138106722,8.258534343389648,246.06470763635122
206.92701326785448,21.277561530300545,95.64613877312965,5.426711842538326,1259.805446139868,3.1308316935135205,177.71925083347008
133.72640366427152,28.821116254785235,62.96862606802285,7.916210160977204,1081.615191625267,3.8416018309248168,158.45330820798202
84.81801816584681,20.432663625487393,50.21425146187651,2.9948258315580323,1984.9854349342677,9.094771083678907,95.63135548761042
248.506297317574,18.812196661488997,117.43750293803934,3.4254104512002703,2255.511693704676,8.369034453166549,214.25391585132988
205.01818898212838,18.692649146947385,175.52951333398886,3.1844348811872485,1559.9731095489115,6.6504811238256,229.19002994089703
183.36527299408039,21.84215241727188,135.8472778445115,9.925057475485104,2311.8647150773013,2.668037820922513,221.40037796567617
273.4731457627394,23.599152395596434,199.88109484151613,2.776633603574883,1320.0198618401898,1.170414826884435,275.6363507475699
247.14930280613268,31.61898342110137,93.02699684708,6.179681952695116,1488.0856353418592,0.16058822680113716,244.49177460785657
87.91871993318779,17.39782186945424,92.06825971400829,9.327381774912679,1226.1054895467526,1.0701067260442088,135.15928212507797
127.93051694888706,29.698516947897886,73.96241903509163,2.3220691199000134,1930.8387931284979,2.9259644362394277,154.2378367464876
112.12228495361643,25.629098283786107,74.60953823980027,9.737687780809303,1629.8043863054604,5.517900635794957,168.17704026323653
235.98657314316924,20.75890685351985,92.77798940150717,9.52729510956062,1919.925020262848,0.6400008275238689,214.09502267619155
58.38310868394485,24.856391690656494,168.92600679102907,8.961147883524363,2142.5123580912755,1.36227778318449,224.97992838736187
192.47242121782912,20.998841395540452,185.86351859546718,2.9310086919700202,1818.5545240494225,1.8108070230794104,248.3522423733176
240.61467143517262,26.921639104766122,196.2630754561522,6.70649550409885,1941.4455323526818,6.319820929833062,302.22418152397927
269.19140919043735,23.676878457104884,84.84344811446789,7.848023256651161,2402.8754715914993,6.157897989801244,215.70425830396934
135.52043717897686,18.288110581577573,182.19463184211375,9.874251353767868,1448.5964644132646,5.507657263721529,240.8588656808567
255.31432616800322,17.331661491113934,99.23826339160055,2.6238143987323337,1538.7459079509297,2.505014246959396,196.46082186750508
77.6579342388018,25.9339136414426,66.92608167753266,7.894233095673668,2076.5550425640054,3.71119691218732,135.78586742005854
261.61307293362955,33.04826066572207,180.50373882802484,4.049210529344016,1916.9582755830802,0.9668971633774304,279.811672710927
81.8721655829956,21.87915373115371,145.4158451965428,2.580638190112021,1267.7993568095721,2.264606037580549,197.64913825870354
149.32182264009182,29.660002144452463,74.70963441215926,4.792392470924694,1564.2209650157351,8.977052264725804,175.40103821396696
249.32384144488842,28.173227098795337,114.47468862695038,8.144523209337548,1701.7570196870724,9.796917464358284,219.58975429879075
87.47935683719345,33.63109828618962,93.08865423156016,5.183648233336469,1629.084756952584,6.476595856402946,165.0106942666053
107.31284880816037,31.419620345982818,160.51918530652955,5.837707901827437,1267.4122124830612,9.168232920234201,220.93052501056061
230.56314209826658,26.33210517810926,118.01243459364021,9.95643469180109,2386.6451376763935,6.427419004014251,229.22293919110078
230.00913413651858,28.140609964682145,198.39199176595775,4.591983696016834,2143.4781425409637,0.3319648610546988,288.8751386332091
210.28690822132432,32.9677293316807,58.21174733893927,6.538606792383159,1722.0337481617785,9.96762584986409,185.1131471076894
223.487111116775,22.990375691738695,103.252289920437,4.287197814538347,2020.091542460255,0.989523016865349,193.78117292968722
185.68111083689905,21.535894117155546,122.28502506649662,4.535070816958345,2345.924008203283,6.826418014450607,192.72150520797166
112.94976472673818,15.216221672703927,125.47003321224797,7.260766781008673,1204.261213542357,2.5283620307479007,190.11736089203356
136.42399837597986,31.531021483829285,97.39037335784552,9.44098278485395,1375.5595760604665,3.9198111290696014,186.18276216329537
95.39942920035642,31.019614008067297,159.3860373646352,5.881230554430893,1814.0518708849677,6.459341848009382,207.1886200547724
277.11264033340706,17.089090362003027,181.21206102334622,7.9155993605390185,2198.515557028538,4.36487349307707,271.93157012930146
195.84794869153012,26.537147622654004,190.80789529667945,1.8028590293526743,1054.3823431622911,2.5054605893112827,257.36764737671797
150.21285419090998,24.279633963337748,170.76400651992893,2.9004223368873427,2476.0272252945406,3.344461868783247,247.7248078854526
165.50145091103317,17.37418191018223,177.58702959598992,5.519184768275792,1682.3599043235959,3.4154811692317635,244.7249426997255
286.82083490295383,34.61136454121447,132.58179509299933,1.1801055126589732,1538.8467109325845,9.593239045082138,261.1452244480718
88.33785077902004,19.29391774926711,173.88323396402217,3.275694808863029,1439.0866567596577,7.98613015923451,213.1850533039204
196.5574580041993,16.344683601811223,95.52558637219283,5.656611608424695,1261.5350614763074,4.5854877147940005,185.91071810028905
176.4721697211165,26.89694759003819,109.77181431638216,1.1346507843067064,2187.3608633950416,1.9982092034136412,184.86862118239145
202.86355885866195,29.777333542660653,97.53695207278165,3.3809165760343753,2433.1212471191448,8.11016110262656,194.14160317127383
54.52754595521013,15.64886892094374,120.10810031718881,5.626277375282825,1620.4671322680974,1.571824716083735,144.72647094855424
268.03097723603787,28.174352774540445,92.83694243579546,6.158343231831211,2428.631042130184,2.104622171420034,215.95713343810084
283.0295706209031,25.645837519029087,194.24171633816704,9.331765237497748,2235.6964231525512,3.6601339184015114,311.91690680679545
191.28329589730222,17.06530017750097,96.92669420085022,6.80811060925547,1721.5766912144775,8.803481958519901,179.52776086592468
224.16270596922305,18.45047753892724,64.70668071664097,4.732622222769944,2011.0392686891992,1.3178666863411026,177.63307050182124
280.6248452943239,26.359485946321612,129.022574907562,9.37316059419761,1652.4762687556945,1.2223419285452608,241.970687273191
226.80965857834966,20.92715227026577,58.56486176677645,8.063946850490147,1838.0851123188286,4.939749883052659,173.6220878833987
88.13476072856534,33.76631457302632,66.58147494628707,2.800080290014728,1087.0695055277556,2.7641054109367467,129.26429890206217
194.0720900417033,31.374804589681016,82.90840837943693,2.177581252139378,2044.3952129507998,5.687279416481599,183.15263851425803
201.67876159571398,34.67134413027326,119.65253748232125,7.082304721684596,1079.236966726205,4.516366846832235,234.70090883895134
156.0326678255965,20.19341677900828,114.98763984635418,6.038948490192855,2225.627420379474,4.349591063512168,186.29936801442108
234.11105890618072,34.39447265595954,169.95377930041866,8.1070625241348,2237.4203941908363,1.1197297048699328,288.42841712121435
283.59175369225375,23.624677395831156,160.92119808261702,7.649245450708178,1355.6159313343219,1.4104969024984015,261.95865163202296
281.39212822669407,21.95037590627509,113.9477440986052,6.626903804717635,1485.4941715537004,8.210785774468501,208.98390088964965
162.70984285103305,16.006990539387065,100.05563113634449,9.87743954466003,1721.96556783744,8.858827375717444,182.20763633548037
78.30951146018882,16.055305157192052,97.4703176092248,5.802307570993678,1894.9943603987222,2.346835328852502,162.21335380034049
296.21029974058365,28.840225118933095,166.09926309410133,2.0179518085154786,1431.0304926129952,1.1346050152476905,266.37305076879005
259.7245216114835,24.158579888680556,57.81086093319046,8.454462083343895,1888.7296069478875,0.5341667193451061,198.04515688499723
81.16567030081671,19.530432520722115,51.923247426590876,3.266680261111381,1446.6806098439483,6.082976137418968,107.00341557396618
280.2104706543431,27.279406126504654,169.3316587889972,7.9957193332952645,1083.236081606591,7.153532125002055,266.6718069676296
267.4740905155321,20.057162365002224,121.5719563983574,9.613963864000462,1003.7913247478634,3.728099892032055,220.6419432388079
179.70951428151804,26.55263508688845,69.6321707830364,7.271159625679071,1151.7265868776428,6.796758674906396,168.05278436248395
197.81885893623232,22.184174939653808,85.33489018917518,6.36427144854821,2188.3760502460273,7.129588155595261,175.38571028224032
149.75067596753257,31.47104453223638,189.8755929646074,5.143475581075365,2442.1469685750058,9.353422813969054,246.3976478850341
63.69040970550783,31.413923215335586,178.9254463437347,4.279688793958629,1640.4492989218288,0.6487363783510725,208.9438799939748
133.79931041147523,24.547007962448028,156.4677575335959,4.177042758746526,1769.0259301749143,1.922917232310798,209.59799657641372
250.71336214950287,22.016382186700312,122.33378455059898,6.727354351386316,1220.2722536101392,0.6852598759698814,228.59632292069963
51.15800575115072,22.25119593118189,128.04854392870786,7.761458052439713,1826.5470290202356,8.679939333361105,170.9350637352923
133.37479292278604,31.11429051336436,196.2866802925938,7.106653625359729,1216.9823530104652,7.925871600335686,256.38517446252916
149.54217339773584,21.563589655952242,194.86556658264305,2.7856909107420647,1916.821496798245,5.74642070621839,246.65117617424983
184.3489007344807,19.18118747413692,82.29035686787515,5.4458846212914205,2399.8880013712806,0.8366341005118316,180.58223231954608
279.9639041031901,16.693766837506136,171.66568494579772,8.124760649647566,1293.5478089545595,2.733123586537196,272.7736896721316
136.5864985914903,24.333862417688167,79.58639992505252,5.281336703701506,2146.845577085653,2.9771984805851694,158.30054175140728
136.73830047405693,24.64264197839684,82.03062168259271,5.829609517619445,1035.2536342274861,5.607431960154171,168.8166808461102
234.3753120274371,31.818174208058142,151.4139551246865,7.9402244335373995,1563.2458619824315,2.580438940367155,252.2892371187607
163.05448522245177,19.42477392892128,110.75016478813225,6.951387756385824,1166.1227617457635,0.7295986391295484,185.27466461176812
106.1512057349955,22.619825473367996,189.73166106597802,4.684104287941533,1528.7131623935493,7.307623018532993,229.32137281873307
163.10987903317334,31.168114777873818,63.35146023440132,9.05871440074797,1260.3053794583252,2.9908021165541134,158.1394099819909
85.21425509494996,31.47247221497947,126.72884612142396,2.4631036179713073,1559.9574851843313,4.5237417702330065,180.74157144644457
94.09674662655583,22.692221519575362,187.77822956646818,9.959648037312922,1626.2842091612956,1.2766663498230535,219.2738744295882
174.59194318486993,24.18248046573362,185.61704907192578,2.0696732062861347,1450.8866841713775,8.025483033945797,264.2951016521737
154.73136237613699,21.06571781698566,73.47938201236119,1.1345497399381501,1984.9329242096937,5.655318769240576,135.83865910752078
278.711475267025,33.65109756838624,104.99565501446847,9.010170110338882,2378.2780768883645,9.015856262098628,257.21672250187993
140.59847477915827,17.372875314831607,142.86821000700445,3.204581575293605,1600.8930611579085,4.954715630653333,195.04785992636974
195.14708756951086,33.6749884600294,73.90923271571033,7.567296647020488,1288.5147347125321,9.414256718178798,191.8371308594018
208.0660719798826,28.677329036706865,195.20332580686082,8.299138374388624,1406.084137293975,8.91868204381326,276.66158181246306
53.27361414708341,25.631443053734625,187.21239930914905,8.730877519289052,2281.0012352445538,5.764598564592339,230.419923418434
215.88434300417765,15.653181215689917,75.04252685517038,9.9243481209775,1857.4595849052218,9.338934381498634,178.67814082982497
94.50899171743785,24.511923836440168,68.1733191891478,3.6463573903599915,1682.5165484604358,3.230887472945523,140.34706690631978
290.2675793673638,23.154962100054647,62.81127242123979,7.392190077345332,1224.45508226339,3.6564216270421133,200.21454830372292
87.16568193827824,18.22437623950245,186.41654960549468,2.038598724527454,1674.590962485673,0.45477951306036934,211.13517114223723
153.65603093175594,28.12819207001314,79.04357146931912,4.661283622211645,1417.73800503608,5.892009067638531,160.93239655576443
71.33741701966096,34.42301814736572,112.44273928165322,8.631745239813313,2414.744691780024,7.219239699289334,170.5315405131354
299.21856296148684,26.243776221290503,117.32770484780045,4.308922414531975,2326.105164123597,7.735191902421032,242.62804641649217
175.54875258281066,29.295065528878915,139.85165663203514,6.319858424820526,1125.8538127422971,1.498162860461033,238.45467953191923
198.84625433001094,16.369009051320337,60.760301562113746,5.533960993521706,1774.9802338918644,4.441590723125003,166.37253501811875
66.76911934710687,23.353339916339895,84.01379261007739,6.813563780008406,1337.587518272008,1.7686321209391564,145.74149264860011
237.49011759979444,17.32716970328992,189.7235580378389,9.756049504489255,1616.1656342864358,6.621273488542489,265.78563206933876
102.47639827389645,27.255916710730208,186.26151609028543,1.501619738512619,2315.2719973771846,1.5794637242176812,215.5090975972688
274.51357236017844,33.769643164283096,167.19359711085383,6.165653657514667,1791.2717798328172,9.041636839560748,293.5731139289093
101.28491012050179,28.23555464943277,52.910186842732315,8.767259013252563,1501.3229400561397,2.3063464566141336,121.48817949502055
97.67193016591665,16.53606096628843,99.0510152744153,5.332444405735847,1311.8325311574956,2.9140226628824486,146.77198448364766
59.13741696202372,22.093324099701658,144.19381030143617,1.7067446734741554,2200.487289109734,8.509063221509997,172.55312351428486
168.01673627749983,26.01326758881703,91.27853176602136,6.044854171750938,1936.7770230465208,4.584676101457238,180.42412063964866
191.2102833156541,23.064155122665042,186.4380042580666,3.988665017414384,1702.0981906393467,0.23995945800073026,257.72929377261255
66.4271598570881,31.672880209503447,145.0834192748663,2.394476068041423,1326.2265307944672,4.945862512026458,194.854153196609
243.88190417375264,31.293420094199785,60.78600759746684,8.641310619551257,1501.369561235697,0.8454333538012304,169.44251853528695
163.3222086870069,27.23662040206443,186.35083832535545,5.694395616920095,2439.765140107778,9.853447186873106,255.4204208888035
181.09756733189502,22.469158902654105,193.66499872643337,9.3994877114116,1780.1349064087515,5.881115704556024,245.08793917694035
160.19068673455703,20.106727475264883,61.65686275875882,8.254148541427622,1601.0489218648795,2.5653261761097843,158.29270000971155
150.1907652188315,17.117486364262586,129.85403522919722,7.236746143963006,1782.1330635224858,5.637176795476178,189.28460575459786
189.91008282705448,22.09795366973108,95.50464233212557,1.0452295302878074,2168.4827588494127,0.7686710338175484,155.9963910275456
88.81006148267812,23.263450344154393,108.92586147221036,4.8504111097442495,1510.1634047543032,7.99891304268817,154.25852887260257
95.48203262381779,28.51645850208147,76.94768269330129,2.777376534868291,1268.0591813989133,9.253280538641636,135.7409214662756
265.44640525337934,28.16319648595147,136.71081530186189,9.19718119943981,1877.4041775085716,8.744443882061596,265.93131353484654
286.5288655334082,16.402162792825138,193.6969029873336,2.5712558620872423,1997.8061552216009,3.417576022985628,279.91513967975436
143.32732906993823,22.905186308623158,125.46089004074136,3.5745404649335697,2069.077004437824,3.257681196433685,195.82753400054105
117.68616828588844,18.63557734434724,62.43718720917217,5.651530909610493,2322.981386149195,0.35087611216299996,145.79476914726902
210.99988580975395,18.136254106336114,143.00020002161125,3.3702725709827135,1556.7611810336696,6.514003587009167,215.54012975100267
152.18354277452408,31.54604299474492,101.03344916768856,2.8887820955120906,1113.0323443433376,5.349047841897949,191.67187122771136
56.346588915086215,15.838304334325152,178.3887784386947,6.391893925924772,2437.5228754464133,4.5934637132734135,210.57316881239493
89.03814934154758,23.383657518042426,115.20172224747053,1.8003657047952148,1652.5178911562127,9.07630953334707,148.45122636703954
228.9930572118494,18.364073115330363,78.92594134133684,1.5235098284883226,1934.886264509697,1.678789010828463,185.1920133665
214.73098547753784,32.58660431356948,78.66584340367174,4.350207656674643,1999.4579846924385,0.09666266690182335,179.67985898512927
56.773998125870875,26.140810265500704,165.31462710817405,7.485980090570761,1819.7705630518053,0.7331645212076543,220.91370206397133
105.49304048323737,19.62761272753696,89.83813974610399,5.993260824465532,1307.886294604405,2.233714378273689,136.27454971310655
107.76869914701786,25.04854574332753,165.08500912388345,4.8058882162010095,2132.7145751742123,0.3328554926345695,226.69458137615328
217.9731858996821,29.629727194062315,80.88309661498991,6.091764078021241,2205.6279614561226,5.028437106431355,212.2427381602308
54.92763443859104,34.162360178388674,98.25295530519641,4.289063361879462,1829.4633790261596,3.1409045523357806,159.8610094834587
76.02714549614346,19.40892008490838,119.82304586595491,9.425317018889016,1732.8417408772623,1.8048300806813267,171.63030651962998
249.97902134329735,32.723635442586904,191.4793774540176,1.494144018196969,1170.907274691978,7.500840749486621,289.9467437342867
94.6361655135834,33.686082283349805,189.7597137130737,7.060523311268517,1125.9274922496757,2.0445132623253004,247.78442446580695
213.18652696296868,33.32841089064132,81.03078131334317,9.021543983449755,1509.347268345293,6.876051009937933,219.57974351157645
109.54569526168163,27.708287137238194,103.73285618646092,8.234962378617281,1466.2692332760898,3.492649058476389,181.99048542266607
74.86034818983629,27.596413088694156,72.40990826806585,2.6563693133930206,2430.4846764449067,5.118277606625545,131.19352479860058
110.79304774986352,23.064212663676457,126.49776189702457,3.663337140822595,2175.4341136651447,9.338670398513198,175.63779486885545
230.5667329639148,30.04795764607576,119.08738260419999,7.453431448363943,1989.88644288859,0.3735163481581283,223.88225534834388
263.9241170265714,25.625880367018638,185.11402436760986,1.7584350326268898,1776.4721335264076,5.002645074774619,268.99821707993163
257.5549661417479,28.54876142456589,189.50080666866089,8.306755298493258,1251.051296089977,8.544229603276182,288.02704176524423
149.2958824046137,23.56915807697591,107.53510865109382,7.470162501443113,2467.685008276426,5.879742483703485,183.23002180032458
217.02128414266153,29.629929280862783,123.76069145284842,7.566459843118083,1562.5610473603151,2.7687051696515663,223.8517687811313
101.24607385395524,31.48943035209098,184.43543737191996,1.9021723324083224,1160.3884036708673,3.976811351450343,255.28144568181662
123.28693256525331,17.92872513205632,171.0061711617592,7.459844903346077,1740.6983435736192,6.802656287285745,210.38291198236948
274.08395463027995,31.65859431148456,50.548446701697394,7.11836312697973,2310.997017419625,8.90811894313803,191.02282191136018
53.25048087768401,25.805930635806146,98.00893462753737,8.478302417396655,2330.9365026659943,0.41066373746611595,165.4295439880453
71.37713271361702,31.893318181804485,113.26613629041888,1.3743636063082256,1016.4488740846709,0.7153882189037641,175.59103692629822
101.97156378650683,23.626034126820294,84.45744255248476,1.2079960162101298,2329.4436171270995,3.2505152360958753,143.4600252589721
56.63305096845493,22.5808097076607,79.9357423843908,4.357063898907047,1407.2263262497877,2.32779684437479,127.76738006919332
95.35885877244934,33.30121465034445,55.66767598935195,2.339094554642376,1058.4585459526347,2.64930886222406,138.07954708120607
195.76039024242306,20.023385350968027,146.50545876046408,6.025460298131997,2271.685405544312,2.2126999862588095,229.12072002155548
155.3561376481245,31.884246505722864,89.37654357247484,9.25614011356074,2295.800133982312,1.9582504885515772,190.46961281413667
273.1679277692437,24.680411450188082,57.85207676469696,4.523317573006142,1894.346619763525,1.3062396686929179,166.81607975176138
254.3608904346102,25.281908851025193,84.64689657920954,8.604553395453436,1861.6506359445375,9.33954131795238,198.5320478507758
135.45433792446897,21.16936562978968,170.28709292541896,1.0021678706607982,2219.680408932129,1.4418946390615306,207.8772717649409
114.85585835782312,26.460844012380313,177.723377246982,2.516631791132658,2179.4643290654194,2.044037747655362,223.02530318940822
144.92310204181672,21.504223925524226,122.4599367789954,1.2738118568867707,2335.158210164056,2.4626572398078572,185.02005982339497
197.57373562870194,15.785388284833047,112.41060056130293,3.9533246246356177,1829.1211713950552,9.330148731304206,188.3658622312779
117.01591020571907,20.43997210688712,196.67805402526727,9.173706361268525,2451.4706390992133,7.557141336010847,265.3834852879143
206.0372269622835,15.127580868131814,80.0846989382105,1.8725691123908899,2494.2202464000075,7.896994303155147,152.98131631841724
152.3529130478101,34.56709574113714,82.30389242819128,6.457687990694203,1174.816914997949,1.0475825953849804,190.88710633504505
188.01179521299505,34.31494419639495,93.78007655545997,5.0634634520749975,2274.315639331183,8.363098750156716,201.45362515497126
159.03163228382917,22.9031059494461,75.91359774216309,9.446213911292313,1749.7333866228835,4.08193081817418,181.10593269618957
123.61643988547942,29.567417086792922,106.90483973062798,2.1026722828338444,1581.3495074497482,2.6282302621238873,183.7761450257971
287.11332674053915,21.9161219682085,186.62513404846308,2.9082506545200606,1919.6084648240726,5.757500835203105,270.0004417614685
240.90144853994022,28.42186314171952,142.30217609428615,1.2658777175034395,1083.9483358930106,8.221829058167339,217.1032474347872
85.02829394161313,31.10860086091958,111.79198229183955,4.905417246682363,1759.6916781506197,7.786521510749093,179.1545493983014
267.1169939744782,33.935124893844815,190.1616191856822,3.5004960960818887,2306.33585504,8.89997482581132,290.0462473919907
171.8577995623784,23.00424551699344,57.26963487137335,8.829153405012889,1320.1922742084532,9.281321860154438,142.73430901016187
273.6380567235228,30.665959659120954,81.5414266852792,6.444467318779796,1639.5848421541377,2.3812207142774957,200.62521477335997
249.9638139868288,20.318569012642378,134.88329076526384,6.526816641781315,2409.221331572313,4.238578941692717,235.73617177895574
156.30337611730835,34.80664607587296,142.33289347897687,5.787196271931722,1642.8457567085459,0.14628539205070012,247.8313150865723
55.61732708002935,15.515391975287024,55.93362598439197,1.826653035062809,1537.5514484985974,8.7932165926506,87.95026408819002
117.16933984623653,27.070576130022417,110.45581368606983,5.0051681535281975,1660.8049721850673,1.5457215147476755,187.58310570256634
185.40855366521674,28.19011963302654,147.3730947246309,9.995546707376649,1779.1791497763345,8.614748123426942,239.02563547922614
208.36955495653683,28.760911141482577,154.71058196051024,8.517063617614134,1947.9870161972033,3.2938732198659637,240.81004253424888
114.47192135830058,17.40775157578178,145.7209853774404,9.041131487504042,2201.0392013750966,3.681335899811382,210.02177893607197
84.83901851820603,33.77059566946261,98.08448365413868,8.409037233218495,1678.1533086464715,0.39132254483859374,168.6069853540036
258.7325591998248,18.623665581001656,64.02801853968643,1.927375240878844,2226.2214026352103,3.268787897653196,168.66674660733622
296.10054517588804,27.45506806479682,114.06686696290012,3.0470342865831967,1800.5809920281208,8.88363682801264,228.104467213445
181.42254557567145,19.453521582461697,69.31316560520833,1.0280948622076866,1507.7207655519665,0.2554740112160414,157.93224712612883
92.91982146207587,21.144328340425417,192.14354877810007,3.7315911239030033,1986.9262421791213,4.063274730467254,217.13116541396474
118.07683162984223,25.929170834562488,121.27562990339423,1.9774666211184333,2076.5833821152373,0.31399629812741137,188.19711059893504
54.597669136866685,23.343868371291528,97.58887615353014,5.255140107714247,1837.0734634442313,3.7092342510906495,138.39804016410602
278.5747016401248,18.204512019530124,164.945610667835,7.094147397165117,1084.9224597020852,1.7264064078029118,258.21955144214576
79.43777072253528,18.418728048416966,124.69228888733959,8.870547655342694,1254.8243127412375,2.5221839326837205,138.85090409368266
194.1291188785634,23.36289576325599,96.50510360186752,7.742954485818084,1427.9465813353422,8.77598373161419,210.36195817462587
118.5138051718015,30.145659565510016,171.79516135862025,9.447270362006547,1423.9384089272396,4.36049220621891,248.27650075372213
188.54450062894836,32.95929293695577,180.0728226501683,1.4850846135440992,2010.1312003703058,2.737979914019122,253.00851452569037
212.85509708796604,16.682553245187655,150.95122494330155,1.109618518748873,1027.5229925104488,5.893383779505478,204.7223731982485
257.4354509268004,22.862078151188022,57.04466336115009,6.9520430245259135,2133.52266557428,1.4210695983258237,174.6635922459863
101.6053179401508,17.004911274457534,134.9484320249798,3.6041716920002163,1398.0137122103997,2.5939160742085585,184.8239160332269
52.74895716462012,15.331849612651958,164.49423679959224,3.2815091449519582,1465.0327693241536,5.462479676028885,163.2588457427263
84.22140751720181,28.234373652879132,70.47545181253733,3.9779837892441483,1791.8647419158865,2.3752304184806885,137.93458184464546
275.00466046202627,27.048988839331756,84.3006127076905,3.4281645210312774,1323.8884014084363,6.791277374008732,219.3302574462597
268.4725193906288,18.260382276297726,182.37426576022045,5.602927656714286,2326.7069703632915,4.9149130225952256,260.89409122299105
199.35327554257708,19.67625666186128,53.0182582779611,4.961336025017193,1128.053168989848,7.719890702546909,145.8576577023111
200.12921510841335,15.474155072890367,162.9090706738964,5.611856962389907,1666.5735434515973,9.482445357224686,250.4259901666249
216.25916863656386,31.698944113888075,121.06599387716344,7.054422503503925,2274.1334041823347,1.1580488934740774,238.67856552907523
93.8428196558624,34.49381192097103,117.01582382594103,4.484174580740335,1923.7658416318536,3.3466500998454487,190.90801683864424
278.60298648123995,17.709190735893817,51.06447987423308,3.261769184279411,1438.49427376395,3.1954906287840656,168.8654120983839
154.69263122301828,19.629504275305962,172.90973464497392,2.495804831278709,1631.1403116646911,1.5118291933725425,222.66915583494708
145.78463206237438,32.36819047893868,103.97373509548497,4.14526707579363,2060.041570513772,8.103031373334709,201.82207787249015
179.7294263207094,33.529275959123694,131.11484469508144,7.676258277215548,2459.891115045849,7.5987870403879,226.58422262629026
61.74149169376376,23.39254765613621,151.59510295034892,7.810344191003226,2339.70807756915,4.84425470834399,178.17351244822558
91.57084218901986,16.01244944538148,155.39443646568736,7.002148480157892,1513.6492125735651,5.377707777946096,191.23518645441337
234.50840410659262,15.787836673856388,193.39700882391085,3.1062535777618714,2497.296818931786,0.5954413800249625,254.99391810649882
70.69966698128161,26.47899732138021,129.70099298549138,6.29277621269228,1005.2569952965874,5.5550735232704564,178.69577999721614
200.78802736659705,22.85790217786358,109.95793264616414,6.136206954191632,1041.4446337126226,7.913415240196365,195.29736255860985
111.33727742033024,15.57304855155309,193.0555439737562,5.35839578298753,2235.760772756791,5.738275735838572,240.4985984740521
147.32390351049412,26.665047846251134,146.31653525382816,5.949810877454778,1299.194030249578,2.6530637012041893,226.37237625703796
122.17343419267496,15.22605073178045,94.72255344148334,5.426115693613013,1091.1539025943612,6.6754827233433724,152.59860181515688
138.9181791162373,30.747439162985458,68.96963681053568,6.089107294666974,1355.7221098547534,3.6148842996524766,161.02508447366918
229.76147629606137,21.128656454067432,176.3831752197772,7.439553591590159,1639.1502309712903,5.4487328428573525,251.57242888085568
124.28042890579376,15.805160060184642,104.32724041912275,1.9866537496309578,2095.849405650107,4.8756536327892475,133.36908821482402
191.6011600742243,26.767044419663065,149.07045820466467,7.746631769341214,1936.5032898268082,3.811750009651801,240.47927644293162
169.0126005497749,22.953688288661095,120.62246290488471,2.2229753511483477,1356.4318263406308,7.188779803941351,198.14311941057574
215.91779134066203,34.47600826714299,79.83946696925575,1.5996519856933724,1754.9056721508766,8.838761119858818,186.5673193016309
284.2074348311895,25.883973250074042,140.25299129306975,9.784717175993208,2389.321158097853,0.05212518476924943,260.2640542068542
233.14302430256257,20.504783620740167,59.10246034260235,9.612925919833973,2222.5116654756366,9.336165192303673,176.62986522257043
103.73509464768918,29.188777292679497,112.00136898067883,1.5439289044650764,1484.78467724769,5.115151360832249,172.17131899463502
57.79578376532117,20.429840050854224,131.99224094955065,4.98928097327466,2473.396842033544,7.007318803632652,186.8564261140579
115.56601107495626,33.0848658281513,115.40704611778686,2.6762044446979725,2062.9306006526967,8.556245661758771,199.1501696394481
198.7694826750637,22.49443941014753,162.30082628764862,5.3681040742097625,1093.6740335001728,4.671036923142699,248.39628327194114
62.856453371062585,25.997371255524104,174.18874318179687,8.471595186996286,1052.741069932958,8.349740733648902,224.6551307291755
174.09156180030908,16.011462076484577,165.6864611049767,9.555505972686012,1252.611923515045,1.7761981945520222,221.62029308941248
199.2107122292223,23.522424759044615,55.82194217177032,6.708273881063836,2091.78380207522,1.5916753447981447,168.1386192591549
133.5609727042402,31.6472707932199,79.11931556689584,4.185151004906354,1275.6083887636419,6.574713688561536,167.23207197414357
242.72805093645547,31.11297610726684,130.49112638956615,6.429930090801386,1767.2301538132501,8.701430055517372,246.98863329887203
76.64956328344294,19.486371177070524,190.2233060665702,3.808011754976053,1139.8901802712476,8.924261775360394,219.76283845483977
68.78444543395219,19.521581420211255,175.24351625781753,9.188412767488543,2381.3292367452927,6.437404583772466,219.56092636181864
232.04718905090084,31.346106244264735,176.38017625277024,8.833604167952533,1515.9409203753512,5.254892302093175,307.8177658049887
173.87282905154962,33.60796840338651,95.48122906395123,6.024085752516949,2362.198084840946,3.313930876965162,198.31253010841962
222.100599106934,16.907218425460073,114.41718456180539,3.9231902384232447,2417.3134628658163,9.800004155993314,205.66913415258938
158.70683465093657,24.001172788524507,120.60589209739061,3.640507080246805,1009.1929709705212,3.1969568666625046,188.0895468224436
111.6005083097767,21.74908557928458,73.60573750248656,1.3007619523455352,1696.202780798098,7.441861072315932,140.16778563285516
254.77557941854994,32.41376910914879,54.66021953666845,8.342387659227658,1036.9840835603393,5.319817999050008,199.27353650699845
249.8539697422448,16.670498293600374,192.03543491907752,5.053448917351072,2363.0391494543587,6.085123425253467,274.0249614906736
223.67411771360668,19.22251885116075,86.106887849526,3.9261963556023796,1777.6113171018637,3.9348055058862617,195.95420588667426
118.03628430749067,30.049366751729885,85.9923355585447,5.239993194979785,1112.4160190477453,9.648231254722479,153.31674630376742
197.5576667172718,16.02587697962431,62.506858065313935,8.368641914091867,1165.4150924148503,5.716823260992711,149.649094902704
140.24347423500672,24.850707614285785,189.27616279156678,2.1215278693676907,1575.2635367391085,9.3778763045879,240.59847944533868
72.89551833165854,23.842140693594402,136.96056724096582,8.718903894176446,2410.351289309334,0.07591416173914123,203.22894215360603
279.32839386556066,21.688023579774974,150.05552856880308,9.077579515975186,2039.3637273521213,5.726705831911209,262.5398051680214
84.20465772974035,22.891446306378477,186.73653308945788,9.520371235304994,2301.428299283699,7.171868897252715,246.90304823571284
287.55933845520065,25.59881173860466,101.84302533511843,4.57739193180365,1549.6849695099695,7.45080171162218,213.05229364971484
161.50144323948894,18.22734716776766,143.22609667071262,2.954263636339047,1064.8205493249975,9.049768817816814,187.47983012760238
96.28323220965491,26.439917565671855,55.81991820933312,4.362767366200286,2461.476455806621,0.044016090037862776,134.90854354323065
185.47523684458955,31.108646585999725,78.0158792346694,3.9962088660826294,1025.7594859935543,0.0033015925947643687,178.98872746683
268.23645896910205,30.20321859580318,174.68687076349136,2.5853852125257406,2421.4774796216334,4.722634607952153,283.6063074791294
233.0562216023903,18.077998093875472,165.01525345075038,6.465400030913392,1553.016135773717,0.2929370500537065,249.66240728181293
251.64028696536244,17.984989394829476,102.59640371857203,5.28961744457766,1015.1356075328223,9.745325536623746,193.8833385863851
214.69584167767934,20.363487354898268,106.52159416613188,8.791308930916033,2033.7358475867625,2.2206517454139196,204.96164683561813
223.0691411294631,22.221494526820745,130.03316503303694,1.2889862243385242,2470.810456047031,4.726647293648448,214.72427481737836
262.2989128913298,23.169111628169652,50.03615070277018,6.794811347996137,2448.438584256389,0.6113763001222361,173.6032605878302
112.41700221479648,28.593944336666905,86.18665040570417,7.86653990660405,1241.4055168036277,5.2204841617125854,164.13966579672737
172.35624091078512,16.13360864331671,81.23477129123216,7.835379122694763,1271.8717090992325,3.799561251474085,158.17388993917817
105.30236045490057,15.693454084521328,87.57244201246452,8.974665703859726,1848.30837192949,0.44660028877223756,160.1781420791102
296.91700199916176,22.838211258878182,170.8858763800162,7.561303685465447,1955.9572396424867,3.3512426669622473,284.3402291538715
286.01483492165335,28.94327384275961,91.95107848196648,9.350290554829266,2109.1268704987983,3.914360202228556,251.30940349743813
59.856702842126474,18.868706859129652,78.72819830752222,3.9939093983880234,1271.5755407082213,9.8992149127494,121.4310377219526
226.3937931289221,27.830089625125034,125.63951911895472,5.528884750763888,2438.5106301466517,2.0788587191937546,224.56167437046557
281.3120793539165,20.19656275880599,179.8467554559098,1.126716969546016,1958.108884433857,5.447796153700997,293.7183796888517
95.14383628183339,32.721722176270326,86.20245557562498,1.062618285729621,2270.5703783058325,9.873155491986287,157.45376196867662
191.98630763815737,32.91379888533233,61.780436418919805,3.161139584063679,1810.0985729262577,7.920192079401351,177.27456789778893
278.87207439701046,20.94574408562653,103.46071037744971,1.9072647742517672,1621.4152713848239,9.93367500882089,210.86035916839035
58.486494646449714,19.599875079264812,162.14777368474665,3.3419023114217827,2465.774359892494,9.682983146601693,194.66795202293466
224.35506681170997,23.226079441324625,132.6035817042192,2.5933896507555767,1873.182056229754,4.895395420941543,225.07049078589992
124.3372518431377,19.810631703602972,172.5190054361521,1.2566802235478343,2300.3103741987684,6.9637584987056576,202.64358375564717
281.0990488441326,28.447676865834072,193.9388221413851,9.183737317654444,2429.938594549435,1.104431269411511,313.50271433041513
292.7645612913419,31.52129369096571,168.89937151274256,1.0740081825000236,2013.031940512989,4.411488250468018,265.95052921633487
286.06662227835847,28.46184261822434,140.57046182656302,7.624739299033768,1823.4080177780124,8.090185422666975,259.0766936302592
168.55355416436595,31.48700894498699,124.00123820785707,2.369330982275649,1005.266276365976,5.0533532097714335,198.96391357984055
265.51066274732835,22.939843244149483,56.01036295224,9.2100665979964,1060.029461108509,7.026990328172319,184.47265286482565
261.1373496337676,18.126339414177217,197.6482968221062,9.035163456308972,1301.2768240766745,7.45751329984277,288.9347378533133
129.77511831081392,29.759018947951844,107.52216838625637,6.885110317323316,1279.0126477839929,2.5346914124289386,194.46115775582905
257.2288685376693,22.209490102831076,72.83423208753003,7.050107348205446,1382.1381927997681,8.756993729425655,189.10924133035994
59.25190867887316,28.42541650458265,150.00632830946853,1.048052277727197,1457.4019565464912,4.59822430909179,182.06230290424824
199.06746962051326,20.41287883963531,92.64324336431889,9.863844095022419,1540.0982403260923,2.1018510362154377,188.60107809613453
107.50220932192576,16.624592696133455,137.86674063965714,8.90049343218233,1630.8065351033147,8.654158817884438,198.42042649067756
80.1417214443197,34.85163590975527,138.0151861766887,9.055956031570828,1148.299507684022,4.178188061062537,220.7301030602022
69.23830040730229,18.124030158611987,116.85947313543038,6.933200833457848,1063.542897929173,7.503124383797197,147.21920815306294
224.07219396953494,34.76841987926962,175.4177923317564,4.103082357890829,2010.916673609535,5.480330722215929,258.8870782519363
134.96874094201655,34.545598651328945,89.74505923331645,9.042837841814327,1806.0022372646167,3.818717522345004,181.6244952111898
231.19169288219035,30.876362078160792,117.29488874266012,3.623652353360731,1666.2163033301795,8.098764150385694,231.49039303453785
66.33908519973559,28.18845924163995,130.6538192886457,6.064403890079825,1951.6599117525284,5.84469931644613,196.96608810056918
128.82258445765257,26.556141005021694,149.54370811509494,1.8975787510949416,2241.5191108053104,3.9056210242703173,200.19421974455793
184.8728230938343,32.322030907556695,167.59577757583844,9.297600671194752,1641.539363674307,1.0959787033512702,267.4248996055819
247.68079120974087,20.78879043238976,109.22109243173841,2.26693411994092,1961.679197577969,8.954453137667079,220.18861035450274
129.68812573301747,24.35362424969754,146.9070416144894,3.024071251573665,2430.358335752738,0.35469585341666554,212.8471334063909
206.47284410925226,27.387799387330038,72.59164296027787,6.023207423153935,2259.436743792341,8.631873483680563,192.56125112637625
271.4944370590468,23.22380951738982,189.8972150813718,7.876837001916834,1639.0012157536141,3.5996152488315545,300.42095197065225
203.96579704557615,23.54972908180536,107.45882096315053,6.57416175342669,1967.0752567221143,6.393387635014058,192.2651826474128
108.23986868840845,21.60569335004169,159.42821329646577,3.0892052152014053,1265.6063828739098,9.221997238356852,199.62188161075912
56.100195389134505,26.28463633369072,53.05116228232664,1.008487382747413,1840.7832773426348,1.5170661550389841,108.98549596871683
267.5247184752325,32.01149056030232,80.77807143572105,7.814355222766952,2471.992436707664,5.669504756388102,216.67638535256864
55.31735271259679,19.030567560126258,123.0623816485367,9.866865933199843,1777.4726728037836,7.64432862370192,177.2207649073398
268.67541817104984,33.688660775068826,181.73787015985198,8.289218082754815,2391.457448785221,7.575838327190574,303.1861922640386
182.234283506803,28.78175307496459,129.08827249260156,5.141859563409538,1611.002380754891,5.25631914599504,187.62908753611921
284.76692462822405,31.465464253600604,189.48057234408185,9.13390535259196,2498.267240776947,6.247394599064581,296.2249768004119
249.69580894341635,26.123813852600232,122.56953448741945,4.68862905806515,1868.8300528413367,7.575269941328445,204.60356515324912
299.48352763333435,30.59033402848127,123.5673645103925,5.724406758191208,1063.403491353902,8.410276377574117,250.70858565789268
137.67795386292755,15.324007946789344,67.96201827507979,5.2941679065611496,1880.132195037082,7.618130968758638,136.60342391262085
241.79707223278172,31.367608495590705,170.39843662283297,5.028614853989724,1411.859043519395,3.5400494318124265,274.8524563767062
150.48272840231056,15.80277718170733,87.04481187005938,7.976716923645151,1048.721983053842,9.967264010577331,146.96279692026482
169.9689050759772,32.79826752725725,184.94187340584728,5.740920165425428,2231.2799570419947,4.345026937193044,273.65489836589506
206.87636580459252,34.83925494477286,186.62363304955943,3.850454098226945,1413.5944554711339,0.2446470275893342,286.1890971564714
268.4192785465847,20.881349243535556,191.49651678112247,3.3234235089263047,2194.8228310697477,3.6261695158546203,266.71693810419
296.02086729982375,19.206371125715872,128.0345733654635,1.3397258527069005,1432.3263744338005,1.2778295457384325,215.28828323781522
242.06835346612954,30.307267277160815,151.56406771754666,6.248756456947413,1291.4895308106616,1.21442615728375,258.8046231642223
154.44169554183344,20.060526818405066,166.77738200924952,3.069652738609308,2460.903361156641,2.8153504010689434,242.41646423268827
155.33925056926756,32.31124766344407,69.65219279756984,2.3332052981474476,1542.4679916325294,0.5337549417726084,180.27229743466233
234.39557539722287,17.056851843149534,140.14357924962457,6.8844696744490985,1902.0643171647407,6.88512188409563,232.7833644292512
109.6942864420756,17.519103927587164,55.14468519549675,7.13088332039394,1914.9722392217072,0.7398888420190508,118.72448996282182
77.61852828284867,34.58303110201231,124.63491250830889,7.769394030318994,1840.7102232602526,2.0328955543595617,206.94022246938474
138.65553941019414,28.476777965400093,73.22640224303412,5.5321920670473235,2372.043615281822,0.9289971449411938,158.71268070968296
121.80974791352044,31.937744488579057,77.43843889431271,9.04649144683498,2011.6616070503028,0.6316773090303107,165.5256893088922
124.07703011399752,21.48658754703036,104.75713500389023,9.42708478058405,1605.5995061573954,2.677516655395417,157.5456402874222
108.40193776247749,28.52967499041209,114.86557500747546,8.266338458132406,2293.570576786411,5.7189896766037,191.49169903535403
60.523297409090475,26.884836546171943,143.47586367982808,6.720341338073685,1271.5943486739466,9.646855564468417,183.1267050857348
54.468483683353455,27.06300240245894,61.16426276577735,3.733488582320698,1816.355136415626,8.755566543496062,118.552666882326
296.9305974340079,28.650649190754432,125.5537641856167,9.84650429458199,2425.825557915635,8.759339254453248,234.6695774802254
156.94328343396558,26.50718346258197,77.39376953796517,3.467225504727445,1938.0964448206191,1.760670360376576,165.38735129917947
146.08166178992042,23.58124738605332,136.09627625476128,2.8239122979138793,2225.452675712314,2.649071934978201,177.53637295991214
219.91182067326747,20.51845388761094,145.61069183917752,4.979387024079244,1980.3410883177894,0.763933167953057,242.65667267824173
104.56347196626604,30.371626618264038,133.50638848292806,1.5115651364114961,2259.0562953068356,7.7846833991518505,197.59940580882989
287.49029598755635,19.525448600063726,160.74432657174614,9.806450182046117,2416.7318197678655,0.6981630148556195,270.4413577357137
246.58625360388803,28.847086123088282,100.3413866361352,6.295902007747824,1409.3825912991051,5.566956708208533,220.7739040195174
72.35275057806487,19.666656452986533,164.76598874496963,6.012568824977578,1254.4916218850783,2.4787557232395074,191.53260125434505
154.3951939462321,27.50660339908908,114.91506225622905,6.902166519097479,1725.98612549881,2.4344563402874475,201.27334536268427
269.7795768905412,29.941565342580578,122.62767474838952,5.47321282999486,2052.793640236324,9.907250552476052,246.9944889285725
286.1830055728526,19.374277778130782,147.21531908916072,1.2885716538508742,1340.7868797733242,7.567798069785374,208.22049915182234
166.85037781246743,16.198866017226166,52.75375759988359,6.510801599563571,1006.1521756452506,8.3693935829105,127.93338561167353
203.35284730267693,17.619474859883482,148.09913321303725,7.445564892607876,1514.402673755058,5.719826853440127,225.74795345570018
91.7584865230188,27.11993934542051,142.7877723608173,4.750741545616478,2453.2890032016826,8.710142873937492,195.52772634690015
297.7921565342441,31.98892812451471,96.477067512992,7.815660148640736,2042.45119090877,6.454905391663529,250.56248140298015
107.91792534586085,15.899936424708487,62.86914273492342,3.0430116940457856,1601.988165911836,9.461737047963453,104.84071637546441
285.68294353378144,29.683025180832924,63.64031748695617,2.9914893195956562,1288.8641460202605,2.8133858604563677,187.08409638750013
212.4116622480921,21.82637291900104,188.4835620477843,2.4527528891881656,1534.1345106321205,5.953195457828951,238.08839449879824
201.93419871971477,24.570567398390452,153.39189818387558,4.347952838102456,1254.759149951872,6.9013134793689215,248.00726300975623
178.17212775412716,33.57719099691131,69.06539206561106,8.623108318501751,1159.4587319694272,3.9293730502780666,179.2072846238093
107.66745292943966,21.639430094716907,103.50847539633595,8.451208559341579,2360.113558858831,8.797079824040532,165.40617678198953
94.13200800137707,24.30673867878972,138.87244908523945,4.445417871671534,2496.47550756321,9.798031631041544,189.25761380663084
105.12155226754385,15.273648295213622,175.33575576359732,6.302068623822129,1246.1716593936856,4.937694913726616,218.705534127833
96.60956553606363,16.631974400096766,56.549139306951275,7.487346848274241,1081.7838383174196,3.9064065480433907,122.82883484084815
244.89611839168833,20.17183182269568,85.49496972050133,3.170860971652207,1494.5966607193186,4.719379285564587,210.57262678548273
137.53131479168252,15.557044816421488,183.462348544307,2.513269773052724,1692.488771142123,8.527367457319317,225.05203274135036
64.46066914084909,27.62750652096502,51.37483252757247,9.748863938910798,1307.2318706137817,6.454684255181676,121.11172174552772
292.27565753520287,23.52796713603245,80.20986541908312,6.558015818886567,1452.1373676978378,0.4477237251809507,202.3254174352149
270.94647124085645,25.96290405456044,193.8536263959449,9.832741496502974,1301.3061035374865,5.421699104457148,295.9408546945378
281.9380707988032,18.49294371792659,142.01027697832566,4.039803884190062,2161.3908526486766,0.17300122740969814,228.22657801286562
298.7269556616088,20.918640588732323,89.25070499562597,7.327285299767183,2068.8669148708914,7.785353710034054,212.6948812272569
93.47381230487181,28.276489497054502,60.04866415937714,3.0034327288711395,1952.4272736414728,3.2831227354246373,139.6006489639471
149.06050472566469,34.306054472608,54.22870106708332,3.3508015414652164,1580.8267856188072,4.720074821173293,145.9297772176271
239.55961892602284,16.008335472044184,86.71176194553908,5.607119091426616,2363.5614119713537,7.9867810590763195,174.12396835672106
224.00515451344805,32.80768641710532,182.22287293833656,3.876563129572641,2454.2988123025298,0.46448817285761557,294.7803055906256
88.47397658496376,26.53762402622417,112.38704814462642,2.50859407456526,1260.458968938118,1.5854153559161044,153.7388343733636
253.95828124765444,26.278391335112474,158.05000537489894,3.3659263179039343,1334.518962117817,3.9796037644511486,233.7779805899291
106.11014295916516,25.005570704155208,187.74275530699367,1.3217355501927819,1788.4465420005545,2.299251635455606,218.07732211976233
105.95440370565578,16.38788171808367,111.2060692404225,7.3398125932973795,1136.875853923368,3.3790142577506312,150.19254167548348
184.2436057233534,16.797537034723213,78.69160565560956,5.429049913772754,1654.6725982346693,9.98174737892465,161.46150376917686
198.23498371042578,27.018240113181722,127.56768962853792,1.8481875976407305,1872.6868971665654,8.254144375738107,206.75963878298043
195.0215519594528,21.819171428711165,186.21255305897816,2.545245938156421,1783.1103567059995,8.839018149601085,247.24559824277102
72.87170934943872,33.34536133155361,170.6561621206551,1.9228108430137962,1496.362874617039,9.370546335657753,227.08690053586662
269.36521565759506,23.131810747189444,59.874476504473066,6.5133352744828885,1813.66870911581,3.4093588031419566,176.4428419756398
116.40001064717652,17.86562917405282,153.88592001163727,1.8478932725124442,2438.201431388272,2.970769577964727,204.6648817008175
82.37873032070104,29.29437667004072,135.78462836884307,7.788540997316945,1309.026106437064,2.340624925720749,214.4209365330255
272.1870199672443,20.867068428820197,186.11947645196383,1.1845982738835206,1982.2470375910054,8.301169113081226,264.4787708812465
288.91287455743833,25.509406147117865,68.37221252754458,3.244382091963029,1065.0950412340778,6.79551862285185,197.22716512047538
265.53190431636267,28.9566557101034,130.1054169806985,9.016000083027164,1099.6246067221523,2.361719824828773,248.81109878641718
252.37901868121952,33.00528222404141,181.91940402678384,7.4667818631002145,1827.7423363353776,3.769938292104549,301.70221270308184
213.81049515975542,30.84382389603352,111.50356801126145,1.6567149963311896,1157.4087704919243,5.067117639327982,191.99153563920558
187.7143426522848,28.527221357454483,122.29923765993006,8.390134940366618,1033.520182640286,5.281400572737537,201.6960124682028
71.74668997785253,28.59266364790287,60.56910165004375,5.437316093861843,1257.2694964720333,8.887277285517147,122.90113917407884
152.11330326767467,33.91849288064173,91.72154606733662,8.621047244519463,1847.2737564993618,3.805661329472163,185.03353040183814
143.17212925307848,20.91648194993072,98.67599737534209,6.406657970053541,2055.0114317783987,9.085240305005124,165.48078715795575
114.93844594008155,15.022241883923748,191.76836731173304,7.136497288295729,1303.71784621207,4.4136756031978965,227.9079171002418
230.85502842214623,20.439091187963975,92.40010408117385,9.941514043561373,2002.3891558122618,7.463726747923538,206.19130691667695
173.96893376969268,19.357827592534882,119.1303102904478,3.0910199133161633,1273.714496648844,9.302543199850561,181.53326118641374
70.26155397691198,28.236691702279963,150.69566353464197,6.615510172852495,1920.1861399468858,9.075757039632663,193.2849355737587
105.04580048745284,27.67423199531058,74.3275058611816,5.142892510516585,1617.9395198436982,0.5695286729568116,147.20885878480019
220.814690914899,26.869227654094477,122.96635807128118,1.355067576304223,1980.699264000425,2.057042949765698,207.87289462029665
69.03271487257504,15.324868864189074,160.78085592138615,1.1302357735257853,2492.579128718871,4.769054255322751,172.84285015136584
262.8017285121922,29.57556108901295,180.0282819540599,2.073057200360728,2406.725447848843,4.3155428995310725,262.89811146130893
173.78663175349357,21.47060824970983,143.938891199364,6.841825664846933,1006.4226367541554,6.40891664837207,217.67983430133094
170.146644331662,28.301119780132623,150.35802729754218,6.10446779122053,2328.1581465434583,9.447090508254123,225.23674436316168
198.1019461648794,26.131568570043065,68.94252088768535,5.980866050473547,1099.7361927621498,1.1240471127794882,182.0439217371051
256.1702414812873,21.854618508558143,191.86647458695208,1.2867108627543407,2429.5698792397675,4.518586651342405,258.8254871145127
136.95230197554827,17.691525342082155,69.88611162267236,5.223726967240063,1422.7385186495271,1.9241103788713931,135.44190813579033
219.5040381397659,16.88837795320962,166.20094057726976,9.321605360582756,1573.0522456169065,8.941075983979475,264.59238026055704
191.43299099894776,31.63036666224447,89.72244826674782,4.57832682379582,1137.4573077635919,9.645801858016528,178.86597806958136
116.75706754235533,33.367950841631156,190.03897155518774,6.6243022280961075,1168.4091374933644,4.787016818903501,252.9368055700695
269.6574965887895,27.995760935285993,157.99393090542193,8.018368080608292,2090.110847843979,1.0401029772814074,261.82450164391355
249.35650540173202,17.06868229720967,163.07205694675534,8.055327512276989,2416.498353622437,7.852946667226732,239.4005238941141
214.61295866460637,23.040544337764814,82.8588759589825,5.673520741557442,1916.1227424314643,6.97141350492399,197.39849491960774
262.64543227356046,29.578784002103145,116.45599649527412,8.721567508621026,2073.7750232902163,3.5467082661031046,242.8543287385845
266.8235502399506,30.596417680201363,142.67197918839298,4.522402840273722,2142.9546168957304,8.874074739689634,255.30974086987192
227.09074417875868,17.364372445821772,165.49604273099015,8.998238933063185,1394.2214118294125,9.758318897827072,230.51321499686182
259.253332090918,15.000614376907649,65.59390638685844,3.162044497559908,1067.8444463803223,5.578538491301954,167.00996882543612
224.3678654173209,29.2427409176121,194.35479746817927,3.5219476629151396,1002.8091158787529,5.6572791134429234,289.4534024369625
220.0351929400751,22.13192351972411,183.5331005831834,1.47808561779101,1525.973924431028,2.9751350511377783,267.05024579531585
204.6528445537961,20.089626632365203,90.55228857433765,8.160236528880546,1362.1963422988242,5.845060359833142,191.77779203266056
238.1791598894103,15.257949395790508,173.4140364548498,4.75349712609435,1093.4765875737785,4.396423205248466,236.27278127314665
89.65127632326843,25.805988135229995,127.74858845597352,3.062049525202591,1269.2924387405,3.021910269280519,183.0861988297802
270.2176897997321,32.02301470851964,119.2709722343028,3.086112498549217,1186.7483474019218,0.6718519652390131,244.40225210419018
267.960881936308,34.152632925451755,97.16511587171081,9.112599471063099,2372.317570926056,2.527078597091249,218.11116560098236
57.31182075863978,26.314899012265784,137.14528799473885,8.505249404149332,1210.4008201887534,1.9785464967766442,178.61135642725168
256.45418764119063,25.289226554797885,159.48336765553967,5.98177796821465,1806.4726959815189,5.420419845539489,269.20465487204274
82.2174668683613,16.70112770978482,111.63993574441375,6.54499720374149,1889.658932668247,6.016700217635939,166.65030015143742
133.77971356478548,25.977456030851997,144.3828789512438,5.268930134952619,1815.2341865629505,6.085717243060165,195.24604096199585
235.87706407290193,22.599581579307895,154.89693817329555,4.52499888590928,1148.584651323982,3.8818100104567907,250.93651879139875
90.18997401207704,27.142705617671538,156.66827255229288,9.239291930964983,1478.1975426258268,4.212297336854959,218.38753294225506
254.49175602976555,22.774526957530934,57.79491471967704,2.1305143316827184,1076.9054986947299,8.3423842964064,171.7989860795909
258.0335444894355,19.805982469007333,178.96217085276004,4.7660211074460515,1593.504871144474,4.762328135171624,259.2814483878054
176.86693344020904,16.89930550456753,118.73799721475719,4.1010571718908775,1282.898396907388,9.877733321371224,190.6803155024397
51.596467929208394,21.298368891777915,89.36241225443217,5.483356482260335,1842.4487999265698,4.396172300088649,144.80823567916084
121.7595332937282,16.932896685755047,86.26467612195225,5.118686870906576,2039.2125907736508,6.49580944617839,143.493490760027
204.23172959393554,18.53793901647968,122.45211692659257,5.6700057848597325,1798.1797903070596,0.503629989933958,206.90020256127372
295.29654450685587,34.746723171590915,183.02473092034387,2.259270795042947,1651.3550449170937,6.533399244188108,290.19816860849767
207.95338175416708,23.882071138132375,106.75213725239703,5.618273513619494,1581.0001312850386,8.514263944150061,215.26863583995916
114.95089526603995,25.63743533010033,162.4588620175315,3.1817693249848977,2262.5376521455055,9.424578385332962,212.88211655732434
208.50142577490283,32.4723705747443,64.52280964808278,2.6589821408937215,1329.0520975979052,9.973206116397705,161.64645348006613
184.99634492896388,34.91137800981376,121.40850532265927,1.583507969075721,2101.3275092933036,2.8217864564923314,208.79329334128164
244.9613487877859,26.654288986893633,198.75292105891035,7.863873028805268,2136.223487110178,5.753700648257168,295.8632236829279
76.7451597067396,31.249476420883433,165.56567041885054,4.84697728770904,1628.8000109061018,4.507179855321474,225.58157526577915
240.256975625507,21.538820486733506,81.57927326609195,6.639793149805826,1445.9508988384591,5.63817480575171,174.64287427353344
185.31664466902757,21.11487914894582,125.2162210546866,7.54834008974269,1705.812229068963,1.5745295718984664,228.63792884897487
290.74800096474866,23.054074419891204,85.04371454728499,7.113849987821982,1139.8208888390477,8.561495725959414,210.1538303879879
135.46804150967154,28.450145253472982,111.43413908937639,5.234506471807141,1068.895048343635,9.095689433445877,190.18645965788477
208.15547328348703,28.643833785101975,167.0126035602447,4.491086760565569,1167.4047991778377,4.496616631129226,252.11925487658272
283.00702637750436,21.304788692989014,165.68372229356055,4.383639186765974,1280.7175471933392,2.8042986157357683,264.52542262114525
75.62743199766982,17.664198482732573,84.21505668535778,6.760439172370507,1756.2652305070646,1.4083342765301232,136.4029829599021
284.3071218091128,27.64792512931017,188.33349772322902,5.453149194476861,2273.7049542416835,6.837648247778044,304.64366627919
221.97143057520333,17.56651724377529,138.88522741472403,8.642190231896596,1353.4634979995305,3.122318396207352,227.40024935715803
66.95926477629297,26.5698501645866,106.98864364430219,8.87231785894041,2402.7430161201673,9.095385699133887,176.20640068069088
125.24089173670406,28.86844256112618,125.2903371171291,2.5350434020586663,2432.361863402505,6.710124748448701,188.34847397957603
227.0430221613204,29.01222992788903,140.76068801566157,2.226102863911531,2438.356907267808,6.456853251742407,237.29670015236957
66.83765036719292,30.069442213191934,133.98357977686783,6.673608334323996,2256.3441020144855,5.594021158982408,184.36601310223162
195.54261504406833,32.45718843131329,122.96075533042674,3.7110317325605147,1545.7375611965808,0.4577633942872561,233.16711064039777
136.47076423823918,24.99917983929577,125.73992061341002,1.1671364688858898,1109.0258665039346,9.31922435685587,175.58717560630396
205.22887944186928,29.604983790591426,76.46178656418293,8.997784024266597,1853.2280976497423,6.2793749329946005,187.4581111045164
61.435508453128215,27.383454707316734,171.90993564570192,3.042106905194274,1838.0221659058507,9.940619833831104,203.67412721421238
267.8842015380941,18.732798795953652,131.26404799115232,9.363525865172281,2274.9636506643933,5.373564047728871,235.52638017935178
293.37224229434923,15.513792897388164,69.66197925570546,7.456910057904283,2493.9865764191577,7.101108919062131,195.58814194249658
292.2194638214229,20.690827713538674,164.9235652374167,7.863881409203358,1762.2359598402213,0.5620955786622217,271.4455422080579
237.41295793573119,23.860674126752386,189.86659675660263,2.8131534621384438,1517.8060465596764,6.317361768234109,283.3506594148199
82.52156003265799,27.342118888573125,192.09603488554433,3.1077498305513163,1278.8525673344004,7.646496115903573,221.21168012761052
239.56579898225564,31.999186610064108,105.3526598616759,5.691409784416592,1007.1997372260561,7.785142948525573,220.34906976756318
56.14672911470038,18.92491433412331,70.32753103411311,2.5488986738487593,1763.6705387333186,7.701116522302854,103.51013533377228
55.53088788224932,17.510995797969542,127.75994399495977,3.7488852341472905,1833.2780000538937,2.2628262729366764,164.37635641484565
130.90255478738533,34.26959894948655,66.8913844023831,3.89316230153024,2237.407719726096,9.75398477605226,156.4129227670707
172.16079760116645,17.160891187528144,190.09811277689258,2.436669399274877,1756.865451839201,9.951821206249388,236.32860493527488
242.6018544519483,24.569821402143784,77.5369441032719,2.8466455005564466,2374.702522999085,0.7559587516160127,198.614310057756
220.8238441516263,26.711274575866035,87.9148789926746,8.096966578074309,1942.1252148571532,9.364464228117573,190.49850106467972
161.47567659418706,25.827488418148764,110.99547903274556,2.5047626909254155,2260.5043573316248,2.8944919430436933,194.92875853284798
118.40666657041646,16.720643140658865,107.47467028386887,1.2561165265953025,1222.4526022116206,6.892840817509648,145.4038196313194
299.2811250394278,16.140538280072388,169.19943385968335,6.664194483660446,2283.0041954534718,3.3811092073613214,271.6853867758345
156.54532555899323,17.109668549220714,118.44752308264435,9.783848074532049,2012.7157816657727,9.677543233731216,179.1847217709401
162.84675608241886,26.71175367745225,75.61523900050054,3.9809243316080924,1255.349548657496,1.0150385830353548,157.75370554725058
90.9059552979173,25.886897752686423,90.08148432291111,2.0679013287662706,1284.6453372190163,4.97746816956376,146.56224946819376
248.70238718748234,19.674815840734887,126.36700777812831,6.133485928307777,2389.750928566332,4.280477919420747,243.2692725671183
223.42055644537217,27.75548283691183,72.11808761392024,9.157187899860816,1048.3230406755592,3.2602345227798493,191.14280460439616
105.19240319719009,31.401350041112988,141.7483513469021,8.056556018456309,1693.8024149435591,6.455339908801486,229.87815716941427
70.59526140396068,15.831579196931875,134.8620959826719,6.602642815714444,1470.2129349011523,1.3105574342166748,175.50928970375557
220.12482551867828,24.962598870960846,157.20534745733863,3.8355084694683943,1997.6161599976422,7.166624181336969,238.4577186514299
213.62780357028382,28.786208242053807,190.65569230690514,5.87692155948598,2259.444081353488,9.805921238047873,291.5555431683519
118.31488174955233,20.04623854139374,186.83818416517335,1.8212035717382982,1540.5671823348544,8.045587144686301,227.10529382563232
287.71589056260257,21.15541810586298,191.9113427103247,7.1105088185260295,1640.3531309842558,8.600167529095454,283.3513926914807
87.76447294522507,27.272758059787677,86.70733955355514,7.525864170078858,2472.876676752121,3.596367431790025,164.50936318786307
158.08370026065046,32.95870586887474,69.7347959959032,9.685284606189269,2175.874764518804,3.248866064812187,176.82294388816376
285.90398004189973,31.198488406057987,95.34150507446728,3.3435762287056447,2345.806196397687,5.170483546901332,202.74531179627377
154.93182923153057,26.66260438199167,184.26277591494718,1.1661077713872037,1658.1433309774447,0.4572661476227269,253.66327679797854
209.63148691602137,29.604434355144985,195.80802119352325,5.9104761798443555,1351.1143059761728,9.453581344565325,289.68824541812023
149.3985994906986,22.29644940415597,178.8987426605714,7.36111453957133,1617.7951980796774,1.437851730161922,262.00156199204446
118.5538005871675,27.819310561975154,66.50265816913154,8.113667282946892,2074.13787674727,9.030130391680924,155.5792145999187
295.99441198995703,24.32363182255114,192.11419970896898,2.7436503972232953,1164.145607253969,0.835822220003557,288.8855777561164
152.33350157876077,18.79872272915122,113.50370410261789,3.355775821333213,1405.7036584247633,8.226249276785602,183.46082644435836
273.5248009197836,29.034765477545143,51.39654361435305,5.613318327405667,1069.9538506923855,1.5196252587821513,192.8317587637293
107.48865147277155,26.12929274697644,116.35906111222904,3.9754072897300166,1648.5216075071974,0.381316140914727,196.96779500746064
103.27617600627082,22.172431639071828,56.910375451320135,8.744603379287005,2241.1686039694196,7.194894502594087,132.69762110609648
57.78352072112784,33.226783801572616,131.58168817416765,5.263841383648482,1036.995532447016,2.8026530017442832,186.98514006367435
212.91670634397127,15.418682356534665,100.7831041155577,8.196207796918028,2012.985290210749,7.1449615278434955,182.31997994319008
142.13158593094028,21.31546302498992,121.01524003910731,6.225577844341184,2398.7438117706097,5.550852504728198,196.27270027516434
266.0895624599093,16.13762795555293,141.97555411146755,7.9578112745540075,1355.3917922667733,1.0880739023006558,225.2135064606591
168.30247667288927,30.330546324432543,180.32016437267305,3.9940568787729145,2040.452261091472,9.321300733011636,260.41193562850265
292.04835697868043,29.042149082275852,149.2852364707893,8.4827495973728,2462.6528516503004,4.523141747634776,281.113505136536
96.3813789257803,21.62704437472634,115.10733027172711,3.4711508399591944,2443.417090228695,7.34447277798688,172.44844595317133
267.1557919889027,28.51325804414146,172.91417805055477,5.914889272029617,1352.393789543715,5.010205720156251,279.6596827314138
244.14921319793544,22.918744523918996,185.83732063596983,2.926064018564868,1150.496579818103,6.043614749612047,281.7538335513057
242.730461161013,30.125075828448686,67.96399496482958,5.27973869463574,1222.423806843874,3.027735923566924,197.588339758285
261.1958070292219,24.083673254734123,129.7899466329187,3.863576885578328,2053.0535027232136,2.003603040034503,228.07689664003155
240.25599773574973,23.24559455663331,92.67679396136663,3.4003308757349284,2088.6383131799134,5.425702034080678,188.45992318858106
206.55508040785384,33.69459830976602,57.05917968154211,9.702865162252337,2011.3548424422984,4.40218972971002,175.58637234262676
82.8112194205969,20.017581997814005,150.28200426709782,2.4406669493805757,1504.117581613357,3.9011321343393313,191.54717855915243
58.13154487281298,17.408946799931307,179.41561661888383,8.085932537116557,1254.6654096371833,6.72567195094623,197.40234766248273
280.2119619539217,26.690862265189164,74.43539817160911,9.857484635348934,1871.1416379283796,6.905066320111359,219.48684134358
204.1625786301845,34.386436245683576,171.86204864358507,1.1791133536607004,1725.5206686367997,0.4592005609126304,274.12746772004283
249.13432274404408,22.556784274543734,178.00936003054125,7.291246726378855,2093.2512206834554,3.3874449424367215,264.2680719928636
170.38058787813753,16.24073527257563,187.15106639997254,3.276206250006584,1662.040118028432,4.117645502263773,236.15831703129234
79.32704724059862,21.78610534619135,89.79276336290786,1.36439041895474,1507.9595420297026,0.968921611641681,138.73793181156506
81.29644805063761,25.11863308639117,185.5929597784834,4.6260062106096775,1440.2178660385216,2.3590086669828834,235.3340272920664
221.39132180724283,18.238460132644274,98.09941321046483,9.416960291537876,1317.2054800746198,0.5164179722275664,214.5581736227211
157.57647372486568,28.16204436112984,132.85070201832542,1.1058858493029793,1398.6195642799921,9.962420986170207,183.96944667920988
100.13118167508418,34.95498778020401,57.57612062484232,6.290971227368035,1142.245658266152,7.365572029698445,141.53457325385742
172.89863668535924,24.034789519628877,56.58216325531154,5.512568307357919,1520.2855163933343,0.8745015650275367,149.1557957986856
66.05223426878352,22.09457113460425,158.05598190983045,8.860457479339427,1054.8547185444372,0.20249379790092115,190.1249914583576
195.4928504785997,23.014083336689332,116.67199669666866,1.7560154306856308,1279.6207707494902,7.192878001522802,189.13031071501706
117.24835110877441,17.302923567904024,88.44385630538264,7.133734268979853,2120.1556669291435,4.3919216568266695,157.4734842157052
249.38977515929705,32.665472028524476,78.56202440373653,7.120987285899496,1488.203483014934,7.8679670906457595,202.16236907767544
127.59048973089344,23.29651311042704,150.49302362888272,7.021720151760549,2002.3555254660157,9.234760378183838,196.60089496730183
163.8050372704503,22.745488228496825,50.06023160380098,9.481010454415333,2075.3262633959157,5.993003890163725,177.16492727756093
52.905134977025156,28.193805458609486,170.88367537952814,8.407787761061924,1871.7780140981704,1.8710842291725305,222.15455707242
68.11172194863971,23.84066841862247,61.88744091948932,1.3777545361915542,2438.046612048098,7.8219403604645255,115.54204536543087
148.1233891016712,27.96466937615692,78.72344223621792,5.239745656340618,1032.15979993467,9.558117431743744,151.1482631497193
169.98470867928086,16.22892580261575,107.93545929486345,4.581577505812001,2107.9789758822135,5.802312870599559,179.77218689140008
200.00513702982593,31.27446687444455,122.72881095741555,3.7913249898172188,2438.179965910612,6.819974472807335,217.50317502118406
122.91564467732582,33.810079057588055,103.24926737209128,5.0620305263868755,2293.4075940294088,3.3747469503667302,169.327494525748
223.74547153163564,27.97530772318772,98.10682474764408,4.457747664333797,1251.83903770752,3.8152769466031122,191.38104337302448
265.03059929730114,34.09131857717621,194.58740181097826,4.891005098907987,1490.2304593775982,7.346544978530639,308.3545379077825
244.96274722333746,18.028646287399265,146.23695218650914,9.813356790477782,1258.6777598146982,9.277710984068191,259.4667454558628
59.90470633708929,24.548323789607075,53.51494330510823,1.7976967727462267,1901.9625457220561,6.289883872243522,110.53188298086924
170.12673681445722,27.036134678908944,114.52638626664698,9.300077828548568,2068.2819729692383,7.8984790848534745,218.03164491956073
76.23254460454372,26.634732948423732,181.25130496159554,5.32213042123924,1475.6106540445874,1.7163501741537301,224.0026607509338
110.51125396563187,23.029235581780867,95.21842796160018,6.61368020949587,1809.2598609764432,2.1195909025797355,163.79259501448973
296.6656483167866,21.761688187325227,64.18345171615823,8.471646699559244,2036.3808551067925,5.320346868333901,207.2546601003102
85.6238857253783,17.536480451008376,163.75771573848766,4.2441672623433,1632.0097249165724,1.7655419224284052,215.49541489001643
174.72203836283902,22.834849011245563,140.9020747904122,4.873797172791702,2281.0232956831887,6.349950702209236,228.53617737855114
204.53893357952978,18.253216302109703,135.5468761739756,4.685666322508426,2157.324902931726,2.9165318539469895,203.7430912362626
225.616242636026,29.687313529844367,58.036483941111186,4.372579202821838,1096.998315775856,7.91532618666892,169.95693327917175
189.91217087172853,19.176618709891798,71.0748514693276,9.329763894822054,1931.6879486362436,8.081103466143434,168.85605930042618
52.44271185479592,16.171306105690675,143.38240943196706,8.460369020737108,1352.9883264396244,4.6378745575535305,174.40669804104988
131.61532706099797,26.047322756344684,81.17357621882537,1.980999908766785,1836.277397000913,1.8081063503763528,159.1035200983799
179.42791084617787,26.90459465438803,125.61051196226364,1.9731101722938642,2435.3326639494494,6.467749610819325,213.46245378901276
71.96662478620834,32.438261225610105,131.73225290440902,4.850825633676921,2318.593006828375,9.927870182635864,200.03618130704896
137.6567328022952,26.539632248353637,92.52607854064091,1.8879163905952816,1606.7746046726975,6.225908979425233,180.8624600687703
58.30077719784164,21.909617074468915,192.26377333122394,6.571837857440077,1437.2707875165302,0.3577469071400785,221.7106102251298
69.64462428875518,31.06023763052641,176.36961602533626,2.293224465355605,1351.6086166123885,0.1729397576708258,207.14230118939264
149.23081905039902,25.80557786374842,158.35602614491978,5.70135937570121,1798.77230463478,3.203619704923062,232.14323287503314
83.17893851076508,16.585605692623837,61.699079961411364,1.0649795230334598,1171.3726798870846,1.9578380686040486,126.52324974468145
191.88521206538954,26.317011206264933,65.91950289635292,3.8493671357138206,1823.912512192373,8.130512071433081,157.28822740665186
222.36624228431643,33.16037090843325,123.91720187974336,7.094716513053899,1002.000459236188,8.448056670360005,239.42206593177684
250.1466747772707,22.92625250996441,74.10700237864785,5.356350462050636,1485.7744461187672,2.5861877131047617,193.06759698555896
100.03756106120252,20.926516037996002,196.7398195294211,9.804425373990894,1329.9014707458718,3.256447769498927,246.3477482770618
91.87064556476744,17.8693891403604,73.77803510411141,8.866934164595897,2456.8281849411733,2.3624696771511466,139.92324253419568
76.14196008360007,18.028910438707147,123.1201753195961,4.2316370113883615,2090.863479354968,9.08382547371264,152.25089012623403
209.10756238590918,23.655429686836378,104.61815852622581,1.4093788732504713,1524.4800706933565,5.026493346222822,167.44779055757846
226.6189316217253,26.91359648323059,145.90796321811467,8.610636701035169,1139.2676297959308,6.561370440820199,235.183061160467
57.89653620641051,16.612308103392035,69.35546133341373,9.201108792832043,1775.200892035936,4.154820866996033,118.74395952886313
284.05306156092246,33.79137178050331,114.54746420635864,8.385646540771331,1320.1718219890636,6.310141935045311,259.7717401363438
62.992820912868105,30.10267234890392,91.20575492107155,2.1515494682778837,1804.6443188475366,3.858553767217361,146.96828880120194
185.32408382526762,26.732478365673252,183.1627287007532,9.98123620971059,2253.0435312683385,3.3967843772922546,264.80603576082297
227.2651298627291,31.568773418779816,56.087856820204266,3.3272579939749645,1923.6888281520783,6.344800731734802,163.8226234020043
267.7422809365214,16.603735136242264,187.0591241009689,7.51784421527533,1950.6826293175031,5.910620780489893,282.42538785013045
228.52173303310695,24.536777554662486,174.94912078295005,9.172313887021494,1811.5454335942172,2.9352795416794963,284.40463340298356
250.43202076744797,27.601862537233266,94.63560746612231,3.121184028976385,2390.898448947114,1.4934845031947341,218.15266593190637
134.8625481357015,31.573058122365786,168.3935982015657,9.174326992093594,2397.8540266309046,3.6857669383813763,254.8962057513547
253.70627843662805,30.669391200985352,54.682034050812135,3.7853342127538028,1769.0848016103282,4.151976391419092,165.13831994230543
70.02871159616879,20.541384994267993,195.02983254400905,9.787719001456505,1458.6392307152566,6.286843334246049,228.6771093742427
273.70416401513194,33.817603391184086,128.9892413884684,3.5313401834242715,1689.3805088191657,9.145287636368638,266.3708872572897
186.89809403843407,17.486916828617407,95.49215390981679,9.580922422820517,1279.8368682934235,0.3618479753292514,196.4536260960253
254.32444249062343,32.50267237242304,104.38748188920155,1.4819018580340741,1954.516472977134,2.436610125418449,203.84082623414884
163.07957112957502,34.418804992092376,59.9608030190746,7.383448105028317,1750.13850367335,1.9371594227956035,170.2634095162836
210.89442379913123,18.543070464452512,198.40242710630588,5.789000204533034,1154.95071671992,5.022944086937836,269.8122886471102
181.6006652340283,29.441321284075705,55.89379177260387,5.300893694104576,1296.471671679423,4.297008070431598,151.78185698049515
232.89738043883295,15.805710375559968,148.23606847217886,3.01144882830256,1719.4479342992902,7.290376238201884,199.89119966474723
70.4074955076474,23.1084565027831,116.41038915596874,7.350362107988428,2331.383486078287,2.4241591254486385,173.0528968068173
65.08802099764095,25.32566598395348,192.33743272830725,2.717285423016764,1849.5860809466462,5.944983657497586,214.66852006084196
111.77580850253662,26.612904518192682,86.89996104601929,5.975576163862915,2022.3025003127063,8.838572635999594,151.71012178437005
89.88617002829709,33.718744964971194,129.8130235907017,3.2792082673622573,1508.5428246158644,9.106777399183047,187.8696972135644
267.9458916480504,28.445013745883895,122.35343128741295,9.600592418032205,1857.1170895663513,9.587846047250311,242.71876998819516
104.80349683951107,24.625559024384742,155.4299666075152,1.2576807445208753,1671.069733957101,7.732611520799885,199.62372813004174
293.96631395478283,31.193500725317787,60.20153479286307,2.7975545210011292,1988.694868934741,9.05987906258915,184.34403336805912
134.2239479427767,34.01065641908818,79.06836950350322,3.1807954574870294,1075.8633491185155,2.345308719852742,164.67643257121176
95.52947892217482,15.441322973645818,82.18472301392748,4.726610431910348,1739.9503243584386,1.9758094435047702,116.9395896350208
247.42462678561978,34.650425445120774,160.72261322625346,3.0945721768304817,1443.9889377159504,0.06488083780526455,271.93618924824085
214.67694387521902,16.722642781273606,78.37080444901102,5.422141812419067,1489.277591916864,7.068443574290983,138.90955378179973
174.54892911328474,31.287735585375227,136.02376458364648,8.85218970932685,2441.3761473370923,9.374671878137445,228.1201887488884
188.8408877344078,20.60669505102825,82.28657307514305,7.4085707926825375,1274.0422190670743,1.8693534504167642,184.01397819203953
229.80044456806596,17.643593155077436,179.24374251259675,6.219657824815999,1466.8678788678953,6.369435754268789,245.39544377059846
107.11368533282467,23.7971127942767,191.3278181734458,1.8010286018441168,1764.8388635963076,7.464597592217776,236.45576750136507
299.0834790141855,27.87913158895227,127.77394624133606,7.245928975503481,2294.5404222244356,9.276142351480566,264.7630928216774
293.6982905366958,22.6190369004695,102.84633263137674,2.4977285587984586,1625.0051248095556,6.468602240172217,181.24727533897044
212.58142158673422,16.091308165653977,85.10866625262487,8.077306473655282,2115.797921332257,9.702937327487524,175.01943281707506
99.88561273228629,26.98922279317433,57.46715022845657,3.2505108265913787,2284.5611473222034,3.4467314101254773,102.01228215869432
220.05706060782282,33.04806552221349,90.2750114296243,4.753438554888108,1465.0245337327733,3.4992853377140767,202.3144246620418
68.04960224479396,22.664307318945035,148.1353669917977,4.154231820861352,1589.1252753080648,5.430125100143456,186.61957477774774
57.663125551451515,19.32665555261654,130.04253969638162,8.72932523207371,1534.8343355325344,3.8350188111590713,149.10832262199017
114.42072212780342,23.851546918656307,191.60619174213912,2.1389001284206732,2249.283712926882,0.014257282875326238,256.40611307209286
165.6557391848291,15.967254220975617,109.44158937375508,6.090803941463097,1066.5202929304016,7.317720250869874,179.71682100561452
267.06812635209513,31.409751689605496,154.07950134925917,2.27855448498756,1462.6316332430201,7.517170414784834,250.73221922769253
231.792267441577,31.526816219003734,123.39841212126821,7.34316252518968,2019.1128363926948,7.469746046867705,250.19010623270935
235.67663029999525,26.76000926859257,126.88643238863175,9.14570315015033,1848.1652493480142,3.450206666104666,219.65865016331398
156.37333361201883,22.062057778767787,90.16614719061762,4.911468884805281,1654.4340389405415,5.222894733111719,155.366652650004
136.48374813674073,30.99566728891567,118.24261652629995,5.392830342384783,1809.9223408320765,3.5997351817666945,176.64380113428706
142.75969074615068,26.093740495767342,120.61774955190609,9.346805528344861,1296.3768787424774,0.1603640003064577,222.67935238843586
296.91239093401447,31.518646171000324,155.9963782623401,5.688922497844214,1646.0749324120156,5.624489412714188,281.3300030154523
60.02729785312062,27.629175851660413,191.09599987791708,5.388385942446049,1752.5544762645236,1.2376066608401104,237.58584844124647
266.75787403061213,30.688109464255945,99.39819162237563,6.204961924338737,2351.783682931902,0.800413240914406,230.3013766367369
194.66885214309835,26.971259864355197,56.330070287194765,7.2030676272665675,1391.2527442059645,7.554990686967872,168.0704246801251
159.65385479739763,23.282821364313325,124.44426882509596,1.9619503757832826,2301.742753247399,0.09506202418105625,196.6364359306968
231.3144151037841,34.15891719852275,131.66919982237528,8.389994749673644,1966.3621012389729,9.590084436087261,249.5949450976756
171.6672353561757,25.822276497576894,75.2660826697873,4.919545247079333,1030.5112466014016,5.152553641125769,165.84632201807597
268.35580952041516,27.101790370810768,164.06969094141,1.6511365890773697,2086.9470053490904,9.830164307061484,253.89034814509807
275.17546600281463,19.409752788294984,197.73936626622375,8.07564402278392,1053.3278163235827,0.5799757247270843,292.3604701599707
155.43023171836387,27.51301578854553,191.86620755126913,4.392549745176449,2496.0716902207196,5.835295488659132,259.9871000984243
119.20694930876289,26.432152989658878,79.56590582354782,1.9033074558554854,2308.955031536797,3.493270359759112,151.84641992638174
198.08758214834054,18.696767958940498,181.3044859851141,6.704011355889255,1446.0156213100686,8.434824928142858,234.81993578379823
278.0908364041727,16.191741947062873,155.6740454617527,8.921182180902775,1386.116845295058,3.6122273523428627,242.61271790138846
102.66554725141665,27.087186394295422,118.07698457103673,8.989781584725877,1572.1616231584135,2.604875790573491,201.54189428334325
205.7416458908707,30.27384538700641,131.09164914870934,9.618971273280758,1534.2504479716645,8.575531270999132,231.95531851490952
207.89005502313015,25.468027418440165,177.44002624736873,8.809349137900192,1558.5067275780716,3.7465309165326097,272.23077837554393
233.27825560382024,19.535452506392915,122.02024094575597,1.019268274109277,1477.4148191792206,0.1683331986056147,195.89084868739045
82.89192128181494,28.330439533860698,105.98110536576903,4.422170497720512,1931.700110272497,3.902891008393338,153.17295692327482
228.95624117052213,16.602114532192044,123.98712395389786,8.366883219149528,1246.3954955809359,6.545222690109419,205.2977232716521
277.25813016641024,23.83667409603909,136.86947060525736,4.296277053986268,2268.9719386690194,2.5435953880638182,243.0610762617522
94.9207772175605,18.267335167968405,78.36164806675232,6.4139365574173555,2218.603726046973,4.319875924251573,132.0202939825814
109.38583123096942,18.68918102119767,185.1361595400486,6.456852526370788,1714.7248117829056,0.5671513828222552,242.95736274907955
292.8487735104099,19.045878983164073,151.12804232444208,4.285227736349407,2279.0949479178216,5.880927915139572,254.30929881376204
95.24423817737244,22.734141140879558,144.99033760062332,9.140265345531589,1370.71760504544,7.562949238603938,219.39663071250038
263.5962733423948,16.023004112407953,64.92443392709572,5.529055108475059,1026.3481835559505,4.133125614011103,175.1412606307776
173.0694641120087,22.955868818581962,140.6260907258888,5.183057853437507,1928.8118875447344,4.202326328014601,191.8525831809457
111.80776860079426,25.234148942294016,68.14409933577384,9.977623710957063,1686.864110447073,0.8828249858491644,164.35681267676765
267.68747531812784,24.665885699326502,61.80465127930986,5.44150327665355,1850.746819443806,2.0194086451198254,170.22807181281124
161.32631375066637,22.65568200806081,129.096634346359,2.6055842673572296,2349.0091135276043,1.5467530312791267,202.09987153262182
178.70433848242254,31.78293216141505,110.41783010697424,5.617624805770943,2454.888360348915,4.8168776866153795,200.60971078472232
139.80834234994143,17.90653384841008,138.3215405234335,8.326150619679371,1951.6797096334044,5.292555409507501,223.79602919485802
198.23771285873187,25.11393487562748,63.38332520858579,7.991742942084533,2146.0833847786575,9.4894013128426,182.77580760953583
90.8809681462557,16.240828339131085,114.64745942708876,8.09723588597624,1125.7126502307465,0.732315042772339,159.0050336282546
147.77038416294016,16.423113577558194,76.21800725677369,7.372214055981206,1241.0733773372585,5.998679731550471,147.89384974028889
292.3530805838219,26.477316993541926,198.06501288861747,3.287960461600194,2099.807207429465,5.264985273282413,301.4629333742638
114.53335817528189,26.32036849775642,134.17253186527614,8.758756772562084,1647.048184582003,5.162330979358291,213.04317083166524
214.18416613532304,32.56067025688914,153.11552914113008,9.040991188386386,1668.9479056066084,8.731592873828264,257.9342794131566
131.29751605617372,26.157473513201463,98.81274210239117,2.7473742695669414,1462.911522453155,2.0553847069548645,159.81958900532135
243.36828142165015,34.195820408097006,64.21083721690162,2.174100728962545,1911.0345752166158,0.40773274341371457,181.4637026568128
82.71841517958745,15.973896967998595,196.38062941753049,9.780444717302009,1277.7475681243038,6.722715076341926,229.59108260881226
292.45526126963614,16.96015369561482,92.93885530747748,8.81491567285331,1940.3744189708434,3.4515746413598016,224.6572558209104
163.44738534590982,15.881317231407628,113.57122777603612,9.03912532488952,1260.6982857028595,0.17589916212524592,193.5032499171959
109.01261583661599,18.705537006670802,147.47958825538626,8.977387461619557,1095.7390520645704,2.513740072904138,194.90099459006606
68.37418683250317,25.82540221883356,53.70459465291669,5.875181416303556,1495.5365330485915,3.093267742168119,126.8925649050528
92.43947627188518,27.91144362854856,171.53886957759303,6.817615629992197,1346.7105130147715,6.16838376784242,221.20471599977395
179.94348713900442,15.911703158973376,130.48672850429304,5.908265669202775,2333.4874578344984,1.725857940492721,211.7646410192924
134.25079410782158,33.919417796911986,91.73257806032332,1.4608571427129617,1082.43018080294,4.13054347953398,197.83183446652401
257.2208414706524,31.84330753300762,59.241197793870384,7.709527768174954,1264.9205388611842,4.824754444178325,189.27242765835106
157.7218809154515,20.932249643141862,74.37476232116622,5.547988300022922,1823.079408374574,4.592373913640909,163.67674865351944
112.17856814690748,16.543750604529357,184.25507882801554,6.829381673112068,1721.6007862712104,9.739407666667818,215.65158717833407
204.2862466510075,18.397741464381145,152.90363359038366,5.523758244779818,1068.7780275620523,0.4550423779029611,228.04030674800018
226.69430422136145,17.538888275099453,87.48525824553347,5.426301900902104,1010.8786420227167,9.509681864523994,177.71997329779305
91.76047697523747,17.465675585978936,59.840114741754434,2.5461019852999014,2482.1019129417245,5.819372139940333,111.80863339101246
91.90480407207941,25.371233773314678,153.59229685799545,3.5084234362703404,1988.2520505382572,7.957277149698383,225.14697865451043
59.16785673338575,19.916948849868007,135.86115889516475,2.4296742274956022,1548.1091963523354,4.3039261801607545,164.0523804217812
234.10050376641013,22.16279433058289,110.67792866873526,2.760996660628082,1705.648371494862,4.538378812569804,209.5493016065952
215.95113190545126,34.790106667686445,104.54171737850957,9.756796423782744,1399.8251806814305,8.793264990158235,204.21961549658764
168.65771893745347,28.686284978506897,82.52214138936624,2.378021011949786,1517.3106755398146,8.95934496291902,172.2754127877052
261.04261224229924,33.97961334094003,150.44168848062765,3.4234338187468687,1973.566700902321,2.386888814312976,275.6566570242663
251.4175382375133,17.85113110066231,195.60020416908057,6.315306919647265,2324.217698301056,1.9924187858461817,274.688987874695
196.33859109918805,22.642789496651385,76.35728687552387,6.491607186129777,1276.1950346217773,4.96235173869951,146.90379823690182
267.0678201283147,26.094636065647087,139.5674930023255,2.3857671676944614,2260.542258077978,9.002770271276916,240.32101056645865
101.46030250919206,16.53516123777476,113.62775836189644,8.14345683206691,1182.3349442774036,3.223550934061763,168.3546858884499
77.97990484943196,15.083748872559157,117.00330826169973,8.066825811215425,1322.4883353825867,6.5201461533913125,167.38154709697153
117.4374028792474,28.40868667593835,88.12209201917216,3.13585933783502,1055.762932074469,7.0815168774060115,178.2934409482698
64.27171402232871,27.836390336028707,173.77023134921285,3.597996724079144,1211.2177931394992,7.786746648941558,206.9768039940754
182.79238200025802,23.215776199992234,122.78834062208617,9.441890789135472,2375.954718196076,5.639244579209633,205.14523888619016
284.1514230737404,24.792881520640652,131.51087782973963,8.431043013815302,1689.158119927568,4.024551782789696,239.20239982925128
59.835885167127415,23.308860011841794,95.71413691959887,7.2801732975627145,1116.4987926675303,9.67015988798973,148.42441551036163
80.5274785025067,15.480100896897778,77.27126985004246,1.7400989935954048,2439.590257058442,6.113307533028527,124.29167809911108
163.04975707085882,21.707432124349246,62.88655823042308,4.764376728123182,2318.488461637975,7.285652116332708,141.8516722698501
283.4687543819762,18.541645107945797,157.11787113873737,6.033716848691443,2132.023781302212,3.4498284569587834,265.9407853762673
129.03902624418762,16.968483782027374,79.43514225317834,2.6867015918539923,2400.2091879213367,6.699491810030801,144.190463771567
176.8087021720981,34.13440867778699,153.51130312831964,5.034039238974021,1330.1941312536462,2.577976621641259,243.92506149704923
60.39321476259802,26.987194500843312,108.55646690704307,6.409232897398209,2254.5539395151295,2.4509691752863616,157.5218715844211
87.08580024052222,29.573125684732055,112.36622014844772,3.946390121038593,2034.9867945314593,7.147222018094263,168.94890438525866
296.6575307397117,21.30727486532235,120.37662441391575,8.028503370554384,2304.6388743515326,5.213947362629351,216.02122888270137
291.27967410901135,22.862942589880305,105.15627621913148,8.564046234749249,2195.3673486139446,6.832766104223897,231.2636518494238
51.234995233602405,19.73847987793447,65.09299658338851,3.9124852249066366,1519.7425947652375,2.6943849074809165,111.83329172677088
287.95294635580973,16.939313419308494,96.44477150042687,8.547914390432116,2161.5978055258834,5.987233410567304,214.2608688335744
209.7799844538751,18.580632748831675,149.56015410409077,1.9321890949271352,1393.6844544773355,4.4393364970311255,224.92833674862163
266.9795736300055,30.950280905929716,149.86766022033066,8.539561887603906,1492.8882445420822,5.969602868455279,272.35173531854736
163.6849639084648,28.55091610367552,92.93364608599916,2.3747538850085492,1161.8585758344643,2.9087973224421937,175.7937746508566
178.89900714481257,25.93857751970954,119.0153939836532,1.7463443725875343,2402.614923970703,7.154509636491238,197.99722781642902
172.21164506423003,24.50179745733536,79.01708420179062,6.775978639969101,1436.5050451004222,8.059293661594655,154.98201343908454
216.71606438652609,33.44868567312249,81.55581222947536,5.247436291797649,1780.9336977571777,2.5991647385772367,192.35244876214864
84.91281368907823,16.454698955573367,53.45706326099111,9.171015403715495,1586.999254699289,3.006205598556421,118.43918020326238
57.49339746816949,20.612016264758317,184.51198248616168,4.268702764817643,2439.892180875252,6.61154269719093,203.5285124101844
126.98248539779773,21.998757071414282,81.60599976123594,3.5843703709386583,1502.5737564077235,6.955851743035442,156.67515137735
226.17019068416167,30.648516244255756,84.13008154046949,5.506614155297785,2167.818732134034,7.040996843974501,191.36994334733382
100.4633630307371,34.85029240323942,91.94021489676977,5.103515671917952,2283.12423194677,6.8269850477583685,174.48946082782953
218.35810833122932,19.81341029514306,69.11121075431436,4.099852415954694,1653.409746221449,3.928077169525388,166.22465885327782
292.4780115268176,32.48614668274161,145.88943247720442,7.243671688284957,1567.2577216793968,3.9485367440367836,281.29453584793566
73.47517894735459,31.612455208635826,61.271442976637985,7.836056505225175,2121.618731398942,2.5481762364438145,151.12756497377987
218.15052955628158,19.493147952835333,70.13036394895254,8.67685572127123,2369.343970459351,1.5683369989636298,184.03772894895823
160.9375548261428,22.986651603984452,146.71350898851392,9.755709442393085,2132.3975996083573,6.925773793969057,204.38531621781766
267.0355635943763,23.193457385850383,100.94909307221641,3.39990572919254,1340.6895483877984,0.9318878597231284,221.616857720292
94.28744736184647,34.56441337053117,156.19217400517834,7.444841342409654,2332.461621156558,9.377922867867817,240.2253202036379
223.15648805654112,18.617838027577967,133.61371170052132,4.548324119461707,1581.3725011552497,8.266863036714513,210.0693916984083
259.5288224120276,30.98315942209564,88.40317595922696,7.093737747559973,1864.3441176669014,8.575057399572561,216.05103078152925
286.1535548685058,21.683854283462196,147.62419257339923,5.283835213142983,2247.1534289390665,9.066688146151902,243.09151835424476
220.81200707241146,29.61740691552321,67.4410520439321,9.943957924911384,1282.5921511007382,4.086049707232401,170.5488443612405
174.2936910021068,23.400220085913258,130.46155746200458,7.560119222116749,2176.7652035163296,8.46700723350401,204.61079597819585
204.46181005030346,26.5671952623308,115.5722157567552,9.57242170390892,1894.2441968660164,1.5806130029164933,215.38874341944688
267.22624611967956,31.652235466522622,90.18103742261611,8.514725945330671,2340.0124627414125,0.21641794608235676,222.84381750336553
192.65243665970743,31.083311299677682,140.60074966092503,9.12610910047034,1257.9556027653143,7.848913946638501,229.155829209261
57.59676492420922,32.32846367079401,180.70003885104236,8.329772774932074,1631.0233555613927,0.747966479969393,227.54511341711753
282.73717387674446,16.19234650689318,199.8357049644615,5.132432173383203,2249.264639300256,9.885246673259216,283.6889429673856
222.3816877578903,28.841011060794898,141.16441531151366,3.2660960801219594,1028.8475551851402,6.747964296015559,225.42119045927535
219.12834644431163,17.79974753443526,110.70588114937553,4.3328815790547,1168.3020501484643,7.534497102421055,198.6731921871429
103.91878809942929,23.31637136036822,83.78106503243023,1.1821260937595541,2485.8478191351023,2.4580385627786594,151.09858055469968
214.7213675581643,25.971768301093768,88.56441340926676,5.715938507182004,1420.591267885526,6.738653939196881,213.93320348868488
148.4661014135396,23.054789694936616,121.91824672246486,5.5455202024336785,2463.31479058593,0.4321993725495721,208.71498196543774
212.80824426037302,25.392233516060152,105.09165519210639,5.727254183474394,1273.7973265130108,8.378257199236009,203.2481527095282
76.64825757699768,34.93052617597238,187.07217839374164,9.766281024748574,1541.6416645110035,1.6962409303157244,245.6130911987357
214.46132615075902,17.704346274257095,105.24432014835642,9.203086031093553,2129.304166755356,6.973580668337705,202.20583695356746
299.85343144266665,28.509120906728512,106.01668867181533,2.455415004970972,1986.6676108572678,2.2448050123272836,233.56078405500142
62.053009715139005,22.920019327712303,107.53017686509654,4.319942694003003,1871.6835998935835,0.6845316942604274,150.92792924879373
294.29354605532933,17.660195978146575,175.49303155514872,4.815605615169357,1794.8487637075114,4.814936785493943,278.8235373604731
151.72699018071765,18.17473526748619,147.61824812703526,4.244796260664829,2265.16066549711,1.6928621027278945,194.067301111214
267.68836258431475,33.98546212491234,142.1253275478339,8.186463672435217,1352.4228442500892,7.294439883265498,262.97151873729285
245.59637101456838,32.59202993423524,100.12145335757933,5.7163390288082825,1663.7063904902775,2.3756584338348485,226.7949651066406
191.75406524666695,33.140839208300434,172.6856265248659,6.1488983527446255,1233.178438234686,3.4247255623582884,260.561928931202
234.61230231283162,34.83065551654773,55.75457920335517,8.67712203089133,1893.9123935960565,5.674392512644729,188.4706658897149
269.628890325337,19.166307800170358,180.61957585071698,8.253353380738227,1375.8166364069803,2.8496827757731156,275.58942951291124
151.03508041275825,22.108786747281236,126.91248496908943,2.1899037053826973,1500.7630965150788,3.7798811620996164,182.13907283588915
131.7582903908097,28.384380598497334,109.73753522951192,7.425231256752708,1706.8760749352923,8.156217710403867,200.81920132251457
216.89834639089617,24.676050797212945,124.57509210765285,4.91892516011832,1040.1558785546918,1.792098495610257,207.5853899095233
251.96148548531465,23.36779066756667,150.11232958007466,3.651840127562504,1137.9069038812565,0.8220158948193368,248.08007470058084
240.57128369415395,22.156224986711862,51.9148139776846,1.450169388119677,2028.8938310623294,3.2835778513301928,161.39039026598434
249.4534122146586,26.875612638869043,180.73277846873717,5.385246043109059,1643.4549710762608,4.243767670138782,267.18496457890245
158.89582870323324,26.51186857280164,117.01092879670892,4.198930126520782,2297.185332999843,5.426592821365677,197.05527155970543
254.4585540437554,18.229156681284802,101.44497795501172,3.2636173570876075,2042.0080054662992,3.72423696175007,189.49009411584896
80.05226384265211,24.434796750368783,70.73683484510856,7.252045566372618,1012.1514124709837,7.899117002228051,148.7466023615683
186.1222744902124,26.069435524196997,115.91980615376632,7.925368485840283,1925.0684961507022,0.39319487668473263,200.79312771224974
51.43966512453039,26.40573877462781,124.44841569265682,3.203105671264823,1140.5872990895746,4.3176753819855795,159.58881756082266
131.14645747506756,19.202143858247034,110.54700417402167,1.4450269301141252,2171.3997696857414,3.8225591465640463,154.66408011187005
141.61538371784945,29.845427845045734,151.79901407403457,8.638774305087114,2487.261532417753,6.47578490806859,219.129160094451
149.04317290231384,15.503981896421394,113.1344793138839,1.0896376708387299,1796.7981913622673,9.66276251897396,180.3301515401713
223.86680167246556,22.096637110863252,194.212636676986,9.434012445293249,2024.1692502911956,5.103754066288621,286.4673386067736
147.13952531758645,30.604252970712672,139.89162767353878,6.648578865844353,1355.9712413421273,9.868768469417205,219.43918942684576
162.17340565563268,26.277858421108046,171.12169034778634,3.8966197168118826,1656.3966156306903,3.0224939491319747,232.99517766343092
109.38603271858187,20.223248650217204,66.40338546642182,3.218301186190626,2284.1429983545754,0.30868132542461013,141.20005698088363
143.312947907335,28.899062386860955,109.59369394188585,1.081050978380277,1251.1344216193768,1.6566316747641274,174.61126367494336
106.81740681578788,26.34781888312147,100.5271552170729,3.119242753097894,1398.303408420643,3.9512488477456733,171.9845353855422
68.29898094211092,30.924872189127743,135.42235822048877,2.23955471365427,1668.1505129290454,3.163339091885522,177.72351728388344
200.86214834534448,29.700503723796466,179.16702800921385,6.509495986508311,2068.373337766021,0.9705413098337767,263.3684134715442
217.05319963875405,27.202158440724695,61.750732664301,2.498910297344212,1563.8259321935107,4.326601076907169,173.8647794659551
204.87258650240364,24.76355350621628,60.88621970670662,5.7576685378295736,2391.5984196745057,3.3811577165956272,175.56231047367885
165.8735109501431,17.663642513350467,177.54765622363982,6.311047801100237,1141.6855769030788,1.2261922045743845,243.56274202666754
144.94644504480743,20.226660357707676,81.92751290575362,3.6823752851222307,1556.2062963172712,2.9611713061190894,142.86577072685816
265.83341239295635,23.381989458341707,150.31298816747204,1.3155845411684683,2063.431185142633,8.864360553553905,237.93198095799406
179.77044628405451,26.985985740127774,131.4317198541208,1.3352849255277648,1338.9801484922386,3.020488654893402,209.96276161128307
169.79546940743273,25.2741571043061,174.93403923308443,1.2371259897452584,1984.6197013445094,7.139554232420516,228.1780125120249
56.41051645160892,20.76369051919059,68.76333647546053,7.652122004228916,1246.3254373410189,6.120470796577556,136.525646980781
135.31195690653908,15.129287155794211,69.46744485839169,3.862087343328683,1083.9704272925296,4.271811624083718,107.59821398206148
145.04890469646426,24.924784438016278,133.52275404174614,8.166701673708973,1181.5235751229734,2.3902563680366917,202.43397845931457
149.7056952242251,20.712519771244864,191.95679800375564,4.885595414585643,2394.977174701202,3.6901469934594546,242.166333280285
195.04309230683307,29.692166014210702,112.24966375561314,5.076982907469675,1827.626324409327,5.921072134710428,180.2601534665416
183.40063668171962,15.47892530540967,99.04131503820423,5.615943422586164,2194.5186632194736,3.5075321474935492,162.37649778869638
201.97627319836116,26.696556226115817,141.00339847968286,7.417283107375935,1498.9817513575767,2.1489643357423183,241.4513777574449
241.22081538553206,33.82948475012131,189.56729008175466,3.4615257924673637,1888.98797182817,1.164627488916321,290.1858539559079
253.24643467902337,18.48818534222999,175.53917492669353,2.094286145801742,1742.4282005574873,8.797669379095653,268.1435025820065
229.5307690566236,24.432989815011908,199.32254160998298,6.004516016723153,2418.6069391034407,4.403129757519056,300.0636942192332
288.8809239887337,16.828439836342763,53.38528748035657,3.9427986091846536,2121.3619540811655,6.2520832174293,172.94791023927596
54.55814566909041,27.513638245227053,66.92872170691433,4.982421823012336,2095.8139472448684,4.904103611368052,131.01768065893665
98.94449642088652,26.01063361192451,141.4201645049933,6.822520375035748,1069.5299041514193,8.725665183579634,198.9160100005209
51.89071874453553,23.147310484256646,173.08646590007746,5.447131670271435,1824.5045035055366,5.4693485244821085,179.0151319763256
211.86867853865076,25.427540429474824,92.78665134601498,6.582509353907586,1700.4871808527223,4.8078141794911335,181.14772612913376
274.50763723749674,32.931493169380204,85.88166320513281,5.89780001902265,2391.763399909292,9.246009904217127,218.41773840617026
110.87057414407482,18.92588604622134,168.04636990718012,7.658167347424892,1386.0129822842982,7.196895960453546,221.73726700496687
281.75863619907665,15.451290234106946,58.45727807798474,7.35342955940458,1404.7501799366414,1.1154990734685732,179.32565673660076
65.06684757239022,32.233297693982024,105.40739713738776,5.807709026277573,1617.0193733222504,1.7770446119681405,162.23220333865933
283.6090067013786,26.54234164775813,125.87138338884947,7.110127187737362,1365.054570109564,7.871228629394419,252.98213321882196
137.9056718099086,32.81316910923685,134.05230115254852,8.862036420453514,1193.7758767131243,8.358513211799544,233.5901044048465
75.35520711230413,26.938904468263452,159.29227351891655,4.890441590093517,2286.122269976201,5.451908290902965,216.45580722882102
171.4679397965814,31.20322179919405,103.22685851459873,4.714867654739143,1837.4147866058738,5.5445522786663926,206.054983488706
114.19414193012699,23.59346726710296,141.90265170119108,7.878210587671421,2292.0440784348502,6.319329628514446,199.75915137904863
121.2182254904807,29.997198625765375,137.80631341864347,6.242984533377946,2246.7021481055435,4.391157742826395,222.1494520392688
126.82249123157165,33.26082933779712,132.14241509806206,1.6390610220032968,1423.0635321845066,6.80199123483904,202.8327633388495
250.75647445816585,26.442459274444126,146.07249397133182,9.029008141219732,1821.606166486411,1.084812575664157,263.0230040389817
184.79031916881362,18.61570301124759,88.91737566021145,1.2770479201387612,1124.8265541101057,9.612792423673863,163.1462219605925
127.82692478900091,20.375952300603963,62.69731303769434,7.735567205887688,2372.8778260461377,7.501548237949217,139.3211012082506
202.5834458277296,18.972891537948115,67.89075080596152,7.829147284338816,1606.3940725977295,6.311742040090069,155.66215864261528
229.0376685557984,19.93714055191466,83.68735739808517,9.577999767537374,1590.514275833532,3.163220570094807,190.5009484792336
118.15600018338344,21.128308987020727,125.02969032841779,1.4872096756208868,1454.13305592693,1.6095548745672916,187.1085399989206
153.38727538133787,26.10267573506377,176.06641258190302,6.371711747060418,1690.9956170660557,4.093429638289447,240.68726813849858
80.47152333423689,26.759832589276655,155.19400131325762,4.8505651356434765,1377.6390798181721,6.615767405740584,211.5184042889266
95.28733738367008,23.52999494483722,168.35609063030705,3.9756965937358784,1562.2784091952067,6.33709743423111,218.84417413152582
220.2794634912457,27.308415596416708,102.64634358891371,1.8128670426916573,2199.9205728773227,3.826411550655715,197.28653279874155
95.35958692390673,16.631498512227317,110.69806124728252,6.063887077041783,2251.383255377758,6.1328639383312975,174.5656825752082
181.29084591676505,16.755764741163198,109.05228289859193,5.311366531071522,1456.2737164427742,8.137482955675475,177.6737995109317
227.26156543060816,18.43658920715317,78.78097766067523,1.9409901233592184,1703.5216458291818,0.26284772337607065,186.11120387126746
76.71923077368595,25.361549960806897,59.18249872153581,6.512405563873751,2310.7296644200783,4.506210479302757,133.13852818289078
191.8280549072259,19.27989357396627,138.637413924084,7.641578082276446,1079.0099977445457,7.58555228466791,215.86792880555726
114.14069592534094,20.665688069851548,198.38250251308793,7.905504709482834,2333.717442993678,5.461444704633772,237.81645104210955
290.7317188093949,23.00625672345988,75.02445574253943,9.148358694361846,1328.7765184784976,6.5147608792907,203.5627530067248
170.88641167998117,31.237322480207595,57.002722984891065,4.685236676998995,2017.8088663215638,5.16676392605342,157.5091996008888
251.49813744378952,15.277242718257202,166.92975227358994,9.577654917599233,1873.8275445769004,9.91874544682311,242.26973547782626
187.55663553906544,27.987576404732447,87.88790100270863,8.788864645744175,1829.4111222838783,0.5462153648903822,192.34596569741942
60.853133213704794,28.377530620813708,174.44657080293925,3.668514139215451,2289.0403371292323,4.910448217723773,206.80134558054002
208.2878438985056,30.97311560713273,155.5905000551773,2.4335473361451263,1152.3582154669919,0.9141654911451769,250.99307267183207
287.85083555166426,33.655058781206264,191.85103055762067,4.918504565152121,1520.542037988454,1.5978556211357042,320.4606334364005
200.4029550365828,15.402756978985796,111.3390853635008,4.6170883716037,1807.3791195171484,3.8303835041826186,175.96087673745214
254.79721485669756,18.075674110264323,149.29547591759513,6.181473747980839,2216.9332809190596,1.555400915004873,261.13124724044843
271.05161583710196,32.723425881119866,119.72821712199061,6.250476090949732,1324.6646251175073,9.636871659566511,240.22953252890284
107.01994298723312,24.170371243740306,144.58830459628155,7.7498828594197775,2204.3947620614144,9.467897767251591,194.4565759487571
103.01120997705667,26.291812778669268,117.4398359011606,5.589009533850492,1599.4577237409035,3.3610964622060377,189.56688496821099
202.74524721274793,28.26054407446295,78.29483696361123,1.94340376846689,1283.370784650543,6.397477120376795,169.64052560990376
152.75711745167618,28.58133208991275,126.18461240050713,8.724622019977955,2138.479660665224,5.337533205937861,212.8868932887802
259.9653257166801,33.634808066330166,129.28763021561633,3.7878812486666837,1136.3483522118217,8.155869805157685,238.59965584404972
275.0057808495028,34.938988348233394,171.59057723902416,9.741677142759329,1772.1510611131644,6.274456098169422,288.90572760843156
138.35534482567954,29.403149218618804,160.3281058690372,2.0607409781179316,1095.8136757928326,0.00252454490562104,232.42562933024956
109.21763974362051,20.744424184103018,149.56874359121662,9.62426055009253,1534.6267827366814,7.631743856097389,204.17581178088184
245.13137881096546,32.59504804588687,67.00806433288588,1.8191062619426528,1901.615198509589,7.468481212961181,170.37912157106007
118.70150888703402,15.984418290815231,158.09244359955727,3.0793252415235353,1834.1733122308196,5.09722705566481,203.85001980381452
255.6535796284196,19.621617057489924,125.04577345317722,1.4192194787788743,1606.9831268569997,9.029189732330538,200.64710507217143
155.9345634121907,32.94771434927429,184.11493041592388,7.3460183197509545,1643.5719909581735,9.084462056904016,250.39823274652147
216.8874748228676,20.123830288787097,187.9806401195814,8.652688629146127,1340.1543300261499,5.2391167670439724,279.9286895603018
73.88382845866704,19.413021192434968,58.27348859026782,4.906639736343823,1683.8238826361544,6.079882311965377,101.08105828834198
205.96483116914325,17.762505862804943,173.09623405317183,9.356698675381868,2429.8822835812516,9.965220719246723,227.33629837651583
162.94191968430727,32.18223515293833,55.65460856340059,6.312691645800396,2275.6793766756855,2.988202348114175,168.5908712059302
196.65211579386852,25.001165183821733,105.0754438542534,6.670064219018709,1217.8493036145157,3.246172423114774,196.6718441361936
92.00355193621586,28.497864061083096,131.34499634316188,8.608772815306928,1044.6711809813814,1.8277390266349636,196.6403260148969
234.21843623604553,19.781327681500592,72.21511979406912,3.67120184546655,2400.2864690749457,8.95866939157868,167.22825622811152
265.69926938580716,30.160808420224328,161.94707188536154,4.188391491948632,1790.1246248211214,7.4448838994926625,270.0599406283484
104.18495002269391,30.20011089924197,51.25320562582078,9.153567272751799,1806.7567347239615,1.056428488702419,136.4234572078974
73.92863888004044,21.251960498166003,75.28985726510552,9.108671464348873,2171.0769935597837,9.817673511979656,151.70022712883068
55.9096465115841,23.213652660205657,137.11952447802133,9.788344985807838,1472.0334608069898,7.309617081611161,170.39263607553085
210.4928751108165,19.19380554860402,157.15813430559388,9.11654484797504,1722.8613532540032,8.505221096049745,244.5400293218305
201.77350902219519,34.53122046645809,187.49646540408742,2.146348324300248,2452.994369720106,0.48150789173200925,282.70519721055615
186.6743531785175,27.912051541168232,155.82449779019356,8.413518575232885,2008.2230303986107,5.049609189421677,238.2521425056808
107.98677402899386,33.69087761431031,150.7668905382299,4.688546302986347,1230.617547993679,6.985982867270392,206.65385287629422
147.72649897637865,21.067710872582666,109.15117195259964,9.91721220351344,1199.8401219765299,5.429465845718413,197.93156743368965
198.61908379654326,30.637818259937795,50.19266382902021,5.25052867895921,1306.397137499508,6.666474656992775,150.56859035633974
174.19171471479234,30.31717287769484,68.0238888103433,5.9845247425199855,2150.0675116310763,8.178740635904726,163.26555956209867
296.94638005372184,28.833113037330833,130.18318171340587,5.767974237311186,1443.065505760924,3.743370629601962,262.90361273877824
84.10993813918328,34.31277950533601,151.26948287666295,3.8956332687245,1032.0832700126198,8.486686756187098,208.67723903586025
223.78613851189846,22.87110672212631,112.61724258446938,1.6751988000362634,2416.261545258493,1.6291610476529073,185.93319919480655
151.07969202607302,17.614346471795145,159.60185172925853,9.060861073617266,1254.570124592366,2.7088605502637475,241.17393226574399
157.04990373140367,28.434177184881214,128.27934429982682,8.22408231273658,1014.3372792221029,0.43345619927325774,210.34971583308547
229.39944141454407,29.586196009544125,61.12642933914683,2.2557410250370236,1355.6974035749845,3.644268113352511,168.47343981148046
223.10903783109242,26.501211469176294,78.80243764519233,7.990914442150656,1352.5431806772006,3.799095448241203,194.07168871404477
297.8139984255471,19.136357862667925,175.99973348659142,6.63261999445549,1633.0078762685846,8.05270597207251,282.60419383639174
82.0985723635313,25.089118833387108,158.73691199366593,4.6822940912586,2380.5847472500554,6.5313067028965595,224.72392679255648
76.02741234604159,21.243794731382586,184.21429805187424,3.2861903418600646,2318.777376668647,4.367225581556666,199.47099539460788
231.0847042821853,23.549330563333783,67.63358736814048,8.737559051520092,1685.341832473642,6.521139786237482,189.60103098829683
194.59672925160228,27.904371516893278,198.5333801922611,7.301694333646477,1616.3498574877099,0.5278335051569116,289.0645487748202
118.54016663995147,29.90429485381669,81.41100709249004,5.929659185222231,1832.5136297122767,1.8027153601837609,163.79863678773847
69.85484224724665,19.644493818026863,51.766981442996304,6.486116805086177,1365.1810179576487,6.26947855241755,117.27737187365244
71.41456239910764,23.106507212939068,199.61344085803313,1.8195956387396288,1078.2774879495441,6.413668192253023,232.70653455918475
273.5477186660296,20.383231419832583,92.16108281676696,5.265277848200728,2408.83620425681,7.741346587074272,189.02595594447925
97.96683117968573,18.97263227723738,150.202917876884,2.743302635071318,1280.048477315759,4.029997590536022,206.54070055958343
130.8428905288802,30.667744399916767,76.50234712644578,2.8754531110794286,1297.6010938685745,7.225540966161562,140.60207685512964
106.664100556747,33.185053888739844,137.03427982987125,6.9517356605818,1708.6904932809214,6.839803325601894,198.95202269656764
138.74907645798433,22.404643713691534,185.6052479681839,9.201305366508592,1737.420017260496,9.63393378369849,243.1584940219277
67.35596068652335,30.025578487475336,98.02717511426579,4.633809494305119,1027.6513145511128,2.151302264246792,178.16357164604227
179.76494772706758,32.939905787288225,150.5380964066539,2.8697434571097133,1221.932108160956,5.5167956375263945,231.11220713861997
66.90314089805372,31.92248421060463,78.18553831976247,6.838722435129888,1567.2322278411125,6.017644421104693,148.98684745601457
250.0891269555904,18.656267770784517,143.71930980780877,8.84068341715286,2025.5960402658086,9.986478849342207,254.04669311831276
108.42802047760826,34.12583763026723,100.46755277262653,7.734869210102417,1342.6276852479036,2.0118414216665172,183.2370964609972
185.00297865112765,22.53352880858925,81.68123878819276,8.818815074829285,1634.521669362644,5.232180199672922,166.152394098017
270.01977189036455,21.784813223476725,96.97730760554526,5.828992039097194,1836.0175970747002,3.4618530771363885,205.6917418681531
212.71934226179854,16.248626545555606,76.8261602761699,7.766886199322718,2332.888741934938,5.258929685789998,185.92767409548696
183.23944663783382,24.723473082097662,185.2874161756824,2.2605810342304284,1489.105753490685,2.3212860210310593,252.33435709052063
131.08343827884391,17.180272312818573,109.57803294756933,4.134471538268723,1200.3373987952252,0.4761237842748811,187.49600488348955
133.25047826454949,19.97079641854852,86.79189574615509,4.505942480333702,1733.9083388464123,5.7256545389768885,161.36107833560507
217.37173879954753,21.33885243534563,117.26117615238994,5.601661716214311,2120.082402526093,3.358543158608321,203.34486850903647
298.5348403052919,31.176526469833682,98.08042502097433,9.361687242311413,1164.7896355791001,1.8194140174843365,240.44359160480724
215.45979746234465,32.50977300791793,161.6628880719989,8.868669041999569,1637.0252375454406,3.2393556607803378,258.5924387554604
189.44585434250624,21.049326349229393,195.68298678282414,2.210729430602661,1026.6777118937252,0.4928020144774492,249.49821822412162
232.6626275598115,32.17396242489148,115.70504850464702,2.555106866942169,1050.3387724708766,9.504422340901034,262.8732933276314
166.30140307092955,32.144618747395825,179.15500999583605,4.218764946300202,1724.4300448249983,5.811479149732604,265.59825254676366
65.03558565019631,30.29301900769747,134.87946103394293,3.616694793016065,1447.2959472263942,8.147686813470248,192.51889099757597
190.57420396947745,17.93390228030363,73.58534976413502,6.532938578406361,2267.660948508118,4.231181975477304,157.19519933561637
289.40632112634506,28.80645693801458,153.59341131220123,9.124984429880904,1903.2314591896813,9.033146675661857,291.1420098978073
93.8257355894149,33.90048129161137,127.01517456887302,9.66062387505328,1680.8994426144855,4.833182215522534,216.8711938148436
222.50122270516644,28.65080957534314,147.5909784878155,6.882426572817039,1611.9030565814446,5.739453222006694,265.7345095061883
100.23342216476412,21.63233698215668,183.45311188574973,8.54343281260978,1745.868220284345,4.917939800626568,250.7317952807235
183.95692111827032,25.011586348616625,116.06518559840691,5.726819802077174,1060.658246818992,7.332782958676516,185.67427607461045
74.1691124116799,27.914500867021072,185.17664348260334,2.8749425217403575,2339.19003463099,5.666560776020624,213.76038964215155
162.59273406454628,25.21140817457007,162.60035214224823,5.722195708841296,2497.4547336009373,2.715989235803977,226.7186423073637
239.04083222381152,17.399058834619396,123.29073888169772,5.99574341293886,1272.230687288048,1.455395313226463,205.81227313494696
136.89288105974552,21.24128089304041,140.48332034869455,7.682118077922009,1180.5744471619296,6.061243888829777,208.2457286847968
216.22793112180452,31.04792061107265,98.83716987785172,2.978946907366142,1215.3661951728927,4.8917996154703625,195.78468803181642
248.8624901974323,32.22836092191035,197.53959496081612,4.314793438780585,1991.5405873515506,0.9597569669611294,318.89173938715703
281.79445486986316,17.746000654311405,150.1026744575594,4.276247222931097,1992.1612576761622,3.956174657932684,265.8450054615381
108.66052046386338,34.04773504797449,56.57702787449448,9.634956361670485,2271.8862434176162,5.147764220004536,155.10656817009988
149.82897895232702,21.576452356972187,98.9932858622013,4.99550464294047,2127.73958263938,8.2689323382559,191.17328535444707
88.10400333260435,28.2462747746144,143.49716506385863,7.795845705683318,1674.5345100540096,0.7610105583336235,222.0399466374997
298.12087553959384,30.036502919133625,58.44999166988597,7.7573024323699515,1919.2830423479782,3.4849534824600292,199.35463899292063
281.7502419810738,31.238924692757667,53.582628697871414,3.3898976632291724,2032.427005552012,8.226561227103854,165.88877787551058
184.9892825701399,33.91499404451861,117.50363592917039,6.146827204345589,1769.1047054278379,6.4842393177157875,215.78224489223786
260.5083235941053,21.258390960576452,99.9035269539005,9.048726039867834,1713.4764766774551,2.8995832180378676,208.59129719550359
180.23949431801054,32.170129091031086,115.74479120497489,5.276779475112545,1967.6461684639798,8.453351220226423,212.2501068244279
205.89642200068994,17.633738068724142,89.40399648200078,9.506057566082914,1836.2118234634806,4.932935805626924,185.85308463392064
72.28110802900416,29.100818127071854,74.70766204144714,2.930124063917454,1965.9134580038656,4.983518913104605,138.0321814087494
238.81760512420198,29.839554590279718,153.37150354705065,1.6674319519662766,1919.2821609450457,9.765873392003844,251.62915520393307
81.9283709088087,28.55446482402641,127.18566744017008,9.023084858302743,2078.794840770482,9.471165032363784,179.50169987194607
256.5169075631321,20.04629472270306,80.02313168740503,8.62913078165995,1964.205263174314,3.585326833698439,199.55063115143463
245.50702191759646,32.46086294030407,97.93841393899974,9.933308883404603,1779.613729655901,1.405791286630823,224.0209201895704
227.1861744357441,18.3771692674079,138.77118614949887,7.114541393011835,2022.6952169265796,3.256667322780941,230.3845167085574
59.040095131190526,16.072695830416617,60.834402240871675,9.430191340004345,1674.222947778142,0.3048326031138804,127.11910480400937
125.78208898633216,29.349299812238243,72.11795138992693,8.442541225756997,1362.5068389589014,0.20767886710391203,151.7151964898681
115.77814247771072,24.509514304654672,60.986840616108516,8.599836998080782,1002.1273302008732,3.955221362514192,139.70056814179256
140.03410186787977,31.98196039917352,171.84759990711783,6.122274134088414,1839.9462207187648,9.41019822697234,242.495250340658
71.91068669095964,22.667942821165177,162.8613849818014,4.4412813812503975,1885.9828399129615,8.713573412322077,194.01928024493603
284.23945575776565,18.365571770154258,162.99693978188856,9.411022652889537,2458.0734471635715,5.11442833917623,278.3970191999196
188.45056017809407,31.728843849397393,157.44880152140422,4.88905458054305,1542.2175011414133,5.652263811708307,237.92000371415776
126.38107766450588,25.978192632801434,150.4078135504804,5.8493743052470215,1591.1998642424676,0.05933496746056477,211.50533994976354
149.24537926857084,18.783915847807098,121.54878730672624,5.01502876412669,1302.6993720132853,2.1550115583376552,179.6472765612534
161.80063512620893,29.407679971728914,146.34172452606725,6.083364825641774,1105.801442855983,0.24774126934383744,239.90010613302147
200.14858334015432,25.22227276979001,55.7542332181962,5.234545710930945,2159.206739292611,7.545395326953876,153.5717368441363
178.91985692412445,27.086259644806397,143.2196633985177,1.431708027215283,1374.5215965089876,1.4564579602649774,223.3657614394127
279.8479933036043,24.21796676413164,166.68165583053158,8.938433674069287,1913.3572915450568,8.690471024768168,295.74207023284936
174.24087072645756,31.574179676360128,125.05375405765852,4.999544370241928,2031.6595533182224,6.433243136757882,214.7741360538398
298.03950370582817,31.591254313660997,103.62699926408554,6.300492836566138,1706.8550309374714,2.2941867651571335,250.68854114626862
262.85623943627394,29.187776436487724,91.61401022014687,2.252690224821883,2314.5281695407875,1.5772031708324974,225.98912070597166
102.12762858933395,17.108027547929247,146.42030752431236,1.0304906318437523,1665.6922614695932,6.276247009230531,190.96273380055948
282.64880366097907,31.777077238081375,153.92017979448633,3.2076108427927865,1427.3629345626478,9.008369802823236,265.19415028452664
79.09159947136902,28.420259610658196,180.64513997938138,7.341274289200152,2344.0232844424336,7.183602189143816,238.0738528836025
254.3624271227979,28.94048332008599,101.3501123691486,1.8927507710159075,2292.3464263749347,3.4854665160337763,199.55321821769857
145.15582336914503,22.25965680807743,165.46584610783782,9.17998696347821,1246.0599206146194,5.873835952686472,224.4236533194728
269.4935801112674,32.585591123140134,134.2033736284007,2.9352031242056613,1038.9415275308813,3.1076169537242135,242.4368886311028
267.0141725268626,29.50743200469715,182.42547360171187,2.841342528625982,1134.978334524431,9.99149566778659,300.6687937406243
251.4813500294053,17.25180933058389,129.17181624434312,2.6335716545934598,1429.8210978307256,7.488391884618512,205.91631642015835
247.50760907676533,23.155560688123252,127.64447425969509,1.1258354167422828,2458.389702612566,6.143816397567536,211.92297769027815
126.16978477451019,32.72760723920283,136.68156221613637,7.946249216304111,1837.7742297412376,4.232591427658292,208.30013743983812
70.22982076281305,15.94393403394758,162.39730327136516,8.875310781207327,1559.8925980439033,6.181522902595573,203.2804528233697
150.74504469129036,34.22833239284099,194.70357182426915,6.527464323545789,2333.0741419191195,3.416160624673348,274.7680800013459
93.38112874662717,28.583251366391256,61.03450313236485,2.6937998351187606,1679.7044972177496,0.28864839458030755,144.18709241711545
223.73777222561543,27.627519552867533,58.015190358652575,3.567501972467918,1472.8579426015317,3.9508852235663285,174.79263716303728
136.52493163444638,20.41118512975983,190.63255061110078,5.28334027628467,2411.829293118486,9.30480819579867,226.0143342475206
293.90255021497876,19.97583577478354,129.4813438277309,9.589113564609708,2274.276499289017,6.263010947738659,239.24209074267807
210.243019336333,33.841164389771905,142.2354521850404,3.2261623463596854,2265.5025631291614,0.8395570307090161,256.83985291997146
255.62014090859023,20.965449084682454,122.36354023920933,7.584813135278992,1768.4271145753196,8.849936133950258,223.27357807793362
83.13116818546212,30.510105934379986,64.04861789112117,4.955034009636282,2184.1575982231825,2.688748493415148,151.753330819297
265.5036205681556,22.862435964141582,165.2134067628,3.680626135240196,1269.0300388968278,2.4376949308272744,258.2991209306063
280.6892976283486,17.78508141569408,162.08369676328803,5.103243433199024,1859.8344363343654,2.970909687803208,248.31550543495607
171.765479704734,15.214305953907179,96.75549822392179,1.6408604578710928,2475.7688842713187,5.772022361259575,159.07014114840638
201.56323443774437,25.885146740305018,95.93588678426006,8.188186338373262,1436.4376457769424,5.446880934339767,187.89070941482242
241.20245022574886,34.51557637097865,175.67620713582778,3.189717351846704,2191.528493871513,4.914137546228817,272.3249606271526
93.70965681510313,22.382723876184087,60.85358866119899,7.528709108736734,1735.7176108121007,7.17536863512627,132.32027997495325
175.6415191158606,22.143846679860896,182.16577225348487,1.6151353430337525,1059.708524833131,3.16537731334959,245.52389354008656
149.6657569430783,21.88183235698884,88.49925348438717,9.595887005491175,2144.5290967235014,7.820645215724311,157.1904747699407
86.59349804056228,25.410876746097166,138.94771216332407,2.7371348686512875,1252.8537165881692,1.7532167837859913,187.18222296546864
141.88360557288286,23.813297668485873,190.39912685026667,8.944678685863725,1947.2103506991252,7.8262078907700925,247.60884642695015
67.0430773463734,32.59829253454029,151.71837523049697,8.28525888653891,1128.4962910704594,6.638101052502829,204.40937392949925
56.45297673737175,25.110415834469805,112.16447187005548,9.710739316732743,2420.3010962439475,6.8320830954758645,171.50597973850682
83.79157228870568,25.155156763771377,153.4301313358123,5.301015948511747,1437.5858307705414,4.8155339712725995,196.17922974695477
290.7787778972935,17.767431894411132,101.59694544745552,7.546575644613564,1339.6970375160925,6.670015326808647,228.4212552180909
187.38238397375423,34.654790818207715,91.58876245237792,4.3363959133400565,1193.7046060995015,0.7979704655945741,209.0097459499326
291.455540288305,19.999457817376594,199.50249169020196,2.6593141421772444,2419.0032900085716,8.515511170493673,299.7550043832631
158.12446958253298,16.467281349192053,162.61853467696815,4.98768339640104,2067.8556136619577,0.5554723348764601,216.11733053790724
127.9540332713149,28.262924979504177,146.70799660727266,2.491741138496094,2112.4913330771333,1.4874150987149748,201.9867637810646
176.53546571006103,26.90732740313745,103.29344648289782,9.838401605077456,1749.1068420703668,5.767897084972363,202.06775564973336
159.87792215822753,23.302913079854914,57.374124373257224,1.8662184202664474,1712.0916779057252,7.394114554566915,135.77312502205464
76.41617106543598,23.443844677613562,54.658531405273344,6.302905511073583,1165.031864487215,0.7625156434625346,115.2838287654265
210.20657867255156,30.701278420928624,133.12718831731982,6.6381746972865034,1839.7616433759877,9.207648141223197,221.210346031058
104.0095456273999,18.91425280199298,164.30490815585767,5.842715885866488,1370.3747426631858,9.736076488006987,205.1611327362707
204.8969887244574,31.405066378897793,130.60687856657825,6.959672971406502,2465.7179992006086,6.059501730077111,229.84253561259746
212.55027309953834,27.97494227790036,176.11776079086718,2.0456269751070186,2194.8714100227207,4.812434553768366,264.5799538431613
88.00621328216204,23.37939547559049,55.013979963983246,5.99516671784762,1619.4880902893315,7.413949722797497,128.65553643931088
65.33740677766704,24.160572331677372,105.01281146389101,3.584913140146254,1227.0118880372995,3.283573523272054,163.84239105088722
245.19039651710995,20.132944143721915,85.5605586761267,9.46158456970951,2177.997536708176,4.9326443410510645,185.42486863512667
164.95010594233003,30.042286653939495,117.0909452235683,7.858644880957532,1183.080650621974,9.161510268144013,210.7344969484862
64.54094887636894,25.257494846105356,60.85645897911837,9.752630339437683,1284.0006302456059,9.556554252415335,120.95402186618561
298.7165792924418,21.41709085499687,193.11974623566087,1.338004627661706,1317.2807766163412,9.27069116051185,269.7074901789459
64.44514024909166,26.921002315219006,83.48831016040414,3.566198576626378,1835.3359574096417,2.6244806696384018,136.71050003964507
223.7588072146383,34.91468904102646,188.34616632253773,2.758803279745141,2180.5849809855495,2.324690402167634,294.58008990568504
295.91973131585337,23.705245593131075,113.88397325550227,1.1003912858064746,1471.4723180870383,2.9766450592931424,220.37318753129009
109.7950260539814,33.41382801557239,197.8286199882827,3.1809315722168927,1127.004721412934,4.413111123884602,268.3860094550876
85.56234217179905,21.900336798491324,133.1087575190316,7.10898385168386,1696.8076952866288,3.141674127919636,191.53574504968648
80.34623485560722,16.094654138499717,189.6249296263711,3.079800299211117,2122.1653617399033,3.7421279573905797,209.5377579189296
125.81878689189888,19.084842127368578,50.802348304133425,5.5810310093435636,1332.4957646310825,6.206369521207595,134.33913097833886
75.26145275266167,23.373902866553685,162.23582092713502,8.990363034684988,1329.8868220590614,7.6252567709397585,213.70978591649813
223.04033542353298,19.39269857189138,185.45759796537732,7.243821283141677,2420.840541020066,7.35558198267917,255.69316562971565
65.57294953251568,15.00454076436511,70.95808504684311,4.551661629154288,2431.230590678767,8.14423567079152,132.42685700385235
177.35553203744743,33.30003075495054,64.41887775982272,4.352220450208975,2485.6985980923646,0.3218440321540217,175.80151226290866
299.1742134632442,31.87758822461858,113.68589107789333,5.101622326076362,2211.48940236217,0.4773378967875608,248.09287566655402
253.4925673765047,29.84584462973894,190.05183591994026,2.5933729695391574,1282.2762537519184,7.893829606886293,273.1070628375949
203.80485955775274,18.35629191292057,131.3579840285658,6.706006906743893,1317.972281198892,5.330788223246319,223.94022989989912
126.56340519665292,17.40727152419972,129.11846955825982,4.277375371941449,1510.337862283588,5.781406737621203,186.23218186515587
205.97395907290962,16.352094989447664,71.16891774489828,8.671288143358392,1477.1987970002363,0.5258686021437708,174.58188578456082
181.7603659779129,29.480583775458424,50.11842666398282,7.808973940520347,2434.7916236170136,2.5531380117127087,157.97937547490844
156.52084597259287,33.576159213757705,171.52101361181917,6.494618476829441,2183.6109743225406,6.3835430488547775,262.042996598847
82.67759418504987,23.61071641826074,63.13618444793573,4.277820003845645,2086.013188242331,8.59181890110676,133.27819331058524
271.65105381011665,17.382813439920962,145.07747281029862,2.8893864850613595,1278.9448360871977,9.169833971814025,225.69547781973426
162.4461622053306,25.24785641464213,187.19246817727873,7.985366776950606,2364.2883390434945,5.004194958350817,245.3869191813883
98.65562795519126,21.9766381491726,81.29778697376466,5.377681890919779,2241.8055692592607,5.454742327381976,150.92520953938433
141.93983771932238,22.496498486999954,149.79092543553662,3.0227503435962175,1245.4627619918856,8.33049631068991,189.7971479544998
153.53243813223176,27.426612483114145,61.80478650612642,2.756571535360056,2306.755497941459,5.376246007473546,150.6021682104859
256.8844738917186,29.374362265244045,140.56327157564195,2.4886081405122313,1408.371304555707,5.1685852553731735,239.31471804047138
233.40359514035052,17.212071977463218,74.58975814298041,7.994450765850355,1121.304618748159,9.050840377609537,186.4037357109658
242.32622341033496,15.711804616129527,160.3930340772767,3.060884667702805,1985.2334597713152,7.899327210558801,231.7941349511129
52.7578161071618,34.886606053714296,95.18469421908623,5.739780371726777,1980.706989076496,9.090725263612946,171.2733510978271
154.03849954494038,19.65456697831104,119.50865132069694,5.063917248757508,1142.398014348427,2.182470547811538,182.47962219618205
170.33603790883092,16.07661049816918,139.91458130414327,6.216498093054555,1478.2777134048736,5.243754866553568,214.91497639345585
54.79806920576417,18.797506581918398,75.69101159993593,8.894394103340748,2489.221693383308,8.424721285933579,149.34677630340525
114.95330218625855,15.779156926969284,161.24567279264312,8.809726510735576,2017.6400005131054,1.1114782746710894,202.56978678194542
240.07245578053374,22.836217892343434,95.39605109552218,5.059684646423737,2095.1127499049935,7.946621542939618,200.84954568758974
84.27742643224977,31.048035689026484,149.35577898691304,1.1382962566125099,1319.3759284064586,1.8297338341486946,227.82820626480932
183.82753286314792,21.82488899515441,73.74245760490605,4.837994251428729,1118.1731065058716,8.081187549853212,160.41718864557265
103.80046800430938,23.88366813756733,153.21764888095254,6.455741836817263,1415.3525346114066,6.1200093755686815,207.8398284697753
53.03019366097332,28.511735471348775,69.22821092156926,6.019882831882556,1373.347577789788,1.9323599148486714,140.7645003780011
110.30036439988537,25.177881401397606,113.80347444049755,6.86202495220185,1351.8161511220796,4.733541793328011,181.37143092539145
293.96843872751344,32.22891372042648,87.08091106083153,2.3866815922577516,1289.1314828305594,6.819051664607716,198.06847141972622
250.3842779707474,32.32071350091513,162.2562874142274,6.8188158890265935,1862.1335359831064,6.338529008835424,283.9168916679699
289.89416108025836,15.198213909823073,89.30525067603119,2.64386456869395,1492.1552137627327,4.272471962317043,172.31608917473997
171.96351098159062,30.560926129663983,182.25759595930944,7.754715826270741,2230.5175225712956,8.99366528920927,259.54223679811673
77.43404966937588,24.214672004833478,183.77303171099192,4.05178851936412,1275.921126771076,5.192634144878443,231.70400798825418
186.98987224342324,34.77681082607326,79.46619728341787,7.389058900433082,1696.9406063028168,5.058672985286884,188.91237397327166
163.59433363999023,24.664641517508702,142.07689175115866,1.430790390154964,1020.48675463912,0.6225058994145427,202.39111218442395
261.089270684904,34.73791890776595,63.15764625799465,4.67074023031822,1722.523483682788,9.221203897976372,202.9283411041953
74.52064519606114,30.091387224114733,108.73056494024438,7.3453107003699944,1083.7573313147116,1.77116568678373,166.93913169881964
172.06028425544454,19.972097692266125,156.99825942519084,3.041834646983447,2466.5852678089655,5.283446934365542,208.32769852166774
87.51216617349607,25.76789958573915,148.91348702748743,8.157583403175003,2185.888192975619,8.035676014003101,208.45053391288005
131.168981722515,34.84271278957166,143.70510041099118,6.6770175979443875,1735.167214954683,2.1545327695564334,225.49671428679892
234.33926934694992,32.15061215503847,92.38112954936653,6.288055949348185,1129.8810372690255,5.273732899708411,197.1948790576277
169.00453234219162,16.947337875824424,106.70374241516029,4.181939687839034,1888.6681611856216,2.4068490922334087,183.79267700040367
143.97207128644231,29.12743993619992,65.44192170504293,5.342063233430058,2138.145626052816,7.596949977999118,160.0431374400054
148.61906964250883,21.91159171741626,157.85342306504015,6.376143708800678,1286.0758795071179,5.643411678731507,217.6410300921027
164.86169210149666,15.139645237606963,125.58331951869103,5.252159025234014,1852.3125111812362,8.559758603951435,184.65037481141758
246.25413595926423,23.06961938053999,156.3148448518482,7.284819915465041,2221.316347574302,8.94558002877383,257.77595567185114
273.0211722350586,19.695088434499425,87.34152871953091,4.9032723979626365,2152.371666469475,6.487334824453981,209.09344221204935
288.8336716259821,31.37738541040943,98.66573429525994,2.820458635678273,2204.488026800729,7.253912461589445,221.24377203268676
246.72584656382378,21.74661217691531,100.1323005890172,2.925404045209425,2318.9851373045794,5.492200998868637,206.03307550140897
128.8517239370032,31.550473879076343,53.86136146208243,1.0522339195864698,2406.5231532392054,3.844287330673829,144.71768982054186
222.03367652163553,15.011958776695906,101.15718092459353,3.708619440028052,1608.2817328053038,6.481179230208346,191.24007151886167
159.40078101384796,21.156383000522382,170.49568602770503,7.7402587643066765,1853.1536537843158,9.082886234873289,235.98983133328196
113.66765551151279,19.82330428615524,184.59477436246078,8.147464379538485,2185.9892890684164,4.166803804314379,225.97132286704837
260.21789485648065,19.67134722137222,127.73274734538911,2.82220787886175,2045.7097209186747,3.144100263737953,218.29738070100603
59.60658724058125,16.363732395309253,118.32525428288304,9.63139597184267,2493.280342396568,3.884369385525741,167.82348078497674
275.4404980338559,18.742485408210033,54.62369280490554,5.521625141321141,1020.5164766569662,4.353976302115996,188.53677063511037
165.36936615618356,26.110991397712397,181.8806506378074,9.252808741166524,1532.699822973686,0.7356102897771621,255.64483320509865
209.3003692020701,20.82722145675489,51.95153201388091,7.36088753675468,1421.5418894053037,4.9844184043499435,163.7126926422771
214.83848055144568,23.34789564658296,191.71251203153176,7.501900807201718,1393.473775248302,4.943142480500597,269.8820106784157
273.7794351766341,22.537337606943773,123.38243730321359,1.7653925917546403,1333.7946737483287,5.884438276405231,224.00662975764143
209.16742054180182,32.51809849999789,101.29017403620898,2.979920142072376,2063.6857612228437,3.6282003047133147,220.98659228837428
203.48339619001544,33.10597998021031,188.63276522639902,1.0793334996502537,1127.1392099129828,6.131075959555897,275.6005342619922
66.66301014017249,24.8591394331172,53.65864896651451,7.4451487642906375,2112.4132509150077,8.78216310274203,107.52558111656985
179.602005486301,21.603119006312088,137.21373423036306,4.09994459585659,2040.13876302441,9.554709904951643,202.83432906681915
87.54225020426041,17.13601408004727,132.33987867490066,8.079872644687121,1376.2061987513446,5.836122161410496,191.39490917185486
234.35844218037138,34.0680575876419,82.89806018170731,4.0504259794332365,1379.2506747477419,0.42590953970313095,204.79324614573545
178.05548020316863,16.20453889800595,114.33311470253159,8.37400377068975,1943.2908780167531,9.69235997267109,178.4899522849036
220.05694480208834,20.953005551365607,147.8396008915655,2.176284283734817,2143.2566582255167,7.0586206089625625,217.6385196106295
60.418225150596065,20.96132402340008,159.06967953228911,2.5603584108175736,2314.7284196310484,3.3596364855365213,196.92848785135098
71.1980040114508,21.408025722804297,50.107528805986966,4.067888856255428,2278.2093457817136,1.4715770096372338,120.45797354386323
229.08084701567057,18.285736865448186,190.5280145136523,4.67638649994046,2447.3244912457794,1.4341861223627494,267.28415294980806
68.02108399966835,30.663228618473944,74.67880585892186,4.138325297586805,1872.0773430047666,1.6774440613960273,167.07943407459504
67.81418194131464,17.449957239319783,85.03706513335388,7.872823292708979,2362.9833420105397,0.45572521613820305,148.03411684398347
53.027118808721866,27.698133183063256,89.52101685407723,1.8725625336404323,2212.769909890616,9.021541886529116,135.29723214794174
289.12534957487003,17.47692053411635,55.6730204828053,4.160953176746393,2342.0014364710205,5.4076823282733635,164.63640964118449
234.37708986475172,16.41071275185913,68.45781853854874,8.535159995639134,1017.43990192805,6.999594127138372,160.55201060322796
138.31285212551603,33.188590073717535,197.9524884416243,1.601173695359548,2448.8544877987165,8.281085092683075,261.9524585263092
124.13389532191381,18.802575326374114,97.28251060659291,9.481091569042217,1710.2952442697174,7.915410063332002,161.80733821723345
137.42580743646238,31.425003091194085,67.2951635508574,9.876851580448117,2197.274484362264,8.826056237288416,183.67403925922656
243.66338279529546,25.892617422142717,66.0486891761935,1.7971135644257208,1190.8061790066713,9.67254622524952,185.57957671617615
215.3426527676036,16.55713039217539,157.9189951504958,3.621452700301633,1593.9116437209611,4.390706147419396,235.33972862824857
96.29889196686699,34.10896382876135,178.18529960489613,4.351605994318206,1407.1909945314865,9.503354666683904,222.57730793190754
93.52733383352108,19.939223339837852,88.54284492627048,7.987522317874535,1437.4881557514054,7.232899483428163,142.31269358084322
74.59891242834934,32.192906907052134,53.13642685028525,6.363341309050604,1184.8834299263226,0.7066819030807847,145.47805935313565
215.07567992533453,18.376200115691283,83.46350276680337,6.7992913044331065,2208.6457488145106,6.817831212123454,172.83410286706246
241.09316555543398,32.07885764283706,58.4773536195136,7.817588405366553,1013.8634718716172,6.867166596048486,197.678856822144
116.261607081251,15.26457625810588,65.50924049450623,2.0618109949332313,1468.7581854778036,9.058605637925272,122.46061367934615
55.236240257728205,25.235609131389616,114.72621797714636,8.498885112192362,1261.6158148246225,3.7293213247009205,169.37878019593532
70.54291686910683,30.388851588431137,84.48775562924489,7.3505782376212965,1883.5584109125107,5.849115002718178,147.85174461312877
291.9650087112576,33.695910349855666,127.39188177881351,6.196075526767332,1381.3786039218157,0.12187551011742515,259.19840563228365
123.86119436935506,33.18404272412974,88.02406298857855,9.00761801304751,1388.4976817921495,3.32075242181336,183.38200751538554
242.3057869595334,31.392497390952897,191.08059516544213,7.302757184954264,1732.5072159929782,0.6224372615878093,305.7296574607548
206.16589221356594,32.76382699322608,185.89159518893968,2.8152996636792285,1979.0335590113887,5.21872972764897,262.8307298802798
145.484909913224,18.98439371674153,135.0209157515699,4.8677084296810005,1181.9570568477454,8.174476505069531,190.52272044559697
101.42181554888879,20.683685914234573,103.16359879810793,5.4463858024216,1263.2671786982442,2.0644269212906896,161.81827639542203
80.34660453985161,20.77937049842117,107.17203230521034,1.4969586407536508,1370.7621168917765,5.274410455577785,155.73568281811913
203.75324200971664,22.54107862003398,111.77784247167455,9.591737620240501,2460.622321176941,2.040086365107671,203.3598978353589
243.65844515944698,22.866413407703774,159.13689832024158,2.157195347171906,1595.7287499143804,1.2068846784624043,233.44338024165225
210.97606338528266,25.89110649309351,117.74584932782568,7.2771514050405415,1898.4851359465397,5.109967919343425,223.86209885688857
182.57553331228956,18.19759526732883,178.5094919758846,5.556079324817921,1362.3142190739668,0.7914862094972763,228.13819930895588
60.487805857909066,28.824933275719786,191.61421788955468,1.2306902489598033,1735.689287736232,5.873546311379894,235.52089904791995
292.122194398596,18.35133078609013,100.39192300684007,9.322727282779255,1111.1787615789372,0.3133746067672627,219.62905671468974
249.67854791364365,21.20616964209095,134.10417220635202,8.6665312793704,1052.1132188834904,1.0671497186837553,222.4245599167326
123.20550917524119,25.06690261212308,64.25848052488466,5.71832135113452,1703.1002902321902,5.499974854873578,138.25744475192639
294.99258233971267,30.928811230469545,80.07035716495385,3.060481025255007,1597.9889312776181,5.914074128989139,214.09841645884427
200.47039740908053,29.789384664774545,112.01986500652401,2.0946060161208484,1205.3204795377414,0.2898693009375808,200.56899569040382
195.60566455181163,27.910687128210444,80.93040738526683,4.27053231488914,2031.4021433811006,5.733767880015584,180.22933843084877
237.01829485738304,18.115465211603404,181.48407361830763,3.2988545294148146,2489.3552363488966,8.38502525323637,263.2506357312282
252.9424470225344,25.940906912311554,73.74293840886472,5.5602208090566885,1593.4702317950687,7.223161772939539,187.46234304367698
214.11965183287566,16.74893003599771,118.34912323296379,9.69768366511086,1936.8379538760917,1.3118510392079863,202.28113014393887
82.02393659155001,22.547263535933016,140.85488606898133,6.174581439066772,2444.4639135467287,5.924746475636149,187.39786263024013
134.5668764986246,23.27033060579918,153.77958622412666,9.009379503010882,2247.302458670313,6.722525000742134,236.5997306251714
282.0209100815124,15.796228788915077,107.46040545897601,6.857909537461995,1695.3283349540286,0.37231201752291776,233.0399037644096
106.15390296096298,20.479761989399435,180.36486030870927,5.2772187392848044,2106.234226689879,8.553476686836227,202.14860796846398
143.04175595937835,34.11298934532979,135.24787266168883,8.691468064600341,1192.202560375786,9.062673972898303,233.42659229057713
158.019220736049,34.07265215659379,115.92616706713277,5.242312991556978,1768.1557831956989,8.504522733622586,208.52583145245922
159.85124742361305,22.046541085050784,60.08609510780549,8.817653534593248,1418.5904157699047,8.246314679891132,159.6832192928867
203.2348956236314,15.862002178966481,119.70342026677476,3.6241909261818877,1241.7455318442417,7.449651984608932,186.02837249003042
285.76895943617694,18.58189878656363,173.11037612235953,2.159317663866893,1639.4213593818022,6.334320312819601,243.83951970365888
110.17317795812625,22.844355868670803,142.18115273319734,8.697830179266445,1196.5218316504215,6.7862700498825195,208.30386626036903
80.37534407522952,33.9555939593846,174.82436805936777,6.286736474134001,2048.4776622617283,8.06395293334983,223.13416780242937
99.36762246498432,17.823981270743698,124.10175058989584,9.001831584240641,1684.3600660800034,6.624984583613046,165.00462581151373
271.73122505231737,30.270316873364244,67.76925576417227,9.440444862931448,1796.7169488469958,3.27726956682071,193.79192245249124
211.45270316380152,17.17365078749384,52.04597687538216,1.4826555133430426,1219.5639080022356,3.759611021613539,145.3668397867241
121.47669730979003,34.62515154782554,95.48293200778868,5.508723716729815,1209.6574916402417,8.970574683722921,180.1130818560769
253.9867347421543,22.6323299821827,154.69857072466885,4.374680941670763,1875.1231528901862,0.171220857971619,259.14202995453826
265.342499090859,30.50469077798112,168.53898559125406,6.632725573631054,2477.5146217441697,6.98820581244282,286.60810439672537
261.6285846725695,21.851821656222636,94.36292519304942,8.142320774820911,1144.3758748565883,9.547775524252154,201.34681793193565
279.7316334098886,27.553377543176175,124.34808813248706,3.5253119437693208,1428.5971428486719,7.062281699579737,235.39996842839207
113.06025504334039,18.840321694800735,113.16783566511225,6.011185459358545,2304.1886748068314,9.93911988231782,164.25964062663948
238.76048218656956,17.920420385939252,111.57841765271418,7.3785572191440965,1108.4080183828555,6.875449055283308,204.20443757580847
165.134874318535,33.761282791362625,84.70230698002257,2.209879745521606,2313.828582050427,0.34363029216861074,172.14728619587163
260.4996382225154,33.35294555808867,70.45566575441876,8.326602153561401,1786.428975062127,8.270098816469236,209.5396981951784
232.1226692904033,32.749378804257645,79.50328373468197,6.454986398676757,1612.4001608896388,2.8462991193931906,212.8263270305068
244.11186162493115,27.508669003331867,58.29985807450191,9.545836934022866,1464.5208465271837,4.46057225664441,177.76074758664666
214.04045942026787,31.165364224325565,79.71961127353656,4.05576027217624,1445.675737191763,3.1209191590708207,201.990982074612
94.35719236742672,16.3807387382275,51.38013464380692,1.9733134810347879,1458.7038736742181,2.6855410620967946,105.63885267576381
186.2567297242346,21.695780837813583,144.08876009539674,5.558510809332327,2327.2046214402935,4.314057036697854,224.7168903575626
296.16743488112706,21.274062495143124,97.45631110815243,1.7722969453849498,2085.6928452621783,3.7875144844067377,192.55430023659045
284.3470166242797,27.712906439052265,195.9717067140363,9.725738709916062,2004.5845117467259,6.333385818425894,290.8721604555467
60.793433949252915,22.11915546941281,79.05755761644468,1.3481646243147238,2198.123723428001,8.131512009875106,124.13079380039557
91.20370393235928,17.970135632873617,101.87428554643908,7.781535109965772,1385.6719945062175,2.9708865318724076,165.5620352554973
82.93219336364048,26.929341508270873,103.67617379622999,5.725921583280196,1927.0642181226335,2.137211528220174,160.7381707107285
231.49497749632388,31.28767841338163,51.26772440936908,4.317585872484598,1690.0993584369264,6.668952708703423,187.77602350978708
254.44633246423626,22.642469889199464,175.88119295591883,1.592579480577892,2173.6624528002903,6.703200658307816,267.53280221795075
103.37784157766798,17.645374301969635,54.79916902164871,6.59950231756247,1463.8841657099283,9.011312392861718,108.85845339660789
176.46317323795725,18.933763946256462,191.0269752093862,6.266982964518597,1964.7679253048436,0.15945686453310848,255.85343807619623
260.17575700279997,19.749666103387682,183.8111526640431,3.527949457608398,2323.3186177259704,8.530406621165099,291.9327725644763
233.20038619156264,20.997951859890726,130.32828741289455,9.191995312692809,1603.2257142923931,5.21002172948357,217.2794647388521
185.55930137296207,27.855901410126183,131.53933623669383,3.736990066085532,1099.933131051192,6.213020891720989,219.53314685399695
197.58692261469324,27.01890969075438,148.06668844342346,5.047528695328955,1774.0762335126892,0.9137144056141477,233.2166992029211
177.09013672907,28.921597231340783,108.05750179023305,5.893862103267901,1518.9587317105388,4.326149328720456,207.6869682127004
124.38711282970515,22.250039690630263,147.08334250967832,1.9020869035865748,2008.3380708207624,2.2730240723852377,212.71494176840545
191.25549821475403,31.479953037599564,56.71525830327303,9.389455472922691,2426.549387122909,2.5422503008250907,173.46729934600893
222.22132551252267,19.081753223115207,58.10714410245899,4.37082537205937,1728.4124769952705,5.040951146760274,167.6418656121977
268.33072896520196,24.380814950363078,118.58456294293165,1.7270129248690926,1699.2853452333006,8.124559504031124,241.94044220035934
209.07283849481203,31.018774430828607,132.44334516590524,4.485620563077969,1981.8772002871904,7.437809301448562,230.08352757685913
240.2803842607895,18.603172954652386,183.17264605037286,6.401822923833226,1155.2462553903515,5.909999590859538,271.535016988473
90.01790873864326,17.19726227481566,65.69909508618444,5.622874046391966,1380.259283387522,5.39418192753467,115.76531009652291
165.3893686049475,32.673679353759795,173.3971890790834,7.250877766335466,2378.4689882505977,4.2730604323448995,259.6598372587025
52.332904956773326,21.85859325518392,81.50710059381043,1.4993554786111956,2004.9139200456493,9.727099735613864,119.07167984728056
111.66971613040576,28.67740249818064,109.11254727650478,3.5608654924485053,1020.1660659751244,5.601925542342333,183.13751600985856
231.61542877825121,15.50697208527877,97.49036522411194,8.37307519156092,1306.9382088385298,2.539663983122221,205.8743331074901
297.95248783734087,28.800937768188994,110.02329092980985,1.7190431901222478,2024.2558990433486,2.3009079204003955,230.84538147429006
74.79452489680398,21.32202623093941,72.57432471088784,8.699373592263619,2146.5988038438613,6.113530307751418,151.45226467982906
150.37357896532205,16.114817071748835,125.53551116053325,1.8270648286939561,2259.7893590110625,5.228275273109287,195.57275338011814
250.01774217478987,27.19625523096234,170.2463884747051,8.510087934025266,1438.2652050730674,0.07697802954712785,285.32357097386665
101.00890865722471,19.816076321463463,116.23010155683454,4.2470956097085395,2396.542894416344,8.300653721957794,161.9875531548838
188.77123732557155,22.7361448410376,123.59203638472987,6.509881569314942,1829.4203403668384,7.041223542324346,201.64892144781413
233.2678240074187,16.61161624573027,177.31513779219713,2.3759840408319834,2044.8085335818394,6.6182928967810355,239.15850695811548
203.99636256504476,17.943265021898906,155.90871719570464,1.5955184955266275,1895.108294169862,0.6878065769765895,233.9697910522118
97.00618365385404,20.959544709916877,123.5681612779677,2.9434438361812156,1184.1100820119307,3.620558501724914,158.72284769403586
138.84614217143485,16.795190011203143,88.65434722837695,2.15068436117826,2444.6719890773197,9.353822607327862,154.05228338889404
245.9479461213493,33.216525293726306,182.739012026745,3.8116530791166863,1184.313369841229,8.625892413413638,269.66827461135813
188.55662853300416,15.120940863679568,136.55306025358374,5.629449218599182,1382.3229346167755,2.8554293786953346,214.32213887379157
51.307403385728186,24.67720437728623,83.172141516604,6.298835172085086,2220.4418203344703,1.570588840991387,140.37119618658005
240.24769000702346,17.464949162651028,90.36796289570155,8.108812966417686,1927.8954422516522,4.49087957168577,206.7304637127389
58.82783873505977,21.15358178955897,170.4699633404369,6.906159039235227,2257.2237480645354,3.5583037866766087,218.71685444167986
236.43344568280804,33.52119119636531,56.62183431311832,6.478824926165977,1773.6042825610673,6.82226376705991,198.9536686038303
100.62014004130936,18.23389106547974,198.813828054323,4.706038247371971,1565.4898530499522,9.664348100843196,243.9070103873842
289.5183700298451,34.31664639436666,69.55275195721876,5.2642759146412486,2382.768249321677,3.6300144998256147,213.8880715841735
141.9851878255211,19.115887539788435,169.4102788095406,4.73068746451163,1054.3784762721923,0.62224172652242,211.4686910590319
131.73290408451976,29.83132216933659,109.21629751575243,8.579494270552448,2284.1953305295688,8.976140083423852,183.3539711024411
87.22201258311117,25.933545297946235,123.83242749312002,3.070004072935599,1346.2266777816724,0.37949730239870805,156.90709127342456
126.40105387255372,32.68957455193518,182.09758661968667,1.0514883838776816,2273.104491630952,9.52765897153333,228.68144521638786
269.16269045705013,26.07986511006262,111.93667843838199,6.861879075036153,1208.7949201253284,6.6457942800903975,227.9246349802388
299.08358440681184,25.691184383126174,130.62406305098517,2.8221596527494826,1870.3284455358107,9.41689208441949,236.84109068363017
142.07738262671208,18.909160007367998,57.394949361375495,9.011036226788283,2332.1618785172077,1.9965968664897826,141.7896560214336
162.15265773863564,18.324587241033175,50.352121080117975,8.731416967359905,1710.3094703483357,0.40699795253807625,147.0214831409963
230.51773455068425,33.32978302231028,86.71998095025889,1.6905463473538531,2119.8500107050895,4.882099782764918,195.66506990295568
271.54894511626867,21.55676397700068,152.08746393781507,1.9574956487266961,2207.007426783338,4.506234145701252,235.32740172467726
198.26108354669603,22.44164509925792,68.18973400387051,5.456544330219996,2104.741313075169,3.3149227325488284,165.62535316067368
147.88142454445733,30.196473168567767,67.06429382068241,6.483003964924192,2387.9946053118974,9.576564743886975,152.279382073535
153.15546021215593,21.776469648456146,111.6440912053855,3.4741750373401667,1670.251345779893,8.225837321614321,176.3946846362817
223.9045366242017,34.04124893278005,147.175555791234,7.451179450294336,1259.6881587477337,6.615820213755933,268.51527377485394
50.80456590106967,29.758555379976006,156.81079883718957,6.354244188269844,1071.7165955537196,1.6285829163782772,201.66041897853282
204.89733436496016,26.9485848514684,76.76760111475622,3.923416987736992,1369.6898044562577,7.343234082185247,192.93033055526695
138.87325261033936,32.61790321089505,61.93822210580637,1.2283433923808404,1214.796255820363,7.2701245469972395,160.70698517637297
248.54933281927106,15.992118166989655,191.05955509183164,7.751352531686659,1836.9231121517207,4.250681736160074,267.65877850353735
73.24765995578304,20.141253843784174,89.09995738431526,2.9327829924257443,1277.418005817598,9.247859097140136,121.15137944362223
197.05056673709763,24.3007266844182,178.00197464130858,8.510263691163654,1058.4005609340568,1.6697788222901044,260.74473723465184
170.24322247153094,19.53957078943042,179.52371756942273,4.7826123404882965,1053.9847433030018,2.673375624116643,250.87108097063626
210.58138147630686,29.87810374604304,165.87838876438167,6.193696983685888,2247.3542475472923,0.6322433925063364,257.35835277738823
66.21339862074208,33.3841606210745,75.32504099788551,8.856538573681018,1887.1748971645372,7.954509581775875,161.79136844956736
194.99594685703283,23.475402398618467,173.27021888813005,8.77260700827958,1537.1279528400673,6.217593860953973,266.9231356486648
190.37114698988094,21.842652002237898,165.38758388623802,4.34367617719216,2341.3420641103703,3.1494030568124955,231.2404676598843
190.16502360404274,34.231014642751326,139.50844851593257,2.8800000344335883,1105.2949171115704,1.6381366359431537,225.39379856031871
200.8719166491137,23.897048656550815,100.58030527534291,7.976314699557352,2470.4831090917387,0.4014777002874037,209.39086928825924
219.11698430659055,24.780968008985663,89.37629063998162,4.8977218324191805,1924.4376853816916,1.667455686259366,193.73664650632873
251.24724992019244,22.03299744683811,68.28338181205385,2.728377942031037,1275.1963809532726,4.532846463376582,166.9304867448015
117.45518003205359,33.19096946024277,126.46356003513071,9.139828080854352,2018.6036484654528,2.4717696901060613,208.75303036047555
256.2623525450155,26.379109665637017,137.789131326477,2.7829377481697866,2145.071889675344,2.589821774319667,239.53458818439802
174.5639205658634,30.243491743632894,103.90084857736808,1.2322645137210797,1644.0141750561615,8.755763666677144,171.58122394176414
69.26456978358279,31.236134367017726,121.30386015213028,1.1825197639067797,2292.448909368321,5.151376734611006,181.7073406513773
64.6377323109948,21.836980838345163,104.52716860539,6.600838208088378,1226.0986109447053,7.2925197312841465,147.98921771816035
133.5595796740152,23.6738866264076,146.1509085981052,6.955075546457773,1418.2563753664126,0.3571094902814309,186.23037758082677
246.2242442778669,31.969435488125292,185.1888811694845,3.799375345512855,1140.2385423759847,3.651633556780287,282.78723276542854
226.92023368522894,22.265107033516205,74.58803930704173,3.8800989032235704,1316.3167609110283,4.791693473954418,166.72543410383327
247.15374116810162,30.878702669037025,107.21132148546852,4.0554452355394845,1358.0932178667176,1.864168552101847,238.0164480961491
179.31726411040233,33.81984645148874,71.1302905926292,7.121426920829908,2376.4497863825654,1.2019154144553867,178.96952688245472
160.04974948887264,27.46420746136014,143.7415655611748,1.5232041192414574,1117.1645331267343,8.703037784998426,199.15727326409296
86.86313167657099,29.832545749037777,159.33057642328936,9.362047174221932,1641.122680281564,9.394316270997965,225.6607275382876
132.04818840232787,31.1019462408227,189.78690988961839,3.002689397597018,1798.5980308403696,0.7880669804540741,245.70097148019903
158.5048415434688,31.900792977932852,91.83078893914474,9.997058847178831,2348.039580703241,3.490187125424431,189.01781436178533
72.15010741990432,22.90106675713592,192.53168087981453,2.543704244084683,2496.54432799182,9.582856281444737,225.4060598972015
105.15298817780281,16.025269183519963,59.489400773101224,7.943918115811397,2130.0821723797535,0.8316173313246489,117.50283967892611
199.5563235159347,23.03752542473479,140.45207950468824,3.0107129043666254,2456.1864858535446,6.4364137287872625,204.9277041296854
233.91577855979747,28.475124595681795,58.5699079014995,1.7276212147892858,2180.6516988038106,9.722213709670056,184.9587657759561
299.5868778482374,24.007007715615856,184.0661281642917,8.87439991915584,2444.803961457125,9.782236685813746,301.68175425365393
283.2783328358894,29.97926301720797,129.47135856050812,8.728761332718026,2060.906088916683,4.712233309037432,255.11060656379237
210.64129988379787,22.139648589373277,150.4022526144194,4.632133532046412,1119.6451381766067,1.627491077823806,232.37870464524957
155.312013323518,27.69488282208059,174.73608888656787,7.321565282863841,1602.8802804890147,2.0208431497743886,254.82191247241067
209.0443411770582,18.728396097079493,72.54659337259531,6.013593394155254,1969.8959257037054,8.896013951243946,175.09551735704312
246.412904520058,29.987388732899138,55.78873429072008,8.67660502306374,1526.0777641813766,9.116830043297359,176.82313952763363
79.58404773084683,25.913919376260516,181.83217188692782,3.8355037238678897,1410.0758771706678,6.078796438735548,224.32505713555327
152.47622242407206,19.08128777093201,97.23998411883987,5.713051599990867,1866.0989006996365,7.661763994699113,163.41716292062063
259.9505714089043,20.838223469956144,69.34683618907479,5.368351340840954,2400.2528150536523,7.399312514704082,179.66771518817626
145.958237983261,29.972174171636645,120.26918556306298,4.1851524363117285,1052.4728102742304,6.61821597989107,198.73415228075908
192.96806780679663,24.652024713230414,139.74591135440284,9.02309558100735,2153.8468053121564,8.27276954871939,229.81590076315948
196.94234021554956,19.320628807861446,54.64559051337652,2.4929013219628193,2084.0909170669406,6.854066230403211,149.86273803304186
96.11906328340984,34.34542380740595,91.23434873856316,2.345577755686265,2445.930138082431,5.340023057474993,170.12520353693824
140.5588604130721,29.30250039633776,54.9199811415344,6.192185817904762,2396.0668334988154,2.3695636258815678,135.96742502780037
133.62782218548304,34.142696650795926,113.05030837932485,6.917448069864478,2143.348843066289,7.43888144118619,187.5665593699127
56.5491771330162,23.542100907206866,184.26500435993665,2.7515732889210867,1780.613147023898,4.734378678382745,207.68992467377012
56.04794097283881,24.50200681383441,197.39786172403538,4.516456980291617,1306.4013298502798,2.9479168400750932,244.94369271649606
257.92426091894333,32.95910432370039,145.55713302554415,9.519074586808694,1817.8535774883617,8.019462757417754,258.40984780653815
118.2677024932031,25.500986804907694,74.24565406768878,3.219556804216066,2148.027990879481,6.967136003530284,143.29768870177193
179.51969155970386,29.145578238113345,185.87740849989586,7.015246319056547,2343.5038189568395,9.373395631247,259.9435438158359
124.68139339719326,20.0434575499106,127.43717348000906,7.661344543278317,2184.5680138158236,1.6544164001887773,187.7435162012442
285.16981127883514,23.93452937405281,73.06239681543772,5.0331582951864355,1292.900402786581,6.491892846364932,196.09122330889406
114.82418971644344,17.4689973162071,188.2590004177492,9.437733880836246,1899.529471342089,2.44239468088176,251.71905534931537
157.41420318473376,19.119600717539235,163.62035760846544,7.629910616969115,1498.2601892970356,9.035829853016416,230.09805880333133
268.18256262115045,15.018868305352623,159.75579090847273,5.121321218748081,1013.8085010859645,0.9949941425661568,239.52515672526636
260.48339169795213,15.785301032973205,156.3771055691607,6.124016815984846,1300.331403682999,6.561618064448772,271.0248360293174
96.52535446156932,34.545676463538584,80.05097316446634,7.233520990825906,1169.830974900174,7.910857215280299,163.45390709877506
250.6608274489276,19.847073902735247,81.65100375612892,6.3297116238629645,2264.078685309203,3.5491784036470717,184.93044394638395
164.54672168447317,28.26621419008004,153.24394976408826,8.908278254434684,1387.759378221718,9.541380793838092,249.30084621690227
170.7422180213388,31.78199397599223,82.95841251655953,4.211997960523611,1427.0469533313333,8.507306845860374,172.59611660897912
83.36999310398595,26.013209184731284,115.80075452045733,3.6989716605022442,2439.9048576983264,2.946182996849034,189.10521341250964
70.15037843928116,18.062890001679122,167.3002738390912,2.9245500054573785,1568.6300845732783,0.07541092715998676,187.22189441239064
231.9848267434413,29.562328746723328,167.59287771467615,1.3400467125813562,1014.3784602165919,2.9665717611806084,270.5391116690776
174.11528808882494,27.00502820199166,117.98926587887894,1.387125679420498,1425.7692225192047,2.8131047047074254,198.36325552708075
159.2126756537949,29.625011786947503,168.82849074128677,8.830496737983545,1178.9493709027188,8.89964607500909,260.7437044768815
232.37705716309918,30.394932457141742,175.79326942970852,7.105538317653166,1154.212842603781,9.671211782547475,291.64168489466476
241.37822474777744,34.5082073536949,148.21636269263905,6.944791738928375,1116.2309352036243,0.7043998597026035,252.192641122187
89.7270419173384,26.4712656005342,84.26387784626303,6.531785370413974,1889.8892052630658,4.712948285333168,166.28070646928396
202.5562873694103,21.832822253812036,91.10176705783212,8.642972302246944,1284.021585444788,5.483319985297958,174.4208219762873
83.83852056942138,27.969291138004742,97.2261733113103,5.322402330990647,1541.8641910615156,0.929116613297033,152.6785627118553
237.8437715072614,16.36881418485252,67.5206161600928,8.833697457024703,2293.026574195025,3.7749770913752254,167.25471057635892
214.23878906678488,32.94794636643172,90.97394305549176,4.235005235640152,1636.5072096944136,3.170824173929506,206.66668987955947
289.1536552708645,17.387620226763936,81.42788364687982,9.340367539051815,2373.5370250774563,5.360563543270873,204.0475199648808
67.2395040891053,21.556856757716364,118.29931247129032,7.287912820731161,1746.9070800934094,6.6119089973193805,165.23891080169946
64.26368028781359,31.31490761252242,186.26563218083973,3.3145942242198454,1598.2549222596335,7.034851104965666,228.03459678049921
120.54676867330004,26.946247566614236,65.67204751309372,6.076764295197626,2125.583390636052,1.3675502361338754,155.75485610892147
115.42642093397649,22.872710405548844,158.04018859210933,5.7972750533943,1109.762648152003,8.129477019446213,216.80096089498673
111.74469976799995,24.468713187500427,153.09245066196917,2.2410893955730056,1134.217574473626,6.7854202979075895,212.00001238851672
276.56364513025915,32.090947864043606,64.36312979950365,6.321186151755527,1977.960570884441,8.890749167467195,217.94928616396678
112.38654996237653,21.80008772119784,188.38586073587,3.8330706134526213,1730.4110698588725,4.493360594354341,230.7914445042368
117.98743153215774,32.39299369624342,135.27083032352294,1.4711389012864218,2185.6228754788153,8.938897627221916,194.83556938144116
239.84956560449092,16.76268861953383,104.55882817035263,9.537905419359085,2374.406256015297,8.657741223560754,211.37707917775037
162.434960612635,30.535968744172614,163.480787524296,6.77341332157859,1582.5503165073214,4.384093323592696,233.3964037712155
244.1776392387953,31.95095266109473,88.60481876024511,8.892270386837623,1894.6150398769694,3.8114331529297862,209.94458872732494
66.34153939109632,18.636353056746774,154.02647555694807,7.084504045119278,1751.0449416929648,9.328120149702567,199.07901921070862
171.89279841834608,23.60693064744401,55.95668113583709,4.212853229261016,2472.4159834636494,7.151647345384377,145.2970114099196
58.40340004582066,18.309995493273114,175.91120564139078,5.6141926509593025,2246.6266110348924,9.282453464380756,189.71346497498612
65.66330086383863,29.132082579884354,117.22562705319777,7.081720843124594,2367.60656241603,7.969747788958131,162.19336603448681
276.6093633361028,25.706955361233135,145.50393715369125,9.642270926812937,1381.5101313664063,6.092974392914144,262.43463347947323
84.81134277939879,27.70646693416642,83.18567297100256,3.2830251320952684,2158.789634743892,1.158527770037645,160.27497263021095
183.10517056880428,18.92973933912422,151.5610568987672,8.874793527617058,1398.2098374964735,2.914806725790985,239.94906684098484
152.77390065017664,19.23491724104839,165.83604138399147,9.316700247648425,1313.1138001425848,9.688424070983915,229.87760025283723
136.83583156471067,15.829946510198127,120.98197803265981,7.033739631930609,2416.3992394833263,3.1942209871420446,203.97351310105637
274.9583364218181,21.441350703914594,142.65903860926915,9.38139964661204,1028.9566250768,0.9325486978537079,253.08299240487884
55.455849193872375,26.1948932266735,118.44888857335978,4.580907287296316,2448.0830554951444,7.075533559193198,164.82274312887202
215.94742154389726,32.15869827994658,184.11370538867683,9.577145584363985,1223.8928454832094,7.340042545436843,257.57093468361654
290.84860855338763,28.338548949173614,124.68037707714788,7.3250458944937735,2229.1571226899023,2.854577202871508,247.71419559281446
190.0420458654605,23.70792646799503,176.27130635432283,1.3780519067693071,1413.8838296021547,2.9767197934630376,251.20721047018532
284.20561550827296,34.062402287882755,170.2028087405373,9.161855486371476,1526.0534911460911,4.688929855087839,312.18850147282416
63.06446982150594,29.38490401151664,111.57572320225347,5.360255281298733,1325.1365669829775,0.21788949762255538,162.2167681366088
154.69832976854036,33.603304057251,84.51267377862126,5.142942863000496,1878.2710637216196,7.893230103611636,184.1429301339045
115.03944774051278,25.55175946544331,110.91231988396565,6.098199453816709,1522.1433212618113,3.1708878727412557,190.69336136451057
232.70524124518244,20.178085495862792,173.93260636628304,2.344460920941051,1986.0895592419947,8.537631020019775,248.72915269269052
295.3242726243117,16.05653372729444,84.14488037290886,5.222494437106588,1023.470976913099,8.026304216000337,170.64396082132916
114.13251561106195,29.52169702967701,128.6654518786624,8.48014495045971,1096.5623252725595,6.614020331187831,204.77396611237717
213.54365036851863,17.42605996011068,170.91451219411212,1.139342132237638,1149.4917290968729,3.248748670992887,242.50139443379283
99.52440818993503,21.055502565439344,103.02162126925683,3.4562544429193416,1628.4905279653467,5.1631656166117,146.97155150382392
191.33256364290247,25.64941815767795,146.33144555040462,1.022091277994598,2222.194258989964,4.44829257597959,219.66193224694683
165.98312167208405,26.288331755594953,86.84473610732218,4.741401782348635,2332.2668655675743,3.388818862486742,164.6011904641768
293.00133240788426,27.01166393974272,66.39191680522399,7.554839594443612,1367.216110091351,8.481362893031783,174.43338355290905
202.13181817411663,18.325106606994012,169.15763376392846,8.188946462031657,1861.554586358521,4.835070745776653,256.40682321563736
137.3765930217047,22.594748096432973,64.84529351130602,9.506707850143059,2152.5474890389005,8.327230977971464,151.09874471156536
78.52394622198335,27.34388454233933,90.70720926193769,6.476541516737079,1433.244144879413,1.0521847414182428,173.4090070092279
87.81170718373363,34.396377292675695,178.266413299616,3.291641799876059,1613.5116051044097,1.4102478860033574,243.22961351984748
106.32923248780878,29.552622753993774,101.97039306180008,9.31733154223029,1785.9613040285708,9.773203051129768,176.5819048770717
112.7416653350745,33.452075141879156,195.95680242712416,7.977841784923385,1202.3122696120715,5.877684626060896,260.35571345003683
262.65401446028443,30.24424116628354,196.96015021607897,6.1698563470283005,1038.9734405886704,5.09769673499049,304.26127137581426
190.30569707063123,26.83433937784801,90.2414030680335,7.260761941470424,1229.2087139774248,5.231560631441116,198.56933580512077
180.8477278435916,18.840467382726892,56.14673333748357,9.318847195066862,1940.2804318803,2.152687740328598,157.10102378830481
78.69221796730437,28.33371303785026,155.75949263080685,7.411546256256295,1110.4273923005226,7.1870394950197305,220.2221880541108
265.03492333735875,27.467591319198142,117.64797539725156,4.3153705682626065,1284.5445472751926,0.8478062372975437,227.63948404348818
230.70357580212092,27.049383409145328,65.11292659393644,7.4172538206018706,1506.7808285429555,5.733237131030232,171.8855043944211
66.91709047500039,24.795717359764815,156.12842284670643,1.3625034646184908,1116.8050964595495,5.707687965859014,188.62812206312773
226.95877430744216,25.573132079785513,54.67623636678818,4.4777400564752305,1287.5489067424517,9.14188424133511,164.19980421847112
185.8845543356615,21.688850542362083,180.5295035738363,4.656907286610213,2366.9046834752667,5.261828101048604,237.12360091556445
70.43133643669456,25.386253852846064,70.79787936699556,2.501544109787512,1028.9486983404772,1.3706269597417953,113.85553649879277
164.5751603821641,18.951118113569564,69.09678181200874,1.2077693249659316,1980.1478862615431,5.727532592481626,146.06258182555902
171.17407178251176,31.103487947207537,76.35084469528768,2.2004311297396852,1576.6133963727775,0.9132764436533236,167.122011528489
91.44363504081895,18.715539093974158,194.03995377380997,6.891593462173496,2008.9731091485567,2.037938352999217,230.8621170817794
286.4245367500706,16.699325797789328,153.9754040380769,8.220599347273188,1883.0375805451067,0.31108584187416133,255.611477229858
262.4938428701655,23.724920527143148,170.20573031954552,9.893831434542767,1335.2481315319665,5.132935824594983,290.5978181448849
217.25558433227707,28.166148790121238,109.64524785991296,4.117271527976449,2270.814231360083,0.8453261529357237,225.11321681895052
165.5738902501518,23.754336498670828,100.44690912574333,6.394413000349916,1737.910573914035,4.693943785313291,172.205337479126
152.94138539612715,20.53508263902617,85.1726010174755,9.434304701336098,2233.8040283702076,9.329450353241441,163.16668054334522
212.74336678773855,26.163423677808815,122.09720424686134,2.5033760320433736,1609.0188042823288,7.197614130193321,218.87193423777455
186.35796735172636,21.940046708243997,132.77431003012526,7.458810277084684,2477.0283308728585,0.7741167422529305,225.54088950780513
65.5682764704714,33.65735380253266,144.7662265479133,7.794808598342469,2155.7340377519445,2.2420981220884317,209.33495147111782
178.12566219258292,33.45290279207144,88.56777559980418,1.8007798228240453,2448.92530766886,6.736624198934342,173.22636943760165
251.60090430820986,25.04743639944191,192.2981121354486,8.751244466647584,1771.4897183647881,8.947018610241837,281.63647420335315
164.80996939923952,21.55767988036517,75.46377473107037,8.317945423997594,1710.5366984360508,0.3291858676395376,161.87522606076055
62.989144388567105,29.74264827913278,194.84797621496185,1.30062705919691,2133.1807139878865,8.12451131720594,229.9643999061964
246.56954984600827,15.734258869661332,52.22841837612557,1.8197597339204634,2320.436894520145,5.618138803383087,166.86358336135697
100.34094553399359,24.495380120873023,122.16885377252684,1.4421420450266709,2446.218693798337,5.460913252963926,167.75789936281586
114.65520872200969,21.72646788540667,100.00517571748442,4.01269178619426,1486.8278590487496,9.578131827533579,147.9400259198673
91.17658835807397,33.410717702051095,117.36851208953762,5.583600916119336,2198.0568607639584,7.476446125967731,187.1030904546322
132.5537662178744,15.240060545453652,135.59968684711833,5.791129551591659,1315.968396453305,8.50118868056112,196.3869615221874
239.18787642215875,26.05629751436698,115.33837370190635,3.409000837924984,1818.3615201181678,3.5399556954466673,202.32742536047914
179.84646487598434,29.813271621332518,112.22702754523925,9.204371979042467,1269.7722226137987,5.543640408284098,226.16827863890543
101.22031853767814,24.700359750480825,159.908512311996,4.314365108847219,1521.0960426255083,6.1540567742777075,207.21702533127134
269.4575195380102,16.708060603254435,152.8814412629697,1.4099514036881726,2397.0375508096886,3.215839403624651,231.8673579607101
269.8954637378823,34.44922780055805,174.9906923053772,3.7020440038724773,1219.1360496596292,5.702481249473995,268.62426128120916
267.64460626150174,25.360208627521956,87.49384718592432,5.779984802897399,1948.6013427027947,2.366553794797138,214.66787569648102
109.69905284538481,27.283724886380227,141.42927646310955,4.673996403294089,1889.431409391105,1.4337567106823956,202.67698967128726
162.80983604524704,19.732195654150146,137.77921780892808,3.4645826718933326,1181.1075290634797,3.7397025927733263,202.79320247501389
296.24741403521875,24.669961702136078,105.4606716309033,2.1819092478788567,1488.9685656532183,7.39289628746437,209.88489414171073
243.0031190774976,23.582989839166437,122.90863128540214,8.372480500866068,1844.4722567728986,9.161871480738876,224.26433494271893
56.791855306389955,16.497916840039675,97.06732149585932,9.965307179117726,1280.7679134827354,4.577140514982325,139.77605651282633
66.30114781512302,17.123207070949345,71.27665964254778,3.9658792017149387,2200.935484619223,6.428236882754317,115.71006254250824
165.98284420308318,31.74945039237549,82.07018159940992,4.434589397589435,2458.234764302125,1.0303713097510048,174.65011353416563
277.3050514653901,19.796399044131803,65.82704696018017,6.562337722092614,1322.139099943708,9.044637585523287,166.45257681839766
184.67544948817854,18.899165429972612,152.4604362785186,7.4659732726198715,1280.3679471858638,5.686042135699344,252.65439083895524
174.45312700857255,25.098229025002787,149.10910896637273,4.528265813232322,1682.4026076961668,7.803382476251571,209.15617194353018
76.36842498915765,30.37494262725026,192.59095573698093,9.144365652836337,2121.6479157100484,7.944412009213938,247.9201172291186
214.1950261810735,16.23893037157976,159.4517620470862,6.040035903060265,1422.400915352877,2.564805263681059,217.100505770106
255.52579015005637,26.536158392765117,57.806875813419715,5.053510687653379,1029.8198630459206,5.2917445318184955,157.25778975420994
145.10500187689058,17.38420885681147,182.63677608934313,6.820054778439146,1811.830942049341,9.604797515609775,234.15687232145365
243.90296273133185,15.72922101651237,179.40127444185887,9.575234634242559,2434.900851650961,0.8963454482082778,270.6015140230211
291.11916347520287,16.05487904324435,116.4980481159048,8.15097064979535,1586.9152831104184,6.8304989802956335,238.29201838383878
100.94161478192228,31.683282164168826,137.87945757918823,1.360118174816119,1630.2018312746507,9.62264078035172,198.27576177634324
180.83240779868532,17.359449672561233,196.41174987087783,3.9907891966596365,2453.352575671057,3.005771080540222,252.30558756208308
121.78448952114388,15.90302728824584,129.84565457722493,5.234902164561005,2041.9114174400925,8.614479214043481,170.0167965668223
248.21360475845984,23.757997742858244,185.79827425641346,3.8306581498819474,2078.757884263188,9.336575454082716,285.8803624705405
194.39834147028938,31.879869438840494,62.45581367152796,7.301688047474109,1844.0530080566014,7.47086209394825,184.94852106115943
208.64560438757593,20.248167529786038,78.65778030630243,8.43642234876323,2461.9138162948625,2.3132831230695827,169.06889284709095
249.4785399039735,23.434252350518328,116.11324151619768,7.582105856667444,2033.299726638334,3.340007188265939,225.82597856451264
148.99261816561372,15.798450651275024,137.7135212505957,9.903999581454478,2342.549127407754,0.3580929441773073,209.32085168797397
278.7725171017608,23.98157028269752,172.43417777942005,3.452928831037262,2049.068298599832,8.314532342453552,265.9416443001013
183.257216811535,26.552261612742676,198.23931727147803,8.874905455219793,2102.673737260594,8.4961118651108,283.82261859023026
89.488705708837,26.418141075042897,108.32772447111746,7.8996039865703755,1435.6163832133698,6.327103099661927,181.9602234753277
223.97477954220062,21.648533843487304,57.11234542101274,4.259608818023315,1455.2180470207286,3.525278512638513,158.11726846041907
248.3153376095636,21.31066361326271,170.17572549429872,7.607120892912718,2174.4769743640436,0.7681102763992054,263.9716252365795
129.19041926688166,17.132472378731958,140.6571078624212,1.9366836077642227,1445.0594337548494,7.530576099149094,199.96930329823832
264.2948142496882,22.335966412925366,79.78142883023025,8.104001341064972,1844.1551062022975,7.265261936099229,207.20960780858601
276.5358136914416,16.989893377459293,124.22426849321303,5.790975423283924,1374.028466360053,9.12602521738901,223.31559803786917
119.22612184445224,30.33191889424103,161.34653683005865,3.6306115543832784,2225.4750712136038,7.305320210053622,207.1103671141106
295.8803681788055,34.32548595496372,165.56176806029657,6.9019957160576215,1165.752026841535,8.286949422440019,293.1337756719532
85.1778820121896,34.40148913333414,124.9427617998143,6.774579988429681,2244.169959642497,7.459546179039995,203.39836919931054
100.50391710062249,32.30142198750788,95.78217951932888,2.8853760044763974,1904.0947007614027,6.306871883123164,139.10934091184197
96.05620980950653,27.015842986792382,196.06138730577402,1.2735767333037353,1280.3643022406159,4.269663941910093,236.68148185097368
273.4974275019676,29.0173139448776,149.50439164347392,4.902603282115065,1813.0530782591773,9.021173086422777,254.93251879226557
213.57313808124047,20.70411605360828,111.23562790194481,6.1256068240997905,1423.7482552710107,6.509685719074698,198.75194232424914
88.02607080556822,27.615408403452413,92.06948363069786,8.889447505335387,1485.201002095745,3.9835532196590906,156.17023162880687
160.08085459208723,24.11299098879755,159.66544745053432,9.35395116082835,1527.2920623953205,0.8346929518195723,236.78934788775106
203.82450626745052,24.64034679553865,86.32751683906515,5.759246963410898,1094.9788704584814,2.907048559043821,198.34472869482542
70.86602124734583,30.15553120750316,75.75649834605322,7.784231353916904,2478.9425266021262,5.437267348301647,145.44203096103317
270.6040921018347,20.638367111945033,129.47508334431055,4.953729450951972,1047.301942196836,2.756353700161945,240.9984664980649
250.9008838603838,21.360792233890397,93.49810889662129,7.714739409156037,1993.7453097764176,2.212353479179021,197.35742113572707
176.30169339415954,33.49283582257273,144.33577173854226,2.8432137244525024,1556.8414716361458,5.273935140878471,237.34908389123922
291.7816538147926,16.124485897019444,67.69080123113503,4.339582613231783,1969.0154364200484,1.6982034589573458,182.6585189009195
154.44024481877494,24.712685968266808,148.24116568509822,6.708051989322533,1534.3723796313757,8.004100633251035,222.99708165528637
296.0275797591245,33.25601600815723,92.49447919965533,1.1634216904637094,2010.625969388288,4.84368151342658,221.68566842366303
216.97999970090677,27.20726015636314,50.03644016517691,7.502151793050586,2093.853264202541,5.7386277396265015,173.67299084606336
208.66781831348536,25.92814148424264,69.04040865112646,8.519819511413502,2035.828960599467,1.4738326759734854,156.42341406801233
91.48872382394626,19.994883584587104,190.04230667526411,4.592274949845563,1170.9429720372284,3.245763356293674,210.17808889531884
270.481939576161,21.865509781288964,180.10319586730367,5.031481754594479,1985.339851982027,4.100896832611529,279.17940301555836
156.87242198015377,32.04096831609386,85.04135480543553,8.661539909948779,1419.981324181146,8.08212830516503,163.8428576892503
90.55835144561985,26.184362635369162,166.75578568182368,7.9808917179343,1043.2020558540003,7.701595230861526,213.7402643078724
53.15187999393976,25.294843875135598,141.28573897609613,3.593345401300375,1622.246007833431,2.2297747478768137,180.68930802572487
189.93892090959565,16.99159427080058,195.63570671748042,3.915784959053851,1650.3146542057016,6.161790816070077,243.747535495419
181.84990553066908,15.320563129102462,106.04084893010887,7.10990409151537,1700.76120002867,2.4345635777199757,176.8569302642319
229.83840559228963,34.27370377374098,152.2190918775757,6.068782832033451,2057.2362480860743,9.882471556902454,261.16397522368266
272.5645132544505,22.53972334573683,59.53035836358779,2.4600661398684727,1463.2657137136887,9.521238781308707,181.3822195601187
69.85164616075738,27.06426124199009,109.43710202246089,3.789369183062498,1472.9207696558838,5.632647205206204,152.22532981946668
232.8741225850906,16.5943014637457,194.57264917822707,9.099849491907888,1090.8283843618908,6.98902571894143,266.54806924492254
96.85298602439556,28.662285714460932,130.84713116751809,7.193569930500371,2030.231823988444,8.01430382208645,188.8548711776885
264.544263289291,33.651334174119214,93.1819255002267,9.873768859169676,1851.739137099376,7.209984200449039,205.0180470216883
254.76587846541403,26.513305059948394,68.04064446929102,7.903112769826925,1524.137669040682,6.998286910824208,192.4047120304778
185.1984387463861,17.52230644750821,155.52925102722958,9.477769889292311,2057.783468376032,9.585540079495281,238.8919062508358
227.56069965582788,26.634430549469535,146.72840651445904,2.9456971648342787,1806.0366238403158,5.964561063072833,247.29020005149152
128.5875282959371,30.326944262093047,106.09080704056619,7.9433638733523315,1703.8674188058094,6.363026718190556,181.34460597518728
167.79197473320366,23.128330731480375,192.64120277987513,1.1819576813301769,1766.9868154916896,8.492687504381811,233.2776154973332
255.40922442761791,32.59675495882936,53.330421948177545,7.036840195403805,1954.5221879005849,6.698908678584068,188.031563228305
164.81629929330347,27.97365906714729,95.55857774477387,5.223540503082172,1990.0039068618992,7.329326220175226,191.90740315999625
139.44956633136044,32.98497836578405,188.1604229449372,4.120840647280618,1433.4367287110758,2.3416868619664246,258.326891608138
173.55311181257497,27.470106224946743,98.14031574791605,8.761639170637801,1211.1150450867299,3.712669241150709,197.7655656491368
257.06231310930457,17.625759440096484,87.83792507827556,8.688409233917776,1234.951271785778,1.4730134571189302,209.35619671576652
133.80201184271817,21.19383422210378,130.1330614896871,1.2007153440877922,1959.0863288545024,5.057654423348055,177.4372146196243
93.44039828393595,19.03589896504914,173.5702624880807,6.485546102044879,2309.309928650689,4.557274006802463,213.55355211447866
228.0035050826952,33.17652995433725,65.47201413175415,4.310490018888608,1614.2444175183277,9.971628142794568,198.75316768074637
256.49455317702046,30.208001345749654,191.45310644686043,4.740949013504043,1254.2802404941935,6.112086528155425,287.3891571421615
75.15936963088333,28.52796737820012,169.2609321771746,8.488366652968985,2134.903747440782,7.864448231944233,210.38945472348658
109.96852818898618,21.019326392632433,77.1875383327328,3.7885579437491046,2248.734211629173,3.340146707576542,134.98052870629607
85.49299744024847,18.68089544100427,156.8011941797244,9.48743929573858,2320.8736646814496,8.315453313427966,194.18729848927413
136.98535289554167,30.129021759778237,107.74380839563358,2.616704437349267,1910.2471433705998,6.150849664876834,187.03428941085076
162.58774472635315,24.483158917581594,110.3442017114478,6.9645018103136,2291.0928390821273,6.969923315984384,184.84318076834805
237.20658424082663,19.515791043012584,167.49351386582995,7.048945603123882,1023.1224376726116,2.944307779494544,256.81279764988903
212.78689622041853,27.332439563305503,194.4177211971098,3.2697564528512637,1160.8537026542854,5.486383916955772,264.1262813358984
205.2321418696078,15.806677042769039,68.9983809270791,3.9227554807048177,1138.864100578148,6.340369734136086,131.1976317782148
138.0937366524136,21.52340508256507,113.09453553182291,8.513186433219463,2068.9070263820995,5.890946758165811,190.4737684549695
260.36188827118997,24.371139891822693,122.14124121264553,7.856247294594572,1104.3726753153685,9.151937114245666,232.2081774873734
167.82179184954114,17.959166682188116,106.44677254324964,3.961862922832836,1744.5465586994605,8.982726644925535,179.54173941043447
294.7762345037886,34.69308955181679,104.47836855743375,5.805608922414405,1709.0603479544338,9.709840578768706,232.49974558450953
208.5355345739342,19.181947291792284,57.840300134239484,1.555122666277859,1466.0552853373615,6.6742800600698935,137.515592536862
81.56618539112569,17.607062600865312,152.8307930843935,2.878712941587663,2305.6077549131496,9.719141301256846,187.66882331333915
219.0443905188585,19.07069747773793,115.4321625680068,5.372385029743592,1255.649802819994,8.32478000031909,215.94896881694734
131.27600385792476,30.381222663194485,79.21907039658902,1.7737636175129043,1528.6941765988597,2.7083214033995926,158.69232645102738
221.58179917152435,23.510113185436857,172.40502534531026,8.589991194027437,2161.2572500343936,4.274356695512971,268.2748993066994
67.41028704060143,26.30831879505076,170.3841122227442,7.462055890968831,1045.6334715899263,2.383924421890098,213.6003937528673
93.72035929398984,15.420183139727214,122.95874421333407,9.492703035836453,2009.425600369553,0.04197160830565205,162.1603441179774
263.9343147264466,15.688626171466291,94.76759917216408,7.2412021536762445,2224.596589542356,1.880487531469086,211.1929609251079
106.79488925587873,23.916510996540325,145.71390886946784,9.46361235035967,2398.4017582572505,0.04060586286875667,222.27222804380946
259.260281310735,31.33310486403247,93.22282036661045,5.990613001218685,2314.444960737227,7.1983846135049,224.47466185146894
119.81902211360261,32.70477757415131,85.4011895485568,6.401967499557724,1479.0761752505277,4.2553429772119955,170.1387861117395
210.7204775146769,16.734131351912804,159.577198103949,9.792739491636349,1879.5462119844287,3.1257472707785827,248.73135753466917
223.53764337745775,25.767262042020455,56.0487859581426,6.779162321778343,1115.9402397256988,7.617208910951879,176.47043348419254
178.16368828626324,33.264593725585414,64.2152706551891,1.2770791197467193,1386.805005322013,8.32486774619645,177.0851348250147
126.32766917418282,22.759455087957726,51.01822610353847,7.51422498967471,1141.3335681212611,9.7529953864988,140.17194473583916
103.16109409277402,31.591316628567373,72.94147797131393,9.149218229236741,1472.7809352309457,6.4201358467524114,160.36062820362994
58.297338640606554,17.673913087988723,60.34850130656892,8.16022224814894,2312.7808201880935,4.615289585400517,102.83470105915029
125.98660031018095,33.707889793355974,199.3703551669878,6.254499453628804,1520.7502595114388,3.052643016074359,268.43485981163917
213.29069763282075,30.028466350626054,93.32149549311345,7.041731617841647,1842.8471545021396,2.223182092142263,207.91044566738557
284.5762046121207,33.82668785573803,72.3902019003871,9.911726103265046,1650.0712721724112,2.1292595048260123,228.1743174391979
267.801120565763,28.53234467105013,86.1494386993877,1.815958796584045,1688.374786448103,4.091893747197988,215.5600430215138
241.51619413382565,22.268078639988538,190.4188357310202,7.005203457699156,2454.3580777548377,9.917863552879298,276.20073095884726
247.11183581332466,33.76362345049445,128.02403345365934,3.5505792511353444,1444.231702395787,0.008536974374032669,263.1934380006729
216.2462258689988,20.51133552618357,104.72271444617854,6.7608135692755305,1940.986704284757,1.972058972310008,183.24374346747763
115.07171439150075,21.64345044123465,181.0087186863829,6.468612182955449,1630.0940043691705,1.8839298240357383,236.24253111565616
276.79875767645746,29.016168360034804,109.24854058235488,2.381111488973459,1091.7192715715294,7.1711948553229234,214.33757248046157
217.68307797645852,30.306325990507723,100.25128549365436,2.860719811662152,1733.996247436354,3.524847275980618,184.32022925694127
190.11015774510997,33.588069676983075,81.09237838246034,6.594666202388922,2220.0149935676627,4.572608045918206,190.61436915093833
77.74736730337027,19.09604818112419,106.66952358641171,2.1540695257339673,1148.1294530225325,1.4862413046990497,133.5934516527807
161.76388595160637,30.95996070438448,97.5026534025389,3.3866278761729056,1104.3877710944635,4.049970388769477,183.3139966839116
165.08956780048157,29.77092106793927,151.59559389472116,8.517209929642021,1230.4472805899,1.0319981190583605,239.78673489970956
266.1409023806675,16.275891125071958,93.43740570060908,3.9438235540147475,2146.600167083959,5.330432878885832,204.70707705840942
186.66205504694713,22.74446282420414,136.57996196338422,5.392541406426966,2085.993076217107,0.9793836538285594,203.77080611183223
145.10013724260241,20.655309141201972,59.88382475479591,9.470263016312563,1847.5266533591657,7.905083811731562,155.1875537783558
294.2000821276648,21.08980848708061,78.69337350447715,3.044341799532517,1702.3396061389485,5.666017175404895,195.49059489894051
77.68014833157892,34.658937591094016,111.11079074170232,4.506634156222093,2332.488722053933,7.239678737735169,189.52798140325697
155.63710707798617,27.855548269598557,190.54238808630433,6.458119979891911,2150.046735750224,4.185163866526839,256.71460474454676
60.50616879285133,29.353523155869993,106.5877978573543,7.79805036553575,2217.913376952708,3.8149129324222733,157.25439880867515
234.97603019173258,34.532352746300184,149.6111181799751,9.114880480414346,2219.8934520259813,0.982088890488636,256.98374287842785
279.51913804978767,22.544035649152775,88.26308336320972,9.239256888161636,1964.0757321183369,5.238556070428226,200.15157424790792
120.00933238762236,31.03680336905612,69.05503639598476,7.989760669353607,1687.0219364739187,5.1450216485709195,164.36122980323483
264.58541919978023,23.690619266089907,58.78049001200752,3.054977529339794,2297.016628878476,4.6810204444960535,190.06864498501048
123.05455761547444,32.39067343629959,95.8120247814127,1.2232839703830922,2389.011126404876,7.405183646824493,165.02448036783338
277.69254041097884,18.613150826226065,73.6491540195362,4.453965373200614,1035.7090648875146,8.325044000323544,188.25499143685403
238.49047589919599,33.95372354128559,76.10156720241864,2.27393965889041,1077.332309899377,7.507896749485081,176.0731568251029
251.22669421035965,19.375434168217595,164.1138962580425,7.393488826944683,2438.114945362656,1.4386574280684383,261.4693678442218
54.501638900113626,21.52441013961863,52.37571064173113,6.950175281431451,1415.7409207662922,6.220595092821081,115.84483641420316
290.7025892685065,30.123844682135612,133.67151886031516,1.3957447745930935,2310.054159474128,0.8032310568953338,236.8624934789256
231.6677480175808,22.875102831308133,106.91920708901972,8.52934401217856,1583.192678442104,6.946222874404765,209.06147157769263
126.18777384653333,27.164227535328934,125.98249998628208,3.2386893966206403,1178.6500864140335,3.818390965611267,198.47332833409843
257.3486662147117,23.89147002138857,134.42453558219043,4.89004367941938,1120.6648003140015,1.324989562662866,207.60264906808925
120.38029960373248,29.847398741795637,97.00515416859173,7.0114036191016815,1234.7618486206848,8.620508569761277,189.0259185962681
268.188459891532,19.566625047372217,94.2663290276428,4.86476908167028,1374.839792301047,6.140083390389374,203.16550857229063
78.14509760298425,16.16915974473754,160.01027740023585,4.97159022519949,1732.7775308962393,3.547249679475275,199.5078779678175
225.92149436519892,20.998587949461324,180.69154821817358,1.5906519580216634,2052.2468508486754,0.30727179650499536,251.8325377358311
185.17461916122758,24.486173297368605,78.88724486877919,4.612991943340035,2479.59786472795,5.373102590036105,154.66284509490887
74.1336175488602,18.36040104385357,64.64281408027234,7.883631038979852,1662.2601149337565,9.232258784862326,126.31122057322186
110.47345706470975,22.095945793127775,184.66937095880388,9.23658703467938,1777.2774135146647,5.963798327023657,237.24137905485884
53.1010090693287,22.99966036587137,102.4843195471098,4.721474233570346,1782.7235520748834,9.716506046194931,145.88854600980974
167.19199136612644,16.14783687376547,132.69760859942213,4.81227244191171,1809.151533231904,1.3645111827045853,208.97410181094833
125.3163151900001,26.66614496368409,103.93147167800052,7.323643956912869,1776.6109856566934,5.6830510459483685,188.7189124457175
199.5893710744397,32.68686855942575,68.8703504519077,9.48494800994749,1013.1621325928768,7.981250480064295,205.22136373894142
124.3094519271543,18.03485825906105,138.3997467421592,3.403548462154242,1002.5872331647611,5.255407311257162,187.78803038420966
124.97977787674617,26.95616026803028,128.77112776544445,4.961297858841432,1146.4994771891843,0.9106635598747259,190.79321449163754
235.79829968290085,28.294784098216926,80.44903387867959,8.16375919197071,1152.3349051437683,5.828860015472177,196.37448287254495
62.03570899458836,23.386693608385766,117.78035669784168,6.487242124366347,2057.345363432194,6.117379058424717,171.10215764099928
275.7237487979968,29.0219517472854,169.54212560234686,1.9952770956755925,1307.3740487739997,7.287092484753526,280.0040739786568
263.0659685977954,23.21463086982024,138.5639154661837,6.649594620060391,2342.0711571334195,7.61211515165474,229.09980372118898
216.95117080660162,25.0927457595487,64.53759906004923,2.680716561375942,2392.909494365529,7.707726882106072,165.73331395156453
198.30539252684608,15.14706089108854,132.20322458437028,5.591943406705638,2463.840006843848,6.63444393638966,221.8645501914707
273.07562453491306,28.834402282693777,155.41074489343805,5.761929408943947,2408.62195733053,2.1581118641865817,267.3628447896955
96.33254488217861,28.226853578894488,168.9055108671127,8.885830260024864,1407.832482877787,4.0423575583947935,239.24071778198442
69.74229054770716,15.768017546526892,144.36763679514002,5.162448466111943,1764.6652670552687,7.761299726143987,179.97357579563698
109.87754247738452,22.36500214790266,72.89872468111756,3.514981800123048,1263.1824552954115,9.534269834008132,144.17754536904604
248.64456967504756,34.580636815833344,156.5259899885241,3.078697133944284,2209.31448275865,0.78946964836622,258.768801110307
58.667566681620826,23.414731251372338,151.60127691222746,8.868266890159024,2332.647557716144,5.355366777971948,190.6735172174353
195.70170877087241,25.038908102636835,53.66403244109498,2.5390976897640556,2276.933258946272,3.1252227132430646,152.47227020011496
298.8593790478275,33.19860316319437,111.76215013853647,4.832817047948294,1650.0504230452525,2.253938943168298,230.38198616796885
263.92402345938484,29.345237517315127,99.94253704435599,2.684558034342523,2138.0108270301716,5.05810683519715,212.5677711883032
180.36142226089737,26.64140262248447,150.41180963804652,7.959736361029378,1146.3687543644041,6.060893405565367,237.11050842559467
65.91022732166059,30.95609362682145,82.4203718466381,5.269353759771571,1060.367155928876,0.09772231419481248,167.60044285784204
257.84337859642744,32.28732532911947,138.63078844613878,4.1602932150113086,2129.8546214631415,7.80206572201191,254.3950770341596
199.74462704430263,24.137761434745336,186.98089427212585,4.249896765638201,1638.0329114930255,8.198821312594477,264.6434790898056
78.73324926489171,24.502167298636707,169.67035583129115,8.669927860506814,2493.3238971093538,9.65510824567933,230.2532182553482
73.46432120583904,22.721018713036717,188.21866043247957,5.9839655886499425,1145.8813237832985,1.8064373322469496,215.4056520470829
277.40670485914814,34.334122800369215,196.7758950399035,7.460810660181372,2283.441522302851,5.9455256236094804,312.00882661967495
217.30006573451962,28.943325085807007,51.60051905092441,9.07334664625616,1719.9745982934876,4.266253734763945,198.59306412956218
257.3216998291889,16.664461324161447,143.41119145662162,9.115675084365778,2240.725293255816,3.3482785155535066,242.1695943739175
269.7447250705668,32.25919246626037,111.92590966383597,3.9565814890407682,2225.690923255217,5.656334514375047,244.5536190068559
192.94308801208055,24.611198816725363,178.97817355026825,9.572061368317467,2373.988002043116,7.823830932235502,272.5998255152613
179.36158793876032,16.37507812844975,87.77220530136975,1.223882938131449,1446.7750169291542,0.23052783445210112,144.03377266441677
157.60685258024756,25.99434510326622,197.15442336726142,4.391520049145491,2424.6990301930045,9.694001125661867,260.8873424886881
129.23664694777983,23.343285579514042,142.0561954315621,9.062189717579574,1227.5004405364305,8.098815857057108,210.4283259086104
158.64899021467795,32.5549880972525,169.03061033432465,3.4717319183528463,1122.9531663902358,7.511537036455785,245.38485700740446
243.4699139325391,19.079892072187747,62.83993292341525,3.4577330528918653,1647.4232760585237,7.603873821805035,155.80000957586319
200.48085775378289,31.52929218984366,77.51868271382975,3.7236005657369984,2242.484452962764,3.8906070961865256,173.27081315214886
273.1308224887115,26.153773823709052,163.7605509551305,6.5108204636223,1710.1316959501683,7.516205508448137,265.1020498109938
160.84500359479694,16.09220606426938,53.29797830589854,4.944994980529184,2243.930016295771,3.8677020860295763,131.49624179935512
201.77239467968852,34.43690602650969,172.53169788406743,7.540613527180083,2094.530208691458,8.987068295747932,281.8390335507973
207.82688827299717,25.252304882064,52.09235280378672,9.054195783081992,1314.1425792084003,1.7722238330646967,184.92407905332902
197.92429057658137,20.81753708463165,148.567825859191,7.067794374485746,2423.3224373491958,2.9234742421515145,245.9443284521006
225.65844327137907,24.38813683978516,104.76408803477088,2.8402004817781794,1091.171752944105,5.513375426990761,206.7989175326758
109.35836709370156,32.15715567034978,141.72422790787988,9.394137121244519,2347.4195613156926,3.192110358872725,211.26628152262722
178.09094438644766,21.09806248770127,154.40471104836706,3.3804358601273066,1456.665173485561,4.2423724529527345,217.06219997703425
76.05620070208693,18.853527929734007,101.37128287794563,2.349048657953423,1750.222124746599,4.924226893985947,145.02986705012063
146.12783191120315,17.58142493861763,66.19436721662534,1.809705509748648,1633.5278090511017,8.563533488135086,124.4462902673579
171.9167671553161,20.957187967804224,60.44688016223985,6.07045366599549,1257.7518353753744,5.231922536086929,154.18082248807082
213.05606488636812,30.60096174080087,138.34040338438217,2.0238621623258664,1537.2202996025399,3.624598486145605,238.00531154794436
287.6327631465509,24.432527303905232,128.09830306011673,2.248982957013677,1289.401654439193,2.477361640351158,241.61825137630134
200.16276663708896,19.5496320738708,161.33015136816988,3.70027432535947,1305.8297131907857,4.086759787921972,241.65757342518418
235.89847904413995,18.323699992194985,126.46032650059057,3.5348770871601745,1280.5852540395706,5.157361044143699,202.42968692520378
176.56651487380068,21.65458953020758,113.36686850463187,6.438155592989281,1733.5260705198914,7.461148572032363,203.0864096430812
208.52600784408284,33.798487457714174,109.71307673543463,8.350707515254133,2196.897051266973,1.2104877617233867,219.55950567912234
67.73305403344335,21.860534251800487,53.96703538965012,7.852146905826031,1853.4550506418614,2.216091882391509,110.178144344765
113.59789521046174,34.7624815190927,100.33358025449857,3.3623600924482906,2339.8098828262628,3.796540158686732,186.31718625844596
140.4632733012847,24.70460911530712,196.40302362867413,3.2077944818738193,1954.8167328650861,3.603984051195146,262.00028059215543
168.1233387516284,18.583278365803018,181.03333643406333,9.69212377096271,2034.0101734489067,3.9174808760521174,254.51225063600097
61.41218637559594,32.82280183587019,99.40671005513265,1.0741261743276411,2001.4108445905047,7.9352126464032455,154.5747346629503
85.00602438832942,24.207107462696538,138.1693107599558,8.917484797541942,1674.188789775612,3.241544029621731,200.01203053934762
119.20357694782645,29.19342687009049,177.0945118303241,2.7975566721016447,2034.0082333001242,5.018981804026646,234.744730943206
292.8831727252626,34.67423166418304,116.1911505125103,9.52555890780791,1104.5616197034417,6.239070328578965,244.71041665324088
132.8367517757627,16.00350700639948,52.69367956252265,4.080765563447677,2289.7772078734947,2.321785501836051,110.16522103462131
170.51026452802063,16.933891195751343,61.17656927279601,4.963165965039271,2166.7182151658762,7.186953871475389,140.37320420020802
99.02442818459824,29.409134829255123,126.55890820230599,7.364085525499429,1367.8449373475182,5.4711131973828095,195.59502994580245
202.69501776894205,20.636500065909438,195.41590635138175,6.289021463259343,2152.0486813811235,4.467811630313781,267.85753876845354
120.17080387899358,18.68602793900198,153.98143133283017,3.8614539673614052,1018.9639021000278,8.097840267383138,204.7383598801956
101.7481446096067,15.78723759639459,60.63742871578543,5.984478242810412,1325.8698587213207,2.43495259185182,118.9636954955964
179.14315711149476,15.436934239724035,78.40413136877942,7.576361959265976,1097.705858006344,8.831759706143231,163.1837011885796
51.376449790105205,30.489712062395817,165.6984714825275,1.381014513122429,2170.340374926842,5.610487353667038,201.55787864264784
51.91600816230633,17.688668547391,176.21596399343673,1.1007937473013372,2133.8112267675806,6.091748793796582,209.73750163613198
104.76720227546444,24.35441231942302,142.65418792828862,5.122602451656022,2220.4540357027463,8.750589641689428,198.20308492554204
59.18034062520529,27.11793630358966,146.6634754444725,2.1865295602316275,1006.7225399882933,8.17582687849336,206.46760387497403
77.00643853267285,23.567036011376924,54.250617557507695,6.97909862318243,1751.849090017612,6.015620688219004,124.82718061607262
134.7151623346879,15.542133046724661,174.27953893722628,2.9264721060469077,2057.2542962760044,7.531877038481741,212.21612199979717
250.64641989495323,30.670030051758175,168.24128122562445,4.895659961161039,1233.1016931085232,4.333194902328969,261.88844212140066
193.01216084232522,15.210264490833069,88.85527161550208,2.7790384318684205,1974.6860912689372,5.4737775349974624,149.14493681954787
178.16693148910412,30.237797887549682,156.30150799482604,5.936352271742121,1126.1651489645285,0.6207013670851114,232.74824398782576
123.37220580203041,32.866089875762455,82.22819096374971,2.0444811344611202,1271.9887841564698,0.8985791800004683,154.48093648084765
282.93842985820413,23.656798421143446,56.04952415772695,1.2079616750873223,1713.6952224919014,8.29425404186332,175.85073289370655
149.25376030929792,25.710849461955966,80.1704813885566,1.4601847429602746,1980.347729021653,0.5967165568249666,153.79984035151813
71.77319169894287,24.539667852353077,76.79433151314493,9.58832597363779,1218.8036904308442,1.6939912563260728,147.41345872424765
204.2666290294503,22.784172372468774,100.66219951022708,2.2805759674984225,1277.8349962464067,7.9583265895044155,196.94344913222426
78.45959836915036,32.74849070740721,112.76742457631872,7.376304278231517,1306.6695505984944,0.01145950628256287,184.3566896210811
136.30578570042303,32.878670213399815,126.28083372465619,1.6113358380054361,1358.0512070484676,2.8240432884586433,221.5527274404981
176.85298467945222,21.71632729283069,121.51308132624922,1.9734431701166395,1339.8307727894369,5.840386578266218,179.78909619736817
268.55563117129395,27.301395080293958,90.6011908947934,5.579886262684012,1592.7236627464551,5.954499314692966,208.86186939742902
173.38664508502967,33.53815124291728,54.37560028611117,5.183838371389093,1980.6844762550845,7.771529082294736,155.87385253680492
225.56469150791605,34.24116997882703,140.76524333557262,9.564222784958826,1657.0476747017046,5.059262544921705,265.92133279650375
298.2042097497676,25.17918080844095,109.36172447710317,9.503519077186636,2163.960863124832,5.094018695309703,218.1094479485811
82.8722799744954,24.056496105686534,94.80082360813245,8.016477782882186,2078.902758922922,7.253105755407004,143.920142351513
118.68288137987987,20.573886318570516,180.04115642457685,6.418916471146147,1189.7903710736136,4.986244632662835,227.1494421750797
148.6440188994116,34.177437463808204,162.01149616972396,5.094642856537099,1073.2624349811158,6.084910865636168,255.27569116162826
155.45704463470784,17.85628608945735,178.66483225586634,4.205606808955789,2316.912345999409,8.977740682550511,232.1679946382997
152.75526881638643,26.5965915209545,124.24741920686915,9.523787922779999,1119.7465998443101,4.014510076123719,195.88374275638745
276.90275063913873,20.651005350372778,69.63968781901661,6.42617930282217,1222.5087710795697,3.851250709192222,176.15916833881914
228.50816111671412,20.580165806955932,154.43321541819085,6.21165274917395,1033.1999133371771,0.035489918647713115,259.1711267741487
201.97630352267595,23.09937174752377,80.91106699057629,3.0871100959202336,1942.5045479479807,6.134262615212319,165.75155226271735
127.34317946569553,34.97585871631309,116.18445036375752,1.4202803609660175,1873.5558447375229,0.2977190740713198,185.6234813550581
255.9475960553237,16.099326136796442,59.75011834233327,9.5066972178359,2480.3554996528837,5.041484897283163,189.96045128830298
288.7651278712473,26.57083636407063,173.79626036344735,3.8236173296018854,2330.398594475758,8.042337890322266,288.92063415710203
255.29957063755663,16.651443160705544,68.89109615712509,4.983301209920128,1616.2647662213644,5.4992107051966315,184.870035890378
50.391276297868224,18.09041659981038,185.46462605739646,2.0317594922713615,1557.3787613688025,2.69636165216676,191.95438551353197
209.10034254585176,23.791258835457974,179.63459033923357,8.532318969183628,1445.2780514199776,7.861684214493713,247.89795881214613
62.78384536052518,25.20920262692883,119.6874146658869,1.2486864957033756,1228.6103800568221,2.6971700408253882,162.3365629059951
114.40180508343046,20.175848167290482,161.65523064559858,8.505916858891869,1207.1254849030136,7.330317809458987,218.02068540604066
64.88117508694292,21.329142617488323,142.91676107272298,2.262565115091701,1198.4255620144081,6.1025845519023125,178.30818242580312
200.94886323734693,16.73934040511866,170.46134635066173,8.979077013680369,1171.1721357801678,1.699962967480012,260.99510283098255
221.6474783731517,21.06439567688501,114.77076511788681,7.567953736025417,1360.7680636083055,9.051338748441857,190.9015524465465
78.62190951647628,34.33116878761088,167.87127263665252,2.4820323625657457,1460.0029454696746,2.006436829571957,229.8581468599437
145.95972076124485,33.894147633449634,119.36852255977219,6.092361935735213,2442.3684565583735,9.895870741406698,196.2792306987763
164.0591272388855,21.6975658027397,191.14486817641907,3.8139068291969753,1867.7098765028286,0.07310488654940772,259.5640155936438
142.26325544022916,26.41707872557523,122.95581512377214,2.604097890204251,2481.3936617699214,2.6348337714290304,189.77324599246938
80.25625012129827,33.19190782221889,119.39289079005943,8.732639794699976,1558.7004217385097,1.9986029727419885,185.82271038936622
154.73694754686886,15.123676452817934,167.76077923452692,4.631704898565065,1686.4399488841616,0.13993410170462628,214.7825179054632
237.79451195210453,31.213671406751835,173.2366537641257,4.586893429288443,1486.8679887479188,7.323679001473156,255.77776503463016
67.75191613331387,33.96739105577838,133.1733671481756,2.52898007325958,1274.331476344829,6.934258020995962,187.3591386292477
70.04500352047586,16.826514686671143,76.96967202426131,4.447591084772008,1214.7470616663688,7.923509643549305,112.46519827005605
138.69282295899606,18.22895372065842,120.16373464363693,8.844551616959652,2417.6187967117476,2.5669854646456525,199.18609558761875
285.43142790473127,34.21492605542711,195.21087543645177,4.268158394406723,2480.2160226981337,4.443351670829699,315.79615161284556
217.14316168072853,25.750802872806926,162.94792895587779,9.564432062498092,1067.3642447630973,6.591135216215474,273.9770915135737
219.6674891681412,15.283932689434474,171.67439058186983,9.516780092875488,1225.5188120976497,4.397685038881436,254.11468837600626
140.47999770946626,20.15263997527058,54.92382482288602,2.304087933766114,1635.286138451534,6.973257703179158,130.910916097701
198.4151978021346,23.998873485377192,120.17891939512398,2.595801281703804,1279.5002145166109,6.339734084404421,215.24773915332213
52.53279600693585,28.858178220495354,146.99317004863332,8.764066632987003,1545.8205904403248,1.1464780302217648,195.41155064320728
209.02401160238554,29.66320756273599,174.5049025442112,4.534848270322473,1193.64452478945,7.81043121076968,244.4751247167973
278.3217368940592,34.90843025850912,57.39104803741572,1.039365840547084,1684.7676350826855,7.206763590925183,190.6178306329949
203.1433670862048,20.75022398767518,177.86583284628097,3.464846377348339,1407.541924253889,6.558343876174053,231.60028235737238
268.42464836658627,25.764402037369507,132.26014051128675,6.3786609387600395,1527.8575836379912,1.5509360627100233,269.5590657177545
230.99326386652345,25.6664709571921,79.59709558640898,8.193393693639713,1141.4689771941214,2.6799644879536366,208.36008808335268
80.13960410092255,23.11290518894475,97.588282467455,2.200497553839336,1642.1920760652124,3.9317703158760042,169.1411224225448
275.6133268214604,18.383237876848405,92.28943276273412,1.9948722797506182,2474.886416442355,2.799296216564434,197.25474012263308
66.61096108894372,34.549131263676855,129.62885514327138,9.298833882150985,1493.2495703217855,2.2781029067613146,206.46092072539633
183.49186813694095,32.06634373333172,57.752851986669775,7.760335310403244,2314.6439122636525,8.053576701617757,165.87777340541416
85.53428094836443,24.966660565884744,73.78042377498853,6.308016407002706,2264.7987124355277,6.382322463602024,149.91833121627025
52.926652682726015,27.064908453680594,171.90395650636736,7.922681109963352,2428.087627445816,5.654721315502504,204.7172683869891
155.50856503190977,19.545221071193247,69.89059861202166,4.859689251759746,2185.164268400642,2.259527108532539,124.41189159728684
123.76017691353906,25.875741407834937,85.00944041871904,7.826101725782139,1989.3952405882224,9.180765622686414,156.0827224473012
171.50012344940075,28.899402662429516,118.0055908406236,4.346226921470822,2284.876666341186,1.9118303909731627,191.95517092492767
194.2999716836377,25.303340567731777,127.56813321699957,3.196851152433421,1113.4670209860244,7.949509328246771,222.7246579745995
60.93476807723684,34.80570341169883,164.5415719421238,7.561120791636718,1694.2459857982117,9.66672666705293,238.9563878665649
80.7508237809364,27.226833124954524,117.09986399992816,4.777050629415415,2483.8843579225886,7.2709272922423605,160.60250362607897
189.66059911260635,22.419474251843383,168.47969315533084,9.832393938935754,2154.4002269420985,9.928587751846297,262.23759616685663
135.79183829316457,30.443040552316763,142.7519460568186,4.1453666407729095,2443.1130670558346,6.510511169779467,225.03922282765484
232.29337188736199,18.40925023163284,66.96496091357336,9.295546784779594,2169.4515342002187,2.17460343603895,162.0187837172679
213.0729121479849,22.69031627412533,73.44971575892579,9.396662937103715,2312.322951163216,2.0381949371651134,180.2133196613592
261.4010907474767,21.939179007551715,115.55505881746562,3.1766765235827155,2059.7944484547866,3.2456428425547634,211.82162609109548
223.12320666730633,23.636141902155543,109.53340896335594,8.18399063429212,2140.7530066258596,0.07130020221006061,223.11169319111286
157.48276934753704,30.635596518574527,161.53164044559418,4.897670546301086,1784.7670147592512,6.816984700828346,225.0921272012546
218.2416555986081,24.68346064326815,137.11057096960278,9.257722545073133,2386.3565512211994,2.686677846278276,238.14223743302162
118.84529356385463,30.880289005319256,108.2199621503374,5.051118453717149,2237.5583659350423,8.151832322927529,177.19208373574963
126.57837469455318,26.52977806279732,75.61404251755785,7.698733456036295,2265.8274484984486,3.5917265055930025,166.12608390673262
247.24628998019833,21.841388693151107,84.02556534882427,5.202706682474181,2009.5136514445785,4.799564934633127,189.01316019648723
161.60487910039555,31.199574873669448,136.32515277035884,3.0502068014157055,1456.8699206308734,9.656889165603692,208.1742000787973
249.5950851295881,19.765793411061832,113.51582073496887,2.7941511605021767,1053.444693085209,2.421721230472771,204.69123757906192
255.6055934170696,19.487659595995908,127.23912632910081,4.82888074830711,2403.4826941143165,7.212540974297395,243.92335320849068
264.390584415321,25.090058481096715,75.60161529533505,7.7994519131279345,1879.1805232082454,7.551177893054172,193.8462348474608
279.1588089603018,20.216984919241778,149.43593785168486,6.445643366626902,1447.2144567222103,2.209981575236352,242.8925430245433
157.74630512832405,15.181740699024326,177.88081112839507,7.19766360910489,1223.7026617713068,5.0099683661219565,237.57323554000087
129.71670458028473,27.96595054597603,88.69092601803509,3.540937156587482,2244.284748251132,3.502019253129683,165.20086549636034
195.54968664852848,25.22187642944796,123.72713387477398,5.332918113618449,2254.780291671368,7.719062434000891,197.6429540234641
142.7931058594069,23.910356289863223,196.32909935313526,1.399557384723943,2221.761952195797,6.224833190290374,267.2119311058441
200.26854170005825,34.33937029236631,99.98626108260915,8.357791743623086,1967.6240379501794,4.75983054860547,211.32475364763155
226.39646566095615,26.423983679258274,139.25695173856417,9.909029460158871,1549.0230813878138,7.793632650477182,239.20107082626686
222.1012546230342,32.26863155578769,63.529355030036655,4.661911563622038,1456.1054271703856,2.3515557000841705,183.51541739524484
143.63822175503034,17.789004724103204,140.90225037191647,1.0986728781838901,1012.8321551772552,7.536218805843591,205.25284226608596
91.7150504246882,26.38412926258855,63.44476599569269,2.5281337559585264,2250.4113380323606,8.653743120928244,111.27928718017112
157.63233461555188,32.35959253461806,193.88531529857332,6.87274189975377,1131.1490462404636,8.786215968075725,270.3118738276073
85.64853602047718,26.66211514559796,157.3493978108467,6.508713863834733,1946.1324970611513,7.836735930196038,230.43129814784749
272.52425879595205,29.36028356254003,168.22396822035597,8.090782476269895,1756.1124202601327,4.080141669982687,284.31788332434564
136.46936518446435,22.44087135624415,155.61565411574554,3.2849560986496136,1790.0340383895268,9.81808022717827,196.98224024975633
88.61493680583095,16.84899034074133,138.45935541146986,7.872687239924207,2390.06926796166,3.7959364382243987,180.0690271490902
56.36193997643772,24.15800590254143,117.4869171628258,7.191856193713028,1047.4225169068632,6.386253991024256,167.48938030029964
211.45559657162107,22.88958781677715,178.75600696415935,3.9053304794245896,2160.0883369431585,1.6107417806946867,270.40937216676633
209.2255793636858,32.34120364757895,193.52535013145945,5.909393332512658,1078.0785975509607,9.804488986363927,276.7791003084264
135.15104164532292,19.879906047049445,124.8554259356122,2.3254642764849405,1057.2304089030658,7.039859218646632,186.7614900484378
67.92797221191276,34.334684550702164,189.7302573732893,5.073080530920244,1644.726547212073,7.533775452463684,223.97966254782241
152.407223723808,34.162762396089924,137.49993649827763,8.930776056000768,1094.61276151445,0.6577670341114461,217.25097033192358
127.8043737658484,19.952632861428775,130.75762803446497,4.790722418428517,2183.715926939368,7.634178142206718,183.18014458225258
219.28015993375234,21.96103910954641,118.1724099433035,8.556100358278798,1794.344640472506,7.747234292206013,229.47109466922035
201.4448123631726,32.911114817477696,81.39316422951798,6.312280287337249,1043.5581739896616,6.717727263622298,191.9562070047631
141.148432049385,34.33244441792215,50.55794912270888,2.726890417921211,1060.7510297228794,2.9190961379034364,148.3034023218685
104.47313856374753,23.86878205672088,86.2259340284092,6.229956202281068,1919.002794609219,4.896900421608815,157.7561256156444
297.00899153889793,21.419940912817957,126.45847574053478,5.553849962413571,2209.167726487607,1.1043437130871647,253.46533277045017
163.50040529902873,25.52188026503084,106.99399283896288,4.587772016767456,1656.6992969121602,4.715870664591526,181.95693662811013
222.06855894505927,28.755384127314695,117.27278420039507,2.076673955644633,1831.8710073034367,2.4382385260040484,222.05269298258233
85.1382418945902,20.469490307499598,197.09723293460743,4.750377974625069,2199.7441810748523,3.4909698649408205,222.76942711769053
171.39742491484947,29.729463492381456,102.54085560039914,1.654861386156644,1915.759261062729,1.626004084036986,209.20707300497418
56.88417996736637,16.03314714229282,117.82744090401619,1.8889214625887614,1337.1403564882291,2.30054367746897,137.6748681833147
176.36377947761247,15.98588985528833,70.02733270292293,4.743248796394444,1919.578038804218,0.7656864182011625,142.0287522190651
291.0043517794256,22.725754102910905,57.19365986554815,3.7484333377161736,1942.4191885978203,9.199013664369213,184.42376093595644
146.05167824645005,22.06946384121441,166.31142718887418,9.329898932760011,2101.1604713216902,5.304106879754034,235.9767906694656
59.7490031437279,21.312664307343045,135.60247626079678,4.381352248422434,1931.3112813352018,3.9674197126273967,177.28581967858125
57.738947729835886,24.8203952533782,164.10572090658425,7.820723098648902,2453.8631956870568,5.350292127687839,210.98401840403668
146.99668998671737,21.414671646231426,72.47941983298274,5.772227737296184,1295.9324630756028,6.2829322848155265,139.29548260200997
90.00623411579852,18.84515836936184,135.77431567740365,7.336771017781019,2426.6360193506143,9.218787933693491,199.9400697289166
55.83802408204648,21.189390981772018,88.04637115120633,3.3410438471385926,1807.5092355250245,1.7869295228631332,142.3116540810238
239.05340348754422,34.4980854562047,84.20927253500298,9.477144755544963,2007.9342107423681,2.955524986352176,230.9124622106424
164.6307522204727,23.22226833989697,51.72890210794779,5.770796472229815,1149.1923961782848,9.757893363441147,134.28347202633688
122.31119299316363,23.894255537166714,69.55110853536078,8.481916641567247,1570.8639120671605,3.711929866485244,155.5904596531657
275.0207957541202,26.530899799022798,96.3902167249543,4.285411241285021,2154.0687196947592,0.22561650757327634,219.15459809525356
79.0347400501314,34.66681536828453,67.53181408864086,1.9019021414547208,2060.3665226484854,1.4764349263715881,153.20244246541458
288.9797072388298,19.83202552871526,197.87876606164062,7.063404829487639,1060.2090822481152,0.2633870174855202,307.46297894705924
128.4916793443382,28.625642210648678,96.2948972785926,1.0698368350368204,1819.891395245867,9.899231424207285,166.28223372019144
272.1009180771703,29.319693870834485,69.54859200534922,5.277636789089574,1132.417289452614,2.7887084899122305,182.49493242737793
200.7357191198654,27.14648833586132,79.86234692419366,2.735217123998133,2493.7846437672433,9.23542756936226,193.46723440083304
256.67683993537185,16.77156679273288,138.15548425122148,6.646379539918259,2345.944882799942,9.958862757597158,236.24988137422727
296.0032908026161,28.53744551655153,59.60652857971827,9.81477885824067,1031.6209906428055,5.998412211431142,196.90160155752673
122.10135945468643,16.28189422072351,179.36511952117354,5.1796261568858135,2287.9743683539464,0.33196315065561754,228.3799856422487
290.28387135189826,26.92285299099794,194.2249518855721,8.357484308731,2379.144400837611,0.8159163038692696,293.80376618320145
147.3704737256051,29.791623544434852,87.01211310010713,5.57005768256009,1530.3223338451826,4.815890551078778,185.8546133464011
146.3779761842306,19.21939781239901,117.5142902886289,5.462560279936216,2079.252482571649,4.0617201291148595,170.09456982243756
135.0967760636264,31.832440150855483,53.32016765442456,9.373811438609,1663.1556193116685,6.0617730578176765,152.76852983547246
185.3519018368963,15.607076110660085,146.10653370908324,9.009692818720133,1982.8487268645163,4.388478097113639,223.13680022299357
88.53626079462177,31.87625727316612,112.08890870788832,8.07220418669177,1510.4761064472873,9.340768492714844,193.92976457418797
188.4278713395028,24.206581012855303,90.50876991523336,3.666301779851057,1483.8388549499025,5.347397154135111,178.9372783101986
185.426203102501,19.35175879863289,81.02556659249127,5.905075741515465,1636.6508332863687,6.937260614624422,172.4404039811096
240.4754531512175,17.67556289987936,148.10346164881406,3.015075099751165,1218.3516379787518,8.964852726424965,225.8415076419874
258.41249048439636,34.066143351647455,112.43255465484717,4.9952502824188585,2246.708446653074,1.4687187583320738,236.9967044662028
160.110337578106,16.453311751623133,76.9488933544868,5.357917591838116,1523.0468430424548,2.2973465411852856,152.7402116871074
125.58331233787344,18.981868398718515,153.3663622230236,8.484760361523978,1600.2243308587676,1.0731866047401506,211.58368295173034
114.83372432927362,21.95644694866092,134.76084245550405,9.064255287924938,2341.0819190532166,1.3963839922991228,185.44024167316906
98.65595917621798,27.404696979222408,178.8008082394244,4.7315805615683,1744.935721094757,5.125839669342332,221.45135760692722
64.41189554975622,25.896021705521967,67.62138483147393,1.1593400056591348,1816.3808640262944,3.21179258967464,124.05800294403949
135.61199470867834,17.51286984824628,167.8499902916684,8.755964558104193,2434.747187165648,4.231728395267549,224.00724467632637
117.56192303269582,20.794559674764294,151.02751802258885,2.568508106512246,2330.0895747174836,9.824898317940619,195.60908622169634
291.60434646660184,19.77503542172048,67.25164052421468,6.596937675013542,1254.2000633326593,1.567043477959481,187.63038653525854
189.42720656251097,19.270857089806828,154.22310948075813,1.2247381039071807,1709.8225448771577,5.408120707980756,208.64201220433017
136.81925975762687,23.222886729599743,116.23209333197457,4.595558277345079,2456.9443411428183,0.9887115505365096,182.54543753921195
195.116900248424,29.08062905183314,191.74771783337647,9.873642719038148,1558.549447342904,3.184963132638786,278.7577732415348
84.79917533642387,19.34905864434472,71.2417025926849,1.9062424099342279,1557.3596627743,5.2752592367459865,120.79770857405472
161.01093730055072,22.333577594059626,146.42500862236068,4.813238367996781,1292.5453476837315,9.466317459653377,215.35584662537465
206.55858035526595,22.818348536823244,107.29700681944189,3.7643495517095698,1171.484671178688,3.91228221283483,193.14272679786987
172.22445794811284,34.5291305887082,193.52220058863168,9.14579311049438,2110.4571861339728,0.6490669621466982,275.1702082936606
150.44470016358105,34.093327137581376,99.49623429354148,8.824060971166197,2155.045703052275,3.8816144796031695,186.9069738997271
298.46209722492455,31.002751655041518,194.32788642377002,3.1392888427560592,2453.5194452545,1.4574117587397772,332.9363485594592
270.07869053723175,19.833178416383703,185.22287766511235,1.7306900834538805,2160.1273163580445,2.299896132914453,259.28521334835597
205.85148953986004,16.360746281833393,90.55748529659846,6.644245546550057,1365.0287410503981,6.180906231649904,171.48439996871898
192.3443402955707,21.338082754412497,170.53126652396415,4.027318406953388,1060.1748674327732,0.6742386620368168,246.14330968235453
205.16511995614601,20.335890988676617,199.3406302705259,7.0487595154545675,2478.15607655449,4.647237562500374,276.8646951847042
100.32802695560832,25.118516002927876,87.89945032569236,1.2890778046103302,1510.6760433154086,6.094615860107644,150.85659904304157
148.78443581607965,30.55455820135586,115.51657539849795,2.2005931165974046,1467.957313648631,4.218583923674969,188.68106656898888
59.86488322272483,32.16645877757716,128.02711048501396,7.17735009495379,2358.9328146240737,0.1912635062373036,194.99335629362693
168.88650937170667,31.89728170821017,94.23967037057965,2.9113358977224797,1877.6498478174792,9.855193569028653,184.1674230192652
185.75614598941578,22.193511224461353,52.28972594690446,8.718289081861613,1322.3067607737019,3.671157673405353,150.97319056419542
106.93743402580239,28.74468686921366,83.019386629629,1.5273179893912188,2333.644364074359,7.785771869332669,152.8969060052426
291.00721179137844,21.2566839504844,92.29053265126376,2.9393378450701717,2490.041282582115,3.2564649218745325,217.80379684602553
277.3636527343105,16.218110864703654,116.53995519772808,9.987042236365617,1130.0178417262462,4.750167569934188,225.40526041239448
230.53580886397646,29.031305312058848,75.66537176201028,4.897684923281133,2293.377442453731,3.8846364261099655,190.52433301886842
183.34665719134065,15.196551051395756,180.98815350375088,7.326690971901792,1585.773546526591,3.425392295096077,254.3831897755651
267.49228991192126,23.18365174916977,155.73666990970042,2.643967439713123,1786.1086697600565,0.21851377207778744,262.97699945618695
82.66308595586572,21.587585386041514,62.7800716339493,6.48881861486984,2372.223963647471,3.600209378545035,144.16570605037836
247.62744856872123,28.86755077037705,147.51386767098973,7.534954615324766,2460.068793662676,8.8948999039953,238.58094938415516
81.20520349171207,30.324909455207578,148.04847146084307,3.830289722798595,1393.2458656131992,6.903933385936837,209.3339987145485
248.55266563735137,21.081892719425674,193.43317604654416,8.4600740077829,1319.2761564398706,1.4542285909543984,290.78256609456946
118.94189206283924,31.23254028889707,50.453130703424186,6.43075820625055,1120.7748378872677,5.911550046227392,131.18464970256602
269.27264525454723,20.878335210098676,87.18986747087108,4.502107086535272,1842.6967789932069,8.922308599488716,197.5955229795101
286.01052345634946,23.926527199731225,189.16872190629732,6.018781540088427,1020.4065931760024,7.000340409648555,299.11734890082414
87.19899235127892,29.54037054028268,189.82008730974246,6.190847626923318,1617.8474464149049,1.4868439235669673,233.9087023236406
165.66890126634837,28.858404584495773,158.0879629055956,2.489817634244794,1110.0760249780128,8.678324967344967,231.74489670612581
295.2468445406713,34.747369446244,164.86449815713098,4.624591328802696,1607.838674394001,3.0154401328886538,297.2573827545314
170.85185899328667,19.50322048431864,63.72244368944707,4.090875292175438,1059.8982838984139,4.540761443123418,133.80931418129276
265.8868806286363,28.246358270791646,127.08137521673504,4.608124503212135,2252.825890913153,5.261427596891464,238.46903183351978
197.18288053282996,27.193638165515548,84.7374486933499,7.849995296367322,1314.6084909078488,8.505066043781952,189.82163868188573
143.83247697990046,33.30196908980059,77.18270654204258,5.342845667200054,1492.463065536868,9.31607495147661,160.90012689661108
121.44588888146755,18.1272428328975,171.54549486849987,9.462845379153379,2305.071994909588,9.29652877790556,215.9570651768241
100.80577277152182,30.03596327173866,70.25572050208211,3.6430877202259255,2119.3990919983075,0.0795418127854064,146.63500984015823
240.4495478444243,26.36537232537537,120.29774554945779,4.741332204564361,1328.5575424630877,9.218884855854572,228.4678535161211
146.635126705757,20.49331739575811,190.78673593790495,8.082611294311373,1107.8491279862442,0.5438696600157233,256.9062288821967
177.8188655501878,24.48869828294348,77.87480833480139,5.914221339886752,2073.510665283009,2.6577365681743537,163.4110221917016
173.08137000029546,21.675531941395956,196.69901356073518,5.92325331782003,1586.0538260321641,5.1498785472783295,265.7622736259928
194.31975730828282,26.586268055769217,199.14319786415885,1.4800614670466516,2149.1199986773318,4.7992568900439405,258.98922429222665
266.39428640613806,32.780012216293315,133.34257320236043,4.587396964466103,1667.9421585628156,6.04709793887392,234.14779410485625
295.18483589585736,26.38609968824404,75.52141102657369,3.4366035917955924,1519.0036194584145,4.794462287370058,197.3942766907329
151.89605214345426,27.63444836653168,97.41573319113434,9.99401610548004,1676.8081123185948,9.343756796404207,199.85253849899382
256.87973052657577,25.37495694229419,113.67392490148026,3.7751956356907925,2122.8384785060152,2.40548848214587,228.21842400133266
241.13194866367942,16.023310128909518,96.39863365373344,8.960468813144772,2353.3304298105613,2.7402469403848584,199.73521365744116
193.38223786389332,19.657171137521885,92.09533698147737,7.086103615364297,1074.6507948828632,9.207379356930561,173.72746195675117
289.01178590298326,24.840034588641657,195.83445638245362,4.068247682728813,1786.1673118404328,0.7673951374525623,293.05866381906833
100.1186288821007,21.204705674894093,73.00472411236184,5.891809405367113,1049.2531436258164,6.095608219048099,137.16859651393062
77.31605257740536,18.635271955223885,159.99918630752933,8.564822919542744,1702.6143175365382,6.817359520656108,190.58889260745315
263.49049173885555,25.082656838368766,50.06154341587623,8.950314682278208,2327.9242436453505,5.055417234297394,178.26806329459626
159.78745415843707,21.456195868957007,139.42740041035654,2.443544875055307,1542.3853996304645,6.942318788231372,199.00745692091004
261.7422135517651,20.162152863468293,187.39145059310786,4.056158270873526,2398.675631620965,1.72754646011967,262.21420382563247
273.2725512988537,24.279708348807617,93.19011411398284,4.017008621922145,1945.912707475914,8.526322327715398,197.23161819001652
65.61439840476785,17.665685161643463,77.82889628865789,1.3784031646835022,2401.2330156895096,1.4002568946988558,124.41017612308228
270.86619074651514,33.55491466150815,147.75196923176406,6.3841398386670685,2135.7499381187795,4.008124443157497,269.92464033303094
162.07976384235553,32.354041958384784,156.89021109475897,8.693380476929692,1155.1527499731435,0.752576013082058,243.90032150142181
177.60812225105803,29.152411714810707,153.2045778427972,4.43416949042966,1346.7270513440155,5.452110788174002,224.29617983585194
206.64812777330255,17.124276551769125,97.89753200320611,7.660323504857593,1591.2556818752591,6.697458074256391,201.92180635443896
281.5956516825217,30.51754508939386,87.83036032389964,6.64930372240666,1255.160323018114,9.412216350952905,208.2423291665469
54.779023607441005,31.15914656218038,193.38781999430662,4.380838619437007,1742.3674071649907,7.393361958960009,233.9483420672896
169.21086707945426,30.355292354286753,188.4949262404894,2.2695381954306737,1707.052233552236,5.411029164541511,252.46111504261506
221.93051060764017,17.279317742384823,118.59749148392305,7.383914674983706,2434.388797041072,9.326170171703337,207.71243776758897
230.67673942455713,27.878159141355294,176.929079923156,8.691086520471163,1650.5918243439667,4.7843683804087656,280.4307943967545
223.133107884277,31.686495914987972,117.8485216451444,7.172690431613427,2178.4402064319966,5.612056530988694,215.94216067239822
83.60878235203046,26.547068024393354,113.65835271087656,1.1609063563133626,2412.86581727722,5.960985276700957,164.9308081781962
124.84889709292031,27.928147504561778,73.5144421398942,2.9460960495189212,2315.483246460978,4.099797258865668,163.53899054895956
139.67888135425335,24.167269588526125,113.96090847379593,1.6253198639517872,1313.0014367673878,8.384826905658242,193.6225436516312
251.10930191987626,25.57414639768105,130.61254078997104,6.133474896186041,1744.0448413803165,1.8517593884505912,236.7130628528174
119.68996810363825,15.687537167034504,53.37564911430297,7.808299109563712,1521.6096734438886,5.54842190371608,123.44123415941186
102.67624096680079,27.77926043946569,116.61695077631096,1.995212683617935,1599.7880427058233,7.222332561871941,196.4574890280144
289.36200475952404,16.628944257823186,167.20343275928005,8.545040385340467,1541.2102393686268,9.039761718765773,277.5166272280433
52.21582127836722,23.700291886804468,152.00690845614048,5.999580805559349,2239.5388152625064,8.839183964342784,183.70651254554937
299.45521392049454,20.85310195334816,145.27354832959026,7.209721109275524,1678.208582683671,5.08740289430142,251.37737919774935
219.2053247143489,25.908559004234263,186.43331426558038,9.742616637477816,1785.5414983670323,6.431614511633416,288.17709096686605
257.11732486227925,17.668326710464143,52.7048014737845,1.7531288942292758,2473.671035570612,3.94237736129301,147.1735685819036
123.6548490865483,28.832868039466362,133.55713792883512,9.111016206800103,1089.9689082872746,4.681777628802003,221.1298160573944
53.57881941676499,30.900230738569405,168.10232726145608,2.134924263886684,1731.9364596861233,9.062657925730495,208.45124586383895
234.46737964038252,18.26708899486313,131.20030740519007,4.53662925973014,2161.0925604191743,9.30703993192474,221.62022462316847
258.53614925016893,17.086261747037643,98.58433288705687,8.66294826698003,1226.7429372823399,8.954140580670197,199.79267778864175
235.1190329883798,17.910309655747184,70.43758476379668,9.156288130640814,1917.2973919221608,1.3837086181363822,173.9083108847657
85.71257182520965,32.54255123797003,183.1344607724287,5.557345061906308,1359.1971693017001,8.500840213306361,250.23775968690688
238.35698056424226,25.563785235127124,120.61435885814045,6.346941744478826,2301.106169836851,9.483637310214803,221.43116347646495
242.23069552691024,24.34521992015005,181.7172795478552,7.3733260113870145,1490.649498100119,3.612496945736047,271.3732139569499
214.63512891751373,17.134236382047085,137.87781836497524,8.494828016074427,1493.5942253513645,5.186462894216692,221.97639029725008
241.52898319889655,27.991120135139234,151.1288174922501,2.0936005258389954,1897.2908177768404,7.790952558129959,246.364956891524
261.480359919433,32.3599918379018,170.6391731567675,8.290623774063048,1275.344362179863,5.620781375656487,274.50872857555964
203.40102855936462,31.563717386469058,148.87333169002017,5.331485354604551,1427.3329583545915,9.934835217062494,235.36605407484706
72.15117849241977,27.521094179616025,109.70822610184067,5.055610825973521,1624.9477751791173,4.557133651568284,160.59580533608306
171.9069524168027,16.505574333033472,127.04500758929765,4.8150977679729845,1530.4567947101655,7.1394271120737764,200.54065191142703
69.41233366790127,17.247940543520258,170.456828701382,5.582904267214383,1787.3158270083736,7.9259114019654415,189.9789326842203
151.88575775810773,15.986179742196494,106.04754445594763,9.505454980551432,1899.4602161034495,4.941004157584395,162.1646822424222
151.7766222814069,20.149584329849386,108.21821851527457,5.933833955129364,1850.001180625247,8.569838057113758,158.9437436053066
66.50246103506039,17.713229343207555,64.35351740870017,9.578597844368254,1981.2524679878984,5.461545912071965,108.68852257420873
137.20513349236984,20.200960805048677,187.18766528326216,2.622611175540765,1461.6242749117305,4.116507968016315,245.93871242727164
77.7495246978287,22.701161114379232,63.65544724181626,7.517223809493698,1189.639340732542,1.0782367385194702,130.3376308004037
252.05880250230555,33.85965568142271,147.2313766172834,8.310155847478725,2141.2113121466155,3.9341357635042415,273.14038287222303
286.9220064911177,27.20752119563384,111.97917182041965,7.112159482013757,2276.170573946023,7.339364547332842,241.9430763065882
68.07911881448464,31.699475713659247,110.84290853831635,6.462300522038864,1385.5093483336484,9.212864116801073,173.29830291175503
288.77880182292535,29.207030014246644,151.9327754859026,6.08331502977564,1610.6379342370296,2.516794038603103,270.37210189918034
180.6441498341863,17.250062610532634,60.06405989448181,8.748374343208264,1747.8538254453329,3.5523551733050263,162.78112983047637
124.89141948846847,29.718408127478977,139.0558674427152,8.394819374480502,1799.9902641294047,1.539609941044262,219.36950544175528
69.21551881904088,20.501977631182488,165.80476789585322,2.1005984906253956,1989.2352566314778,6.907228942289688,207.87846422517163
175.15606701760447,27.78215693989413,174.23191368298913,8.637288913277903,1062.404850032982,9.601884300099252,259.41233129098464
248.62888612268716,21.81923947285977,75.5795584090663,4.726617574963982,2082.2156241010252,6.409522198481755,177.0161143374277
226.77161931667453,34.95344526529318,184.61285751172605,3.283271469962297,1092.9565104691153,6.170765300062263,273.8476727744553
62.55650286599344,20.27102958993556,148.42191377711634,8.827917112125334,1702.4328515093018,5.534899305004339,183.92962847661877
68.22545884197588,20.582609415485393,182.27822012310241,4.888223196703675,2241.506703353791,0.8845574068553652,228.1567891904972
150.71832065815926,33.61344511124797,122.79210756652974,8.27528221159135,1676.8229699175945,7.2950382642938365,211.07553161895893
123.82262351198582,15.492888092726453,131.3050017645803,3.3706325076026005,1223.6346231523717,6.020495435493508,168.62367918011657
108.09608076401196,28.933779757463938,187.85574155430066,1.0353638927999602,2477.5507675089393,6.61476768856287,238.0303129964446
120.2511247271784,29.506527814717565,184.98643150320078,5.4591327361265,2333.9281931113946,8.988110930274216,243.44466967240413
250.87068582422117,31.727571548207987,117.2241310053503,1.9020543097859584,2156.9704498375213,7.839607870610179,228.77579858355207
282.3070134079635,34.48878621276951,91.16189474535227,7.789383599724187,1617.2674043488155,7.80915252154526,248.16166392413692
151.2756736318916,34.512038383133046,108.97556518463962,3.4846762246246934,1275.7685903339466,9.271837688793475,203.34689065678788
276.5277505331243,16.305535151329277,108.16464927946245,4.992810819431309,2412.1167721277516,9.899349514629996,209.07863327932336
130.37392531197048,31.43678645505805,93.03003124741909,1.7833020858239883,1798.5266897757085,5.812827319610596,155.8643923234475
169.10924658594791,27.926198673147624,90.286940649945,3.579933236025274,2278.5331905812277,1.0888161603116575,176.02452430643262
106.50724945399993,27.946842687461825,179.1594404719579,8.033412189327148,1513.1425086391387,4.591299077754364,246.10791212746747
210.119010543961,17.566998532293894,60.47928810269925,2.3642912071208753,1502.932475619206,7.876011464616443,134.8556626803423
294.74527879370225,28.003743328913068,151.6416773149391,6.824436050142617,2478.3107210110584,0.2772532476184919,296.6191103652332
200.87327401084465,34.649651612024954,75.92300771846784,9.25683267524051,1782.7495727422747,0.5688743835614907,199.9137587266054
139.45352102838723,33.23637139078894,101.6758840091095,7.118530837819483,1211.0431357911195,0.6715778238282133,194.8431635693891
211.9543614976321,23.782613216097012,59.23145512022553,8.299195203630042,1329.512016992061,7.310357583283108,160.58117608963843
80.7301696163469,15.798959465721886,90.49604552831931,1.9807446637352422,1722.916419089081,5.011666285631721,135.18319309673228
272.16477006634966,22.245869800004098,165.2631606675863,3.25658643401849,1063.706365732617,3.688979435205936,247.44484207065705
175.7709876949591,31.527806232011105,182.7522986820888,9.05084967016532,1693.8009780674506,1.0561704526173599,293.8349865633469
162.3374355099105,29.02998202930332,83.22907278535506,7.435950522562803,1628.4112631201915,7.322402502058891,191.47049729206884
196.4661971133798,24.18687311187913,119.53217588883828,6.7559844373958,2169.0043979792304,3.2101981055089968,221.93375258286932
206.1959656973506,16.102030703176624,120.54860719058095,6.9739006250953,1532.4129467338626,2.6532407006466716,189.23243825187177
67.94395155662826,23.537894556466053,181.03629586396013,4.727804988741791,2473.8231423093994,6.52319201553551,218.7148569517678
220.6543053058506,24.38049879435767,164.4198579313708,1.401009684558879,1271.1548789513547,5.590108925968417,253.94306477256464
110.48292007888239,33.57111065788272,126.96158275520747,8.059973878636562,1886.4800274522022,3.6241064181330165,214.0827168113432
228.48815812664745,27.821722071643187,150.612080070766,7.108419125938185,1134.548945512382,6.414874708055881,239.02610234460727
255.6336985960492,21.233058333092977,177.10325808640502,5.255240177014523,2100.7959759909727,2.7122152038411818,262.07733069858205
250.98962688813006,25.506365289014425,51.43084310383174,9.097836538314317,2492.1305320929573,7.948302616043268,174.38753193575903
188.12524185197228,16.3211061564432,110.43350465750729,4.025436984865889,2228.7079566274483,2.2931895030765395,179.59335230282466
180.0424730776878,34.45136471299473,186.0864750915618,3.648895698081123,1833.555311080452,1.5883769538201564,285.0174709645641
85.71899033485293,22.20119803861452,161.0469546265927,8.855166925714986,1727.112036099538,7.824394094988749,190.89728734755394
243.83653760078388,24.557347098262717,131.4262061501112,8.17288889283087,2252.5449419002707,7.078920306979332,243.99854576027917
117.85234511167859,22.105679484738452,129.44667905527,5.634818295835103,2403.961127066086,1.8263897570179843,179.31289622283614
174.17385570448664,28.650234602324005,102.16551464066566,2.1766126551206497,2483.8097886971395,1.1624575268993798,181.08702157703976
121.06852323187918,28.24464316659186,128.07808004622717,2.935643243185472,1594.8088413467262,8.383990884866922,170.92156081437705
83.45709074992328,29.306446210582713,148.307479919518,6.90605191367926,2486.3762121917684,7.76598482196688,202.05410000563543
207.38942422293414,20.362864592238417,112.75445576431896,4.465371140563705,1233.8893782607472,3.2725737369966423,212.83423945123573
63.58300870572596,21.313369623281318,157.1229719588261,8.52825872499374,1380.3246638978637,6.581974082133667,200.91775677506482
237.16130853155,17.505024621924157,179.1848340890579,9.549595083989837,1133.5241871008443,1.241601865478108,254.5156189030489
129.39669881527917,28.11019943692225,73.20272722772917,8.250732327474264,1407.6077747267225,5.0704765904767815,171.49940923510718
50.03367325112133,15.79594254671305,117.73205342261366,4.3979088069600145,2151.9063274270165,0.18730292060419873,163.20867997765572
177.78228480930744,26.95364671046918,111.20301369276217,8.098177863082817,2279.3865372676746,3.9160188092155543,207.5651506691898
61.712977131900786,32.39391769703268,153.11972060745921,4.162975061236152,2168.3389676538573,0.7484282147140509,227.23645170303553
119.04238945522486,32.81664296579267,87.4801197886894,2.503900789890705,1946.5986672515444,4.751471801568825,174.66268137595424
226.74412186392905,23.980755207399234,146.03763724284144,1.3005388437927166,1770.9497687839685,4.216816468528943,236.6855732283655
65.67240540546646,24.186073764261476,181.6233862597232,4.47145041484918,2063.0564338204695,4.44385026638056,209.0928427682968
259.8346230890006,16.539383660160347,112.7197399690434,9.132033733275536,1586.2503239008327,0.4533130204799407,225.4191508525016
50.954980664645774,28.415300508860714,186.65235499688302,3.1508792898010887,2261.9625272495527,3.6161634128183238,223.4168436639283
111.70596730047556,31.42518840745691,198.97456084002175,2.8586184843680558,2015.785140965178,7.564838490999165,255.9938995052226
235.22601403801787,19.893101092094263,65.91380749219282,9.728387067169363,2046.7070477416128,3.689143733536201,172.9982620149416
129.0675374323267,23.426017632667293,84.95797819772879,1.225037015655329,1803.903989693607,7.151719526095807,150.58868132812182
75.47309701650337,31.776786735305407,192.55696272231398,8.07203935354379,2327.843476316759,3.6947872363373326,240.13643642516317
140.05847970010697,32.54240935324576,193.749152972208,3.892329601667833,1378.0221005185788,4.232394414901864,237.78366551492874
117.59832159613138,19.86359960528452,64.65609130801377,1.337391611826934,1571.7214800415761,5.638921128292661,134.78158023855173
260.67797554013873,26.011412690827285,52.2497750565705,9.260222861886252,2166.4638545165335,9.506819368070826,167.09640567541393
128.33697939628578,18.84986301271654,74.16500348846334,2.2567809718862524,1739.1233441940067,1.0886044664665517,139.62726217548263
247.2331179440018,17.03757528279113,199.40191750733726,5.966013553531258,2333.8210201362863,0.3291376866117368,284.0129539117767
272.9680362026837,33.222410027839146,76.99994249160304,3.46648786686593,1519.5989796442786,6.079571838100452,208.521997828447
158.4543548941324,31.410150084642183,125.38214100830348,1.5867352196622193,1553.9952532294672,9.490970889284263,198.66242916700452
277.485785963598,30.20069803606348,177.26265896457664,1.4493023709704118,2333.103684079938,9.89723132554715,280.6852212149628
144.3295134907982,15.975326376262808,53.06024160323095,2.040010289527049,1696.5554802730617,4.841642473920018,124.47201789471026
291.0196041225271,31.874575854205148,140.6733473387689,1.6423031250044204,1774.18687630373,4.680816210850985,264.4986429437916
72.32238113139323,23.760881518107674,91.55381733044365,7.845023039679306,1499.145573003519,6.449637707451962,168.37902224641667
221.7548166258107,21.847902465917194,179.35023746595974,5.370095820550863,1415.0049132686229,5.556347572049698,260.91245785598295
173.4535101142322,25.92952722050753,92.51917238961187,4.086028822140817,1983.923066257588,6.340880576141181,179.5556337156237
146.91220136391178,16.827064854471118,153.01335804228634,4.7653201911880645,1179.7609923118057,8.739994255378942,195.1778197105186
208.17796968715024,30.132930987047978,151.13294486710953,9.36052062015361,2318.908961774364,7.463061694876093,257.5459348358159
225.96427290858279,26.648701537765916,83.22403232894601,9.196766314643325,2168.804705147662,4.968773916867955,206.2621461549342
51.09081741257727,18.731801937463352,55.219879980252514,7.441088321103192,1286.1223955587043,4.618644590001696,105.82291940967691
91.73827218679968,18.76464399538091,111.3874360678096,8.96214139679519,2041.029918736848,6.396017485131161,174.03285543369785
228.26151265857968,18.684973031453485,93.37897279488045,3.876832248288623,1903.949381928452,4.557062844202974,182.56696148349775
216.5963533945516,16.14004775103868,171.3466624420563,4.429983934074546,1276.8025761049662,4.577793512656399,247.10091038348858
291.5118762821693,26.755968987433697,170.0546282683018,6.5234096366880525,1409.8052590753487,0.16305901786504817,293.5421424033345
240.25944756269575,31.806963551770163,118.55359282889383,6.612633525675378,1613.4797556007516,1.7406413740730842,244.1993384023996
287.6931769328345,15.349964279747772,140.97683379848286,5.335298542111069,2048.8641028682105,4.88513639995753,240.61856688965113
225.63512538370173,15.980092899425472,140.6389273980388,4.60592063594158,1958.0851132255088,8.226534590503691,207.78688156959154
124.51305215986079,26.455405533738915,174.0737222641435,9.875622804478256,1798.352271515047,2.7872700672712414,237.13118635181414
76.34123056271412,31.389913707721046,113.75036211847963,8.39011263505952,2152.6158146710513,5.2264343313114905,190.4113423978322
245.4559658362339,21.53477781137267,91.31700196857636,4.914821780992407,2136.9066094092486,3.449620847592322,220.85932745719973
211.037305368979,21.992287976154444,89.75523772108212,7.545632295156116,1926.7887310933838,1.0480398953958903,188.11742814127126
62.04650309832406,26.92692994993552,130.42884189233064,3.4260552392721353,2180.485125077238,9.582984830713006,179.32738446548865
140.01261647524458,20.484257782482942,117.37223040983189,1.9015239361359688,1501.3950621688139,8.546738702503017,168.5998990147273
289.19995387107156,15.532167321553683,116.01811564774043,4.171879229974666,2321.8742924839084,0.7849242446690641,210.72810414193594
175.10028642755032,29.704570362031923,63.67060086345609,4.626755201110548,1922.365128702911,7.197872624682846,155.75956787358967
158.18228400492615,27.512998258829064,157.79056110352934,1.148834121046037,2233.545270718646,3.4757990435750017,204.15877096726007
164.42490128982348,26.615119981113182,82.06050319728661,8.333128014723064,1819.418657185426,9.948498070617926,188.76374785403164
102.22068100129093,29.833682579836463,79.5430445313082,4.232740621502634,1327.6573674830206,3.023985198289777,131.3586646448688
142.1767927161988,28.50461675124075,111.91374804160901,6.223763492021323,1813.6151930174628,2.387384453625999,192.18374421426623
142.45331399679415,19.117639763566423,84.16675124267022,1.6656686854386038,1556.6674956648822,5.678905483054052,135.56979550570347
63.0887550468681,22.049620938867022,137.5787400962023,2.5749714587552557,2046.2485540556418,8.351261633432042,163.28705705460652
241.89190712947956,17.5222028335725,105.71950090017073,9.00724352794804,1713.6906876021037,1.9251887181979799,222.67097777872718
154.12610797596975,17.59714026835762,117.33675838891851,6.478187750945207,2254.1692073915315,7.0940276971933125,187.4313194748529
255.54497170410582,28.523914927130782,130.57539824060433,9.55255645153437,2017.108768482875,0.6140658314112168,242.08801842692327
262.58700027997384,32.17200213964996,80.53032837227073,9.988750309521853,2026.816649546986,9.189347431104974,209.99965486890378
102.99851367466451,34.25465167722278,73.36274342982946,4.34674103799785,1325.7330002365975,0.8107491614729878,149.2564876534086
214.33837054253215,27.56694235098889,182.06328543104073,3.6892275767494715,2476.3746497369357,9.142313763441624,263.6271438845387
168.0704510407454,18.68202646721914,115.05855542471315,8.725204496431871,2262.512813907233,4.908072494527028,196.7413345741145
270.03918448037126,17.113006908978615,111.81404144488087,9.987502843337088,2183.507326841042,4.480911127959199,242.18981137214624
103.93516979411353,31.257019430735156,55.34182254092622,6.6667711080921155,1495.3228377400412,9.733070795003766,119.63418295126317
219.45330007751105,26.575129527199984,124.69644538810898,8.156266502603701,1803.447479270848,9.90384177698219,225.07522455221897
201.93803056318063,27.365700420274397,133.12545824165,8.03571272933747,1205.654782111493,6.501781259610119,225.20649386043343
123.8253693929582,30.629241775094187,133.82613064319997,4.198057373975923,1807.713964994059,1.271192918570485,215.9938094909113
84.15022591279316,29.06554455464903,156.05467539843266,6.168433422313785,1218.833869724931,5.061700856552025,214.478990262143
212.90994011931915,31.689165057121933,76.62227524865176,8.497512471377922,1829.5567659844019,5.291631009556625,201.61649487149586
234.64936453308266,16.12427810919757,87.83347013459283,7.193024886349499,1973.0828202323585,5.144464281353097,189.0588477640334
128.90683594083748,29.950412734930097,171.6095697845619,1.1904743258383443,1585.2939508748536,5.694918385200097,219.26949182028687
211.20815100557846,32.017055146441905,192.0755925265091,4.030351020077802,1747.8173174969397,0.18724713794390668,293.6238701136513
148.78272690287582,20.722700849166287,70.38991210509809,2.3002812693514483,2313.480081511879,7.112272814705024,150.68723436922147
228.30172082065442,27.80894547986506,124.64743317578272,3.0967499087023516,1162.844717054214,7.1239430195298805,229.0343966656157
99.80381872351327,21.283241276739442,82.12643791093802,9.14940529742193,2187.5993394994794,1.1546977517788792,167.30431996393858
272.5537506590436,34.15942132964908,59.010975253247366,1.3320396001969135,1256.1318264942947,5.702394424458007,191.71593404245758
121.85239911639493,15.668471448710076,98.82550071892031,2.978206407657314,1055.0619742069425,5.683611824357746,164.1534823758444
141.94649693903824,26.5958568766591,71.5531437776319,3.786124170144083,1278.3619041175716,6.824504201904001,155.21336518424337
64.52298802008744,18.330070940990304,156.48996101513694,6.551956647697553,2147.5647849557345,0.8539769213508108,191.82544015400632
77.87805308031909,29.244404103543175,130.05881205071665,5.8069152107727895,1607.6891100052899,6.265033072660964,187.90772472037588
178.96547567808204,18.517805668373242,71.57517064854663,2.9644253456804748,2308.780775269273,2.807519507463412,152.63070253162834
116.89816918199287,19.707665237967152,51.386238260827156,2.4781696050083903,1787.0613117733988,5.07002990496172,111.5414728803876
258.8700564355486,24.887416220915163,171.22355735363192,3.131182311365069,1033.3755278894964,7.733235527040767,277.75237354363384
53.67334716373846,33.29669899993756,76.42916092463713,5.5227666403149005,2075.07041440289,7.056459363630133,146.82077947139476
144.77351216798405,19.234287442959417,140.9324963331149,3.440600071400831,1165.349363081849,1.1890301767799338,199.59425042023074
134.33638669227315,17.88480042236207,100.53828696151183,9.528422514469499,2184.0694501928865,5.911847871160733,176.9105487534433
54.83190772940026,30.179536637080613,137.82289074725534,5.174786992859628,1252.1538247077701,9.691165309407385,214.78403402004784
81.09209975012756,25.012390646678618,97.3480440473486,1.5291641489017336,1518.1695787082701,1.5676943733500226,138.71822951548344
153.41066872965882,33.23570224763543,63.040934103838126,7.563397652529701,2141.9071444380406,8.52907087725415,158.00519031156693
173.21614611186166,17.932291143196846,83.44250128366303,3.9596075938809063,2431.3470362146327,7.02548080553777,146.08074025823643
151.07243681371727,27.918557860460787,78.20878497186133,6.881400388524228,1557.1509259700986,7.740033129097597,165.44768949238042
182.73441960302347,19.6575829230363,114.20290286594657,3.516349334709088,2244.1003302984036,2.8195832714264544,193.23531468579415
198.78291872642038,18.135208573032784,148.7425675139236,6.136693675599879,1286.188398213758,2.8788892937984247,219.58483680593145
52.480955281958906,28.668588303145413,89.57091124195364,7.949372543267182,2210.7696553037367,9.06019455776488,145.79681716961042
166.02378986337595,26.873692398174665,51.81049029509269,9.352078675970986,1986.2410888843765,3.5983203209255867,158.86759582787815
290.87481022189706,30.096549167246625,127.84060463971353,3.3501442998976936,1289.1152608185525,0.6301539069281048,243.62211444888132
179.75807003238717,21.18925152892365,140.8639234038458,4.0137125589908305,1453.7559405271174,6.005967035794501,214.43614877914527
219.3855668647383,23.9594331276438,194.43057410027146,5.178397782573457,1197.656332895554,1.2481766904184266,285.5696423842592
127.9659644792208,23.10943352660837,138.420620463987,9.3445735396239,1574.45051659647,7.9659624140790815,213.41580760827767
243.49784453819063,34.68178927933029,120.67588390672128,9.112481711295914,1305.472961684916,6.417464425010574,253.05005501093805
243.23037046902877,20.844979134787756,136.01024388465558,1.8089045209057422,1965.9969304457104,8.747265052212082,232.0801294422788
180.32401191353475,20.896344766935336,189.18509447930407,2.1873684317842974,2491.757656330838,7.848372497826352,250.05214383641078
294.00345581980343,22.090964176572147,174.25672184024694,5.4595825959757445,1018.0137446263963,1.1211364833819615,276.55107466207903
81.38755369066334,26.291881625806433,98.4468100045712,1.9595734552488113,1811.3797199309479,3.8107067643442227,145.5255588089211
54.23691622239525,20.046454885274905,85.58815454857059,4.110227860138277,1860.4998963235146,7.745602499145873,123.96815346048088
242.539552939274,33.305798807585475,89.39504185491104,2.335468403957299,2371.313184521218,4.173414732663257,201.32659806094568
251.78888434122064,20.31371129732527,125.66315595728196,6.724363196186973,1759.0080021504064,9.723654847799782,230.95939525316365
80.05180728014406,32.91631463120389,161.60741768428667,9.545458885652456,1815.5521294673763,7.357404498934493,230.18709360499275
116.39570823965151,17.069501272931692,125.48288107744432,9.970603932649434,1707.479201992583,0.15499916690321025,196.1555145562239
54.38809084165723,28.131254047993046,60.169459374216885,4.377170192472233,1403.356456842222,8.799856915608364,107.20663210368346
123.32715269514118,33.139710368764874,158.53710506599714,6.39111373403151,1084.0436998733705,1.008047848685576,247.30118120036514
243.28546847966788,18.37498876796459,170.89551930064306,8.706408881716731,1612.9865233147543,1.4052372418008585,257.93090761045664
179.49013192814473,34.3665392019851,93.42467976795794,2.0571586551674557,1078.8872068610178,7.344924006110509,176.7360554960425
137.02389829207203,24.057667208310235,149.61886089250254,7.206079699467685,1825.7387041988768,8.649685594304803,211.2353753760516
142.93482372658258,33.91430216882049,113.988785158159,4.679592955525614,1460.9404648634397,5.36349627899556,224.37990712488812
50.33840642886704,28.53640087260094,183.3679033591164,2.855315442521477,1800.4036022881419,2.8904973294577916,213.58946668482932
124.95013189130897,21.03173739747103,176.783833724111,4.624782568726978,1201.44544659278,3.5131554525317554,222.10462623255245
211.61468540948263,18.76605049834213,128.81479974644634,1.6836425826842518,2398.94494860904,3.42889329596056,204.2150027758246
293.54861095408927,21.07470092450199,153.72583187203918,7.258664337303752,2341.7818653249024,3.2667810380951225,263.73859822250625
261.76520674597487,16.8603481852535,182.5024551533156,3.2746840187360777,1284.9947638034268,2.429096718216498,254.91209697228342
55.89874116138228,17.877359326866596,124.35755151174132,3.802650805403902,1515.1664249410148,6.08867094629233,157.0951323677126
274.64015116870985,17.093208806929624,96.9876110733233,2.089731684173165,1920.2391577779695,9.004053185650672,204.89581159272626
245.7996033246565,23.458870874831156,163.0499206864372,8.781932025009025,1143.5293109588595,3.0708241308334117,265.82652762009957
245.0940308927451,30.911567525151728,83.00993821770376,5.440998513544647,1531.8517316742264,1.8669429746141208,193.20408714384496
164.49893975089287,17.827671084326802,108.2796722009063,6.149321900077602,1376.6684302285091,8.385776663714248,175.13055959190112
149.5013232386257,17.606408663446718,179.85908556601905,6.124894147853691,2373.275093075045,7.417833308897032,227.9194262459657
125.72893220829816,27.868578990346613,158.66335104039726,4.6944380308720755,2278.7659544338076,9.308370315599104,221.2738464754874
66.42371473859144,18.943659639361325,110.5716507871249,2.732769238943255,1869.7491119002957,1.6551973560490962,163.48187924960504
107.05884087342477,16.95220076217983,82.21167536125361,7.7061947364856,1780.5195053073612,1.4425131411659153,145.0786376470942
111.65090874450615,18.336971564111554,103.39525862483548,2.143506388219069,2396.088691818096,5.414293943049967,154.20743136923298
171.0192674275504,33.47462791753552,92.61562238411494,1.9348641125092945,2398.641674468223,6.144336548350953,203.9815114998342
236.8611016491735,31.429425055523815,76.41339319157808,7.3913053383685305,2453.9951880274907,4.8017344185958954,210.38497639151092
168.45245709948665,22.08129124710188,161.4999370348485,2.8795331840678546,1188.0683261622814,5.989666363238754,228.73880628828385
64.46111236179016,28.116415346547857,87.81048302752572,3.760954762175491,1240.8367161447554,1.8037976887507134,165.44434341566227
289.44745024705094,25.74551347336076,118.12512052516458,5.2770472030156625,2015.10504801983,4.796137541640833,242.0369499834788
285.68107977352804,28.54248526965128,107.87891702541636,5.044161850565915,1812.1517149147674,6.580925609396679,210.37807836335622
246.2973857871021,28.65342304925519,197.31160679534463,7.377212125584993,1027.698857339854,4.327064492487037,302.691583044699
297.83197539105515,27.57468030119986,108.66383662223308,6.610886140990249,1092.962553984279,6.794473358165979,218.73305850658238
186.12058320006574,20.32202737074617,61.99737241951322,6.799565460536791,2332.120573388208,4.511912805538396,161.44458330265485
290.6920875633015,15.780128415256362,63.47386288581261,7.426488975899116,2303.3061933090794,3.3359958084227728,167.31106589343773
68.9012601541877,24.111335639802178,138.61305820295973,3.6335145468111882,1535.9063829940678,3.0360504708709235,176.88009058850324
141.42018706534282,32.81947769381408,139.90453276073984,3.900999806204263,2336.575925395802,4.10902058988588,215.36169474107436
106.34531700169146,26.38994517037152,112.81384857239824,4.941979731059988,1890.5126115968528,0.23089622682200828,172.58793721356847
98.95827103356751,31.647820834038157,114.77655384680445,3.767159557301735,2208.858470528353,6.685251384461138,179.10134603008868
85.20073722316903,34.83248685922456,58.08988742613068,9.864440820737771,1641.1466067403214,8.451056409802618,158.3921252503525
205.60341039149915,18.272324082765525,127.48197655838933,8.326467337792867,1170.0974910173632,3.5462709444311855,206.15555555211884
245.33046393682628,28.835552782839645,125.71092130705276,2.481892194304266,1650.5905939690242,0.46033136141718556,235.90741409189295
194.57459985509016,28.485871474000493,72.43239778354169,1.0503474029368256,1685.9496969953468,9.867755973855576,154.9293252112247
86.74067739705242,34.59910894716557,65.57590791663914,1.3850494142254108,1826.4162907609045,2.6369825545106695,138.59103734197137
252.78094248336774,34.71201467905601,68.53587358992357,3.1965710593863275,1158.374069356642,1.26621121690773,199.04618094783976
208.98867679093212,28.73357223448259,65.15423697368878,2.028621572531709,2487.102794574417,3.6975250797302794,160.13775299611603
147.04142653174887,19.872295839643886,141.45622933051396,5.800043034033149,1366.2052312103594,7.3855704063355665,189.60836218161404
218.53257388401573,30.97111676261198,79.4723978604378,8.721957004546228,1297.8286053056395,2.939165968905657,204.0831353385127
114.97624481070821,17.14058268422076,87.71452282811953,7.630751988219046,1790.2043782839048,5.747032039194878,162.57456643885408
136.29805212355262,30.61398608343257,76.03582162271596,2.9404815677397136,1805.8122690923328,4.155599944371422,159.26318956699205
279.3714607829976,33.20392248289393,193.67529566727546,4.5936933042320724,1659.7311067498663,1.177639922766185,300.9024582880743
122.62612641785509,22.656667895368706,178.1926194727753,5.571047885781499,2157.838219487882,3.3028701249211023,233.69002637159193
167.49706703948414,27.61270589966161,84.57422560272813,8.29185264553002,1774.981601092904,7.248705057140667,181.39167459584945
272.53528434900363,23.602854641936524,99.13494408831889,8.552094427955483,1914.5431827174762,6.120038973314457,221.77510368006216
226.93033756688186,23.75530109976257,81.48392634574958,9.187464807169984,2085.6195781116785,1.19778379883561,170.5640198643165
65.55080654117569,21.207417782162402,123.78139391912356,5.583207254525877,1037.5376523457999,1.6332240971430856,157.23531862440734
86.82576106974258,30.24259240900649,52.94157987113804,7.248472717922766,1855.966273817567,6.407333593074455,125.31779096391789
51.96039769297921,33.723531283330104,150.70520133451936,2.0062033411054343,2326.291706842554,8.134154143208688,197.84416660991167
207.73044755729086,33.815017184689225,128.47372247264624,6.087600639585839,1026.0831143881508,3.4947449595816926,235.1594118867179
161.91835635260458,18.495625697498678,184.7958392451655,3.238226285240216,1607.7731557014417,5.953107518434502,242.23286685766823
83.56871272556889,32.494872993131324,74.65890264926212,4.8854519652395,2389.341175308745,1.7064358875210528,154.81223125621767
289.4835302641926,29.748628828542444,170.61638690916976,6.706454574760475,1529.7316034238067,3.1137633690532383,274.8692518173758
182.41493098640498,20.056748013805787,168.79415217000735,3.31287344068403,1688.0932363003612,0.202702056730526,249.21555155409018
110.4733235282223,16.34569225843029,69.07717838253303,1.4696655201708497,2472.3120895664692,7.6827594779952255,134.68403666683923
175.15089278867688,20.35994533768756,109.78388362161914,1.0921047076788177,1298.9857884258608,4.010098197729668,166.107451733505
219.90508318377695,33.24416473563051,75.52289617167753,1.1994358199006938,1097.882783687509,8.16125573653954,185.09715127856936
69.05980449339111,27.663573497915444,88.20807506863233,1.0751476376239268,2289.1338862919565,7.083729960227263,135.0122158650843
118.67595376197299,29.421093217957438,89.48692622458165,1.9931955090208793,2302.698011818553,8.28744265728477,162.1606725402353
251.7413727209984,20.143047022181918,133.43545910386592,3.155398431131169,1708.1167520200197,2.8565866958288275,236.31718944747183
164.9162176006653,29.387763111496405,111.71163976406982,2.9909936276406928,1771.3107617159294,1.8510873042784526,217.82592954848366
186.64428550807372,15.562430125558475,192.1599206009458,9.881169347619071,2253.709554426754,9.719056826516706,264.9878737637759
158.20400055236732,22.506426915460274,68.95552129205078,3.754054946880489,2107.8392471736925,7.173277870408695,152.47175437654658
60.97498566075128,27.535066970846625,196.05382022752983,2.146787050234592,1397.723503325516,8.340422679266704,220.9587504209231
91.43744495503898,17.921931310826405,84.59579603213959,5.910062897509822,1025.3400326072776,0.13133373709933727,142.61725498025928
161.38540968547272,31.460071488938695,165.93109045727795,8.721617098577575,1719.5502438003186,3.5446162029588657,266.0583480214317
102.29636635198196,19.70062597623837,100.8454889259232,7.1025433910890765,2288.3684891434623,7.428166905773317,160.5368927506733
62.49475716491968,28.045622256368926,71.46220931259708,3.664738802219053,2343.752015035243,0.7798283298998332,125.75256894018915
260.91241601295593,23.103942851506595,178.68337778693598,6.054545438123094,2434.3392956142307,5.673399295689356,258.82051247515915
295.298132291029,26.920871909552943,96.32913488546947,7.433703767803682,2319.3448564191717,4.290727674550032,233.52526754528688
248.28571849918487,17.149011052578164,148.8283106340263,7.552940431309681,1870.0653329471475,0.17616507141107296,245.50269088492928
263.4462304261667,15.338255998432146,134.96655276299398,6.998846097679199,1666.9083988541513,2.359755771194514,224.70704471073992
110.49428257926135,33.19128854760602,120.76344640863115,8.837293822980563,2162.2747698011485,2.847919890667142,215.3812932193952
290.15674387829995,20.392600175343656,124.37292089728086,8.83094912509694,2109.7324515483947,1.1185994634632246,239.2385549220129
99.23142611335709,31.393540055609183,159.83568711384314,6.210429034663029,1807.2151451221816,6.315369097426604,221.2594505011046
287.8574525904581,34.987006009444,63.165937118516084,4.86870732200091,1130.9910588377038,2.42397876251889,204.99126053355465
298.7048234914878,19.228625159978222,150.22709929368577,6.774132660085899,2389.122020180378,2.7761949961938837,257.064948663417
227.93070143651218,20.30341482366711,184.3718152097868,8.363908012334168,1683.4038062524933,8.982385982001475,269.2938661379521
295.2859329479555,28.257195752693313,58.668229552979625,1.0508689435706624,1545.0006728743965,4.671230926931394,197.27743238456475
192.38494489177592,34.308972692012425,71.09800088505001,9.92797308113366,1944.3510927531574,3.9212814696927234,181.41653184533448
114.88544579402259,33.316286963814875,157.4947905053047,2.646043950962793,2010.7569417504653,7.238710383147172,226.0153445667659
159.2489714164052,25.057510401311696,115.59224723669263,5.232240870939786,1316.031875545452,9.09613796882912,193.10481802086355
198.3902338446965,30.902205650534494,110.53229312205326,8.8482676135858,2255.4082672149343,0.25036336237443835,222.9160215027146
68.27039050675376,17.714917061998023,70.54499518163539,3.0253635913977943,1434.9056404935668,4.4823884655539645,123.88727882007812
205.58581615431152,34.54876368408024,126.01550610766822,5.291157015103449,1280.025888871475,6.107813560779473,229.89272853828012
295.29445919057366,34.28706468071973,68.98179667945658,2.1932396216306125,1609.5997792817461,3.185630981259896,211.01952805206875
97.52691244593191,18.274579157583418,121.49306844658106,4.555686928493733,2095.840121346198,7.724077221232417,175.46405901219467
248.14877907209583,20.988462496062134,164.5422948442485,2.594219093137023,2448.187267659705,9.714770702702738,242.74493870755674
276.97469844490485,17.00309995013534,88.73965368307452,4.272649738940413,2213.92189655715,9.434273662502832,195.8366234530158
285.9253982050552,20.434351977963594,122.1179252269591,4.361177951134498,2410.5225665052876,2.6598253937994185,228.82909987630282
290.03390110136183,31.31911578830413,198.80239540952536,9.938537106384995,1210.9087061147902,2.26338278437486,317.8711427760982
180.364909680368,22.56631214330519,152.9975635031056,9.95331726373395,1106.7651982955151,9.57490531021221,229.46909022572217
294.32697699787593,16.76793934293517,176.2035156957798,2.0330765079455118,1836.557142860007,4.586284874314659,269.56974357581197
239.32755178360972,21.844510495578092,112.22714098408187,7.5337190139551256,1435.4462245660516,2.082977230846917,217.060033017517
90.41785905924047,34.6276666848256,165.1791384688783,1.4657093170219104,2242.082459453909,7.069969636304182,224.0362075980795
169.2250266169925,27.59367190518406,56.07637594119828,1.2717281380346976,2007.9818071034892,2.844203239037916,146.9812612376324
229.58279384300099,23.323218928123154,68.43667738133675,1.9480050482046787,2456.0922459786916,2.6724697507105235,155.03975803846265
111.83507895477084,18.3307702699454,80.46058893800932,9.689370913071405,1382.1885335969564,8.792490430777848,148.4757080807017
210.15379588722183,34.723535945673895,110.29278869228293,9.467771931052276,1728.6761715328485,1.6247915337690344,230.58155362835765
216.65011976165482,31.416980185262574,176.86173174886449,2.745350382526124,1751.86071613803,0.6439294646623639,269.70830844201356
90.67493595214148,20.629546049018387,101.93990761818958,2.4550510199834035,1358.7651922860643,2.6918644017168725,145.0431342405448
191.27132811318907,16.40137391442379,148.19317902731945,3.164815778643523,1885.1400992320116,6.069454128382038,200.64849005235294
242.90672774465193,16.13251114755116,156.3971442205225,5.639922946676279,1664.9289791188594,1.2308785340327055,247.42883145465703
174.72391613398548,17.407562990110677,137.92735311325123,6.127341688318689,1670.0823339848105,4.715946722767938,204.37121093384403
53.02577919402685,26.615371672288433,103.58629522552043,2.994340873955026,1544.1049719587254,6.273371104253198,151.3524740636079
52.259617269823046,33.57526842410985,136.55800125703166,7.809605092809507,1025.3940286383026,8.48736992593174,190.89890130378382
139.25733599250304,24.93486856011969,101.33983891846194,3.785978524623857,1783.1428553721835,2.2986959120225436,175.17965131894485
281.5485171079455,31.858909649123945,62.58106078280181,9.299181929764693,1502.8717535504966,8.173463233827894,200.34229050266936
107.1691949009022,23.917732397196154,198.92059672790216,6.910504358110575,1001.9798034764946,2.3490626113123856,237.13343557436627
208.5909222179218,29.171670915356504,69.07736804487664,4.927160748732505,1461.915561492898,6.767665412396405,180.72831399625179
105.51896767333014,29.637454745730018,60.8522575754086,8.109208015325608,1417.9424996346354,4.306735714824551,140.66341077116797
130.41749741488715,18.479274118066773,181.77961238107338,8.361231634419983,1590.1722298354537,1.1468124237867017,238.23676663199066
262.010522400371,22.224321179516235,95.27519913393427,3.614334450480493,1197.7779844650954,7.142634628218487,203.31730757133576
232.21536056748673,27.746043130760476,147.54454611102614,4.057430894524759,1761.5257369526266,2.177626185490178,239.0002827693865
73.84981932830266,16.413932163687324,99.35085944933493,9.423596383557431,2038.660528777195,1.7662342602459147,141.25907195430617
157.1755052466084,22.23080375525913,108.71814061917067,2.4826693452694473,1945.2783535818587,3.583229285893832,203.79850659549396
57.29244091131612,25.69598932562385,89.31694580251948,1.379353752666408,2205.632421353786,6.532902447594835,130.81107526863488
170.22253665075226,34.92448986089278,101.45660086895154,5.0864979034859426,1678.0124319806218,2.339964787906278,208.21198634471767
215.60850292526703,24.490671252448813,111.60506008798146,8.21088910219266,1778.6375955095923,1.8366153878188574,234.15798702383478
79.62565589953789,31.321135142286472,158.06241036385143,7.945012956796712,2215.6029112884753,0.09953625713364334,230.4898688505147
122.22123472729142,23.641345701332355,126.73042913521877,9.275775660215492,1641.5517562288578,4.716430971017235,194.98474353746556
149.45915637553924,30.927814452394177,191.53478257354655,5.798805979321362,2052.3990248493956,4.286455693151828,262.34531293650474
279.88275616401245,26.90829603240217,56.28205907581633,1.9005820440987997,1651.903553076988,2.3386774363737626,171.96247843723626
298.31375385574097,32.73190883004797,125.46024839480422,6.298200769024144,1626.604291767344,0.5365216400969075,268.3585016887495
61.22782474890396,23.218851047002197,137.63371832475772,8.005560529178904,2140.3084367937404,4.292558745958369,192.11176429453363
240.251980873848,27.086088396429577,188.0295479111411,1.8399530824284376,1262.2553731993166,7.882051110716313,265.2474983589916
142.9310166005858,27.600373612376547,57.37377854321414,2.553916609878308,1507.8789579123604,7.15282131327177,129.30432064127285
148.11454655737,23.347658836009465,136.02493774028238,1.110615950401038,1336.2584151203528,8.607948898601702,180.65323931855613
238.56624333675566,17.88624087374963,178.04448927919356,6.342873215021293,1538.6649144513958,0.09582687713155624,271.4151285934276
279.60660803635216,16.871188138246712,86.28915921788548,8.98060952751314,1345.5622335490361,9.664193168045985,200.24407022024107
287.73214862563714,15.333431011992662,181.4438522785906,7.035969844018895,1869.1084466299822,3.4141225262744834,277.72781361004064
194.2806465095802,32.47068528490429,52.856511391143776,9.838360788318838,2197.2562039267677,9.903977960919647,165.16518973855335
139.2802898251257,19.729498244773893,159.86819437005946,1.5673028724978542,2179.919591826853,2.5261946060177465,195.8692064033426
246.8872714646948,19.23013498563536,189.96698317529794,9.127009766363466,1546.7514468231886,4.715363875782447,288.5009466936982
112.75034581557506,29.72070800852131,148.57964924600935,8.326614586480126,2483.1406088413923,3.5392767657530366,222.5401475320008
191.01850720837945,21.400322261747835,115.85438659706719,3.8281736844955443,1890.781547058701,3.557607149943026,205.82099832150251
139.64461538121827,25.120893848236733,56.73215247090771,9.761738966535265,1599.1004526674421,8.422820987482158,144.61138444295543
214.15776842696903,18.250221305949125,188.0170719983943,3.5914397335427353,2253.308918862138,7.464189397373388,252.62554426148432
110.09972822337673,34.19491442923939,120.54443340373622,9.003742514453966,2094.811018963961,9.92151435230048,210.127168490753
97.89823643370644,32.031628000344746,54.3495116503922,8.926737193667705,2123.9130052361566,6.1351468271751255,152.25373003166823
279.5597716688593,32.275792459300064,153.4731606993143,7.818918549426752,1294.2090246008074,4.632566043945027,283.9457771020014
75.45092073738422,23.135474971440104,122.27558803643872,6.071234264315667,1702.4864610528327,0.9007386294689113,172.304018712502
176.48947693373293,30.247224274143456,68.6517976163616,2.0800247465519925,2292.7421962369044,9.965614195138567,168.14731674894153
105.21319574075223,17.877523107795604,82.14077139653894,5.787745610468484,1756.057011443136,5.515306529322829,152.5138071350792
59.73249083141686,15.172380051835606,59.67360206837694,4.211166300894411,2025.1791151315756,7.004774696901418,101.33978234866595
59.004704572856596,15.399458651560563,136.14403095628603,8.129953298398165,1881.9005995513967,4.067423871913114,167.5709363364287
93.80544302645683,26.73203474809121,143.30442188780137,7.823162858471604,2263.535181577573,5.477157081792359,218.7455161126848
266.6925886265001,24.107898104958814,125.86134475331666,9.195512566353447,1426.8412596424039,9.425777318928873,231.84606120505575
120.61968599425667,25.360306978170396,172.56531995039222,1.133471461885371,1863.2129168295473,1.6641943793160274,228.73465876476297
287.61479264382393,15.149262808344389,179.15132319620204,8.281928951407416,1184.852002014706,2.923725843302546,274.2168664426198
195.40557324729838,23.453732393148513,142.343659502469,9.446158478122019,2035.3161650492018,1.5205972777803234,216.46419264849413
159.15354744219152,29.361363224017218,51.913471956114584,8.103704041973351,2097.9517575290683,7.922159038047747,166.0470593883417
195.02220866736366,23.853874039348717,154.28444836216033,2.1717501388333003,1064.2559817834976,0.6204526042182956,201.29828199261124
179.17459630656694,29.644384126244447,112.69988253805273,1.7315119435679898,2013.6864454419776,0.8163164985133831,180.6198189729661
239.6940634393313,19.660379287936696,134.83362248395804,1.1876071582693073,1622.0352312486796,2.984941127873687,223.6658009607767
120.62401649321306,31.26284008963451,147.36209030283266,6.658707032452639,1186.1453141645236,5.141881809210113,224.36061310009222
138.2625979000756,26.768624809069046,102.53549214906151,6.667053866738986,1629.8613215477014,4.062748005595865,176.84676809787555
273.5235756333127,19.215261988598122,187.56477577576914,9.882223427963911,1291.3493945433725,0.4481631067080727,289.53307128819927
286.6141282876014,19.734409517076656,70.09623001246717,4.582388566936862,1623.3392981849747,9.574915578709515,158.97253425497797
273.13955687161865,27.56060929139074,150.72677109215562,3.9871565640774707,1576.5085419377915,9.528695203580837,262.2969351272423
154.8619984893284,31.598791864248867,50.653936993487065,6.619824344659532,2107.5874554040865,2.7935632324075987,157.9352337924209
245.09137575172042,23.312555640583103,188.69766581077712,8.430478052568345,2161.323337249538,7.315256152685815,281.52392500496734
169.0839333252747,20.166008582551846,66.87561998571373,9.430965545707016,1910.54298157682,5.785754113832238,159.47324367901044
174.38496303652556,32.34023213821201,64.2326345221362,8.228117495611347,1034.0302632736714,2.374766950056241,179.48139854065687
101.17002726432099,28.3853658350167,99.95114495783663,4.840065825542243,2396.533418606491,2.6217155174161544,170.76329839270144
197.78257581462913,23.96170974566153,106.0349429058621,6.714228117808577,2029.3499201446716,4.911531743104504,181.39612686461277
96.53397443833698,24.758003905586037,82.1450108484318,8.706693940445053,1051.2931748817832,4.1923694149736015,176.19631873701766
132.89117476679843,19.085129358727926,137.7682491390687,5.415487194805655,2228.2493488211767,2.9122932823126426,209.54898041976824
263.7575504049838,27.53605260129688,116.43711470629454,2.9501797933485343,1300.3992320769942,8.07511596305149,210.19518923825316
101.76895230271381,22.174850210857773,55.12633835616311,2.5275109577308568,1868.8317843566601,4.814629176373849,115.82803028325348
67.78957129335821,34.91290353348698,97.94780933829509,1.0014197012025106,1699.9515549252806,6.548480623891279,155.83263445762353
67.25189815320408,24.603670305237756,171.56493703597556,7.464141954831558,1629.7581735326148,1.8927350016787547,227.36295295357695
285.196130125777,24.717712123792264,153.4552302292803,1.9998748796139145,2334.570580186596,5.335076625164867,234.80825466066665
176.73010949045866,26.31703574821344,158.73062803698207,3.1945518972634637,1656.0419373439222,3.179760494466215,227.60031367672718
152.3530179542546,33.33512006237493,154.71753861252853,3.68088698370514,1113.0161763597262,5.264136103948783,213.8319902046419
252.7196452519796,31.016361997195006,96.645953207455,6.043418741230915,2419.958090822429,7.808258334109281,214.82886847611906
258.956481977629,24.022601395956826,64.94958831151638,4.581615495661923,2380.802846859441,7.689132100912617,176.03577904017442
133.04775827890114,29.37398531945592,90.8700776049644,7.072065928208456,2026.649034372398,3.5422067803427595,178.89463475564315
223.40451436844882,26.724709975615234,174.7677950277739,1.5007479339583245,1701.8387921980375,6.942771170796391,248.80769917299935
242.78070396297164,24.84734097402498,197.07061966746068,2.115452748379955,1139.289209415282,9.41289950394277,267.0545186336114
213.66267171648863,18.846315455687012,124.0770522112342,5.4929035317994,2186.1221778662143,6.256693299249064,215.05618815480267
87.89876870002485,24.27872526909782,51.45505323845633,4.032683090621468,1113.2168716360434,1.4841012338263715,123.04823782144688
268.97077087926425,19.916371740451492,71.00672182013436,3.6623202647622373,1102.9014773427184,6.797086292790952,184.01705009616086
184.77363818400218,33.296842997033096,98.31208629743986,1.6032527113377046,1806.0757636590522,1.0490438634931132,193.5521591020407
120.61810659250092,21.70813626992694,136.78780228894246,9.061472572732013,1240.1923602769602,8.721104087930271,193.7032702135956
156.30704635942348,34.04528029066745,61.264046870797095,7.226367275125456,1011.5954010105235,5.166604958019403,164.67536989352047
59.39277259972685,25.661105801894223,191.50359480648225,2.0945634113768445,1634.6701464936793,3.8514073631157952,225.05675046281283
81.96670030560439,27.630887573523207,104.76255099266011,1.5854136196342656,1205.825847415099,0.5700659464969238,138.37603119722598
241.3866876289652,25.858808889786555,186.88763268872344,9.773852800881187,1240.773122921037,3.807837345921097,289.7807782527006
50.002908688841536,17.58761233933402,167.07827041355327,7.130552953955544,1115.365958103002,9.032066679157895,195.11209380438223
154.14145712057305,22.516424380158817,163.31559087733717,4.757104639843673,1307.6406305854148,0.2098299628630318,228.31563102856384
180.6275452713971,16.98292224555248,141.00793696733479,7.315579366802064,2073.2262696615844,4.746481577818049,212.38023278891723
63.65860500024307,27.459080883667635,144.0175725577767,7.806986078321431,2213.3909608266868,9.311580911106223,170.22403063521475
293.2695407430832,23.93748390400878,145.70048528243723,8.019659821499014,1678.800466043951,3.9484099976502107,258.4716592501447
106.53133281241799,30.559699431418736,144.30820805383732,5.300895750877519,1759.8307238221264,4.281756874621504,228.12047705678557
126.04967990907022,19.409409619987397,133.0592347097542,4.868944823123632,1048.982551891304,5.785600551991199,187.44847360022285
125.98562806375683,18.2913211685867,197.96210277243333,1.099252758420103,1103.9743920569754,4.6293733357718345,227.6212216362748
107.60416552933748,23.126644619275357,159.84358511385443,9.339014036276541,1386.3515884742753,1.6860169123755242,220.62286942801282
50.36845552157786,33.53170766436762,166.5419582588782,6.4297709055004875,1815.8476310697213,0.18555539069860405,223.58785282419856
232.33619852199908,29.208436300248234,180.86942226255113,2.828385434709713,2109.3267231024893,6.098116579787016,276.62362028963855
291.71137494982133,23.378472495858375,82.34596440887738,9.27643077479293,1907.5045920070497,9.208065870078121,208.93292892281733
106.07337082126126,25.34544339508621,62.57062386425912,9.234387115932668,1588.1917824801824,1.0636413302716563,150.2592085860417
215.7617979508556,16.684260223541965,122.43416548978979,9.902657479294863,1177.4861095047072,2.109527192527534,230.57429372135044
235.47408173967878,34.69151792752226,127.11210434289097,8.86650906825081,2171.159852330784,3.702294858249735,259.6558832938653
262.1063447726312,28.32814609389838,174.37726699248765,9.980059490380583,1545.6790773985856,8.087422290211197,308.0367043156496
155.6572992534023,20.70808136926845,116.56753689235035,3.2021756931094534,2104.081021724184,2.6926031647097757,178.71184960759885
125.7327264101073,26.716167884304888,135.6279538316469,8.580246266793107,1769.4682628715127,8.820544042787684,224.34748492776262
131.32378350575777,17.18964732137988,129.06064077701876,8.407254779161882,2107.993080342738,0.5495787465006641,186.27908860194515
228.15533327462822,34.316733376151674,55.73041756360866,3.0784632329866035,2360.934342178858,9.409566212589349,179.21570760894375
254.194866626409,18.495699757667317,142.2822344895371,1.885937941008917,2381.544274080703,5.607470778737649,235.8837915492448
95.40349193915065,27.960606361104283,174.20649286613784,9.814784623098397,1802.660170000905,6.587776784877045,229.76038069102722
142.73525203944132,19.909089250778607,73.62508221137057,3.6642209636854934,1767.262547148458,3.6768952253635314,146.48843744082566
275.4850491872875,29.351227652970714,139.14976008898935,8.838026114210255,1398.517698254256,7.819942855110603,268.65989152872595
251.67337992368482,30.53642734480562,139.04158166696214,1.037144392071435,2403.699747293937,1.6656625008440606,236.48606837307324
296.21460069061897,28.468394578228654,74.62774460845381,1.1892232649764198,1686.8787507994314,0.4891182527848703,218.47064726192747
238.56206492052019,27.28998920510385,68.5195360596104,5.192841778267315,1191.3868589310657,3.9551694310755714,169.26413844308564
148.29880025698057,32.84938187904024,197.0077914464727,3.148432155415572,1649.0573719398249,8.536957139810395,281.0933609649221
197.65945849865943,16.57253421979516,109.05787544795564,7.208571550923678,1190.579875357006,7.549268366376946,199.4398692550239
215.25356356183008,21.618295315603902,84.1132593085294,6.090078930111589,1753.7975263856126,5.17155970488958,181.4988367860502
69.61395407928099,19.96574959261692,75.69868166815624,1.697372177054423,1841.9132722843183,5.721377471653534,116.58295599771807
186.12423977596626,34.76027924130843,150.14025703748524,2.4636546668414536,1506.6336422403779,1.2989282629875543,235.31072628350034
227.3302071181524,22.78779559333747,141.41679459909182,4.492443430525729,1107.475921347227,8.406815086175822,226.15266596281322
91.8303260002651,29.652253984807974,146.5328184481126,2.6704365755988984,2415.2553034498587,7.869596829641969,200.00536026356983
245.15792935638927,28.694503277620093,63.20090412671784,8.130001125195356,2160.0296702251444,6.564703938869427,201.9998291124733
195.94319512852792,19.241624749547555,184.03018752476555,4.744632119979521,2258.3216207576816,4.661910363289384,271.2310389863677
288.05544642439867,19.779953604231025,108.38995952135724,1.8408868015824935,1550.3025914293441,9.644592682795125,211.75241360191814
60.605574551722924,20.62569127106068,97.00541096455369,5.359086120449124,2141.2465450291756,8.79031971876471,133.87375863543105
116.33153438886674,23.222545565187584,119.35421708716088,1.8175436295527274,1728.0593427537915,6.444304935146185,168.62844540484812
200.38846982495602,19.686501313010538,108.50990986214424,2.1604357487783545,1301.625232609069,3.718009977172879,184.6884299347936
124.13997805148267,15.393029654936957,179.53655047087187,3.1564884882538475,1186.63506536082,6.180222786815124,204.25569293540175
228.60604101781055,32.587861136143914,189.3891462796838,8.735749347227408,1517.5763039830854,5.754409265306654,279.8149536819999
239.75132063048275,34.31219662761768,95.51798246744093,9.321512790996747,1206.3281672127096,3.9424198783491637,244.8638212054987
75.62899101661861,21.83140774063136,179.59037111899323,8.436319563988622,2497.403464306103,3.066739716880761,227.46831726873882
178.46361605169193,21.770137588509456,167.22846942996006,4.006694956760625,1073.783485348033,4.070107922373224,224.77163832846708
177.22263889776397,15.14183625548742,189.62115085171428,3.452017969979485,1661.7153990536149,5.7391140603339785,248.10041214540811
142.32019255388525,28.60501376660748,86.86254682788316,5.9424012171121525,1678.140283585576,4.281348447110944,161.41056340815487
283.231215642418,31.508797914972575,136.54387251814688,7.496678444798011,1450.9478928725134,2.6357448820138387,252.0849193353254
256.8765799683053,17.932166007200063,91.1816877110667,9.940355093441573,1857.027348560418,7.609633177608087,193.6660974547025
224.3023454774092,18.193326987343013,173.6141735726561,2.184136406910336,1224.965536227317,5.31467495957413,259.1780321975008
228.5816589337494,30.801664999428755,50.798628585659635,1.4436279912142398,2175.8685708808507,0.6767516322559997,164.78771469807413
165.42903595327977,27.32581496708289,134.72287443295943,7.249203000957439,1498.6715773714575,3.683165056261255,194.6328295424781
280.248630274144,15.897211152554341,100.88051469078769,8.490032051535149,1887.0138846979626,8.849134572119935,222.0550014818671
223.64885681332134,27.450939809245632,98.40255606167304,8.617139018797808,2073.458854100439,7.5523653119995195,206.53431105537646
232.24526541395412,21.178354456875322,146.73594857973757,7.106171941694446,2333.563176535242,3.232467839440071,222.59902643124454
265.4227259468363,22.37450310941692,177.7226673970991,9.586142237072684,2253.6811546783,9.381831520445091,276.18860250950087
118.51789733554774,30.394628365937603,141.37930870899893,5.599042871901283,1912.4635421553394,0.7660290835821015,219.1007959691411
251.76772596667575,31.21870385345221,177.97594679700836,9.224333185025912,1582.5897705758302,9.61234703892189,290.58729506485986
98.810150739123,23.00713253679661,89.68956678215449,9.710309232923708,1754.807005112446,2.4570509248467562,180.59125425795247
136.33548806122195,33.9430587201271,127.92527821474717,8.62441711302797,2153.1021900682035,0.09094180302419264,212.13734614933594
133.90261356746066,23.129254359041447,117.5804808600614,3.7878270693275855,2316.3183138392096,4.338080365183268,184.43550208324118
294.63136709728514,30.436720704602198,51.74673492546443,2.765940860532657,1155.6728922650077,3.5897042968700865,179.49456169783642
264.1343059369817,24.67754529128518,133.52182147111102,5.9330805848363655,1577.28439373958,5.390890052067938,224.97742288415674
225.29246539756494,32.95064653044168,149.22864862192625,5.077132753421696,2164.1748976202507,7.967728605698454,260.75065303476725
231.76419040384752,33.155224873003576,138.78716066286052,8.899825079734597,1647.4776438909416,8.424308021504471,256.8069700889221
190.51819860064276,16.748336157421676,160.44198481751323,1.9002850396043836,1498.3416460994258,4.012299996116918,223.25943954067358
286.77266677712976,33.72986662620451,135.70092926796156,3.3196605518036675,1616.9840452349044,4.298457437063502,262.1793057949468
174.06468822059037,31.510696830408314,60.01253822761354,7.766190500668377,1904.267120179526,1.4817773032947368,164.24078035704463
145.12942746747365,30.82621428625334,67.4668286127067,1.854879804795809,2499.707716200702,0.47547608881163494,147.16609868419275
90.75883423289775,19.018226793710447,139.47118663159284,3.8868797261953016,1739.4886436567976,6.412149902350247,180.75507527593197
246.55141306526448,31.1023841750933,91.24687879604602,4.484398546485848,1312.7417124313909,0.6443762555269228,221.50070963324325
233.61098301889785,32.002654693700734,61.946769355214876,6.60334416906421,1244.269862918642,7.3383011942145595,200.75154125178625
146.08875963103372,20.783006689083017,114.44041151728202,2.423193811474281,1063.5246212146214,5.390901450222475,183.78578034510116
56.29835348980734,34.04520156724648,133.1483897125483,8.745440413147385,1838.2258523774822,1.985829782260834,199.9421820754508
259.74933192950266,15.997202927983285,99.31189825244098,5.027880119196468,1816.8581372332515,5.395229435126496,200.05982366207405
52.85449586351841,17.998185064942792,158.0650553338667,9.253195406925009,1307.8508901704638,1.8299771660209885,194.62871322799725
225.92494490726273,25.751622761030287,146.5655912151867,5.210829222705384,2042.9941096788505,4.38737207510412,230.71191781609576
292.56427743151426,26.515849422446195,99.9227541637508,3.4753623304666004,2111.660562444521,7.995603162422289,219.90397868084074
159.41533203705086,27.903001666018067,163.2308793362841,2.276459458189074,1388.6473080731669,4.619192934106374,216.936154468756
108.74335124898819,15.339382586309329,147.30425637995532,1.0337058524015634,1516.1496460446047,1.4869931829754823,181.59092650249892
226.21775251084543,34.20733549244261,145.6168068076853,5.789417364863521,2485.707508520885,7.238286818229451,269.9619318816831
254.28203550389628,15.89176185468288,133.01415511806022,1.964410272342311,1561.3967017761013,1.8676841627000884,225.87994162236168
186.60757901946184,17.861239054468047,51.708450213282916,4.525549872680604,2141.2025076341524,7.385498743701095,129.5504560045806
291.75881881403654,15.28029035052114,154.47607752153337,6.30344585113378,1679.08813994491,4.793522892158332,251.87295902687478
62.917180414490275,26.337168665881894,106.40626866637348,3.4811730721243026,2190.0172417914637,4.537417590943016,149.23583077108137
176.19889957613202,33.645337678419445,191.39145652379833,2.5770186312950374,2153.5348581739718,8.514350378574747,266.019635717386
229.61348683063753,28.318943321609282,172.6977156615808,7.9724946034840745,2001.6340377978036,7.086035243406688,281.33695138697584
265.6601177872948,31.453149369608546,138.15417042969682,9.521120550534585,2282.167519443369,0.3291079695493926,272.373197272639
94.8139029769475,15.2656240691716,87.8272972728904,1.903963760757694,2408.8277423165277,2.9617431460160235,158.59059705574776
250.00087044092035,25.84030596959452,80.55760899164999,2.4003129194650707,1869.9749806781258,8.709206608498986,199.3175538011005
188.17676892963632,24.191259550110438,101.05772565163237,9.640113915274467,1356.2033608341185,0.1832616854519864,202.5271080456305
149.1384204974908,24.97935888441586,121.48519153700278,1.3400579963102164,1597.9434424661126,5.452534462619703,194.31995309304898
82.92875714477339,16.444263706703758,94.40982650584206,9.79869102895425,2137.4585702699396,7.278256691739439,148.28162301890663
266.3239397272281,28.68870722138615,127.23942430887242,1.041800347764899,1976.3252276858043,6.218560854845759,221.37371044995916
89.31830204492883,25.06440829717269,74.80556382697789,8.863017900861982,1266.697507847873,7.605322021044364,158.75108971059274
127.4469648022748,30.30297699722528,196.656921923825,3.765926628889746,1076.8593117196372,7.256918489147458,262.1611198815419
122.51138299060922,24.705812681234306,66.18868324474909,9.44729972359567,2024.4423903130973,6.920306951531133,148.8358691209458
267.85350854771355,17.98763272452864,189.7916209481558,3.852507597720269,1376.6185360440181,8.215398609256521,273.26070874184535
